p_fatal,실제
0.28244102912167235,치명
0.12087976944400629,경+중등도
0.04388049413909254,경+중등도
0.10523201312080072,중상
0.4304514552967726,경+중등도
0.5496579662147737,경+중등도
0.034398187853379315,경+중등도
0.048646155777885315,경+중등도
0.1451252493970475,경+중등도
0.22687576933497308,경+중등도
0.10349815010891712,경+중등도
0.08947928411779542,경+중등도
0.1059396438576788,경+중등도
0.45008621891665185,경+중등도
0.11371357852178914,경+중등도
0.533337723338224,경+중등도
0.42912517662650607,경+중등도
0.17256373074192485,경+중등도
0.12936037681684384,경+중등도
0.10197260688512806,경+중등도
0.024992250144161048,경+중등도
0.6858170466256485,경+중등도
0.38277655727066123,경+중등도
0.143034302748655,경+중등도
0.17808605140987374,치명
0.2808740507153213,경+중등도
0.8604922112301815,경+중등도
0.03547393985415124,경+중등도
0.310788478731882,경+중등도
0.18201608980851733,중상
0.06845975599631383,경+중등도
0.21143742186063216,경+중등도
0.3143746398747613,경+중등도
0.17928020462757058,경+중등도
0.3742758978500738,경+중등도
0.7946985076529997,치명
0.4589786024716221,치명
0.4537792824496362,경+중등도
0.33154447306336454,경+중등도
0.10066282250915477,중상
0.11534940390084159,경+중등도
0.4517601284047849,경+중등도
0.023339920982724572,중상
0.036798356819204577,경+중등도
0.29878597291837683,경+중등도
0.1918512638636357,경+중등도
0.09261539960935561,중상
0.43901799132509617,경+중등도
0.0280794183292989,경+중등도
0.22257769015560394,경+중등도
0.19329624522600328,경+중등도
0.1208119431199991,경+중등도
0.14482899357682258,경+중등도
0.1213426379361231,경+중등도
0.1482344626592773,경+중등도
0.07700637037247875,경+중등도
0.21933989404071574,경+중등도
0.32531789655423404,중상
0.24042046735742661,경+중등도
0.24372027146465436,중상
0.1553902726075236,치명
0.5781465261466368,경+중등도
0.18299937533920652,경+중등도
0.15437546805390276,경+중등도
0.5051818358993164,중상
0.13390693166581794,경+중등도
0.12119141123487798,경+중등도
0.04555362902397433,경+중등도
0.03977114343432261,경+중등도
0.2690805841111467,경+중등도
0.08892829526165687,중상
0.0269892452518465,경+중등도
0.10015562174648522,경+중등도
0.05073206203819197,경+중등도
0.36111474579518515,경+중등도
0.3962524399308456,중상
0.1641552232244741,경+중등도
0.19644317865990005,경+중등도
0.38636276606701064,경+중등도
0.10551060746469108,경+중등도
0.570878546070508,치명
0.10232350796356056,경+중등도
0.03092791405438249,경+중등도
0.14936072891321064,경+중등도
0.11237016589720322,경+중등도
0.6138461130802874,경+중등도
0.12854390602915855,경+중등도
0.17942677115736727,경+중등도
0.47042003276248595,경+중등도
0.7497366020053332,치명
0.07837180626154507,경+중등도
0.0429112945596044,중상
0.10582140155269386,경+중등도
0.21239366658560402,경+중등도
0.06038372688166762,경+중등도
0.07184310388846359,경+중등도
0.3372045510126756,경+중등도
0.09057037847338152,경+중등도
0.2695256982916033,경+중등도
0.3265320589243797,경+중등도
0.254237027774393,경+중등도
0.28272244068385927,경+중등도
0.10077043147612515,경+중등도
0.2594932479278937,경+중등도
0.14635219733544255,경+중등도
0.13544394834484974,경+중등도
0.3263677914835285,경+중등도
0.08700862962736278,경+중등도
0.2770222693462987,경+중등도
0.09048725250576058,경+중등도
0.003329244033823928,중상
0.17304963119528946,경+중등도
0.24001467723912775,경+중등도
0.2887888276401816,경+중등도
0.007068882724466416,경+중등도
0.14223223556708203,경+중등도
0.3914999612539436,경+중등도
0.10464957505551753,경+중등도
0.19276668541282868,경+중등도
0.16193238687492337,경+중등도
0.10352002251619556,경+중등도
0.09647104436263883,경+중등도
0.0019199097216073692,중상
0.12232157745411487,경+중등도
0.10485636542053815,경+중등도
0.1337724392517947,경+중등도
0.3481580082581843,경+중등도
0.10697063659698046,경+중등도
0.010168986432513953,경+중등도
0.014559383239562814,경+중등도
0.07040480911748202,경+중등도
0.3829581362037406,경+중등도
0.5383245122624013,중상
0.17885545947622097,중상
0.12053447523484928,경+중등도
0.1598457608089187,경+중등도
0.6128305025924492,경+중등도
0.27170449105550193,경+중등도
0.01173606453333414,경+중등도
0.2820664321986179,중상
0.1924628576518618,경+중등도
0.011608368332753702,경+중등도
0.06517748584518733,경+중등도
0.10671438976522425,경+중등도
0.7065038396975164,경+중등도
0.21930227622683163,경+중등도
0.15403416181575721,경+중등도
0.2498939440407797,경+중등도
0.27216925268294506,경+중등도
0.6947837029840841,치명
0.08549057613665528,경+중등도
0.3788465741372087,경+중등도
0.8890449639679335,경+중등도
0.35548076465437983,치명
0.04012915969105366,경+중등도
0.19349432719441584,경+중등도
0.21543827896993492,경+중등도
0.11328716668903298,중상
0.2697329062790895,경+중등도
0.09911798534816428,치명
0.02771313054646772,경+중등도
0.3710328865831352,치명
0.2355848552216937,경+중등도
0.022483610336884355,중상
0.0919482074240966,경+중등도
0.10370023801005294,경+중등도
0.24277980354365655,경+중등도
0.28113690244043016,경+중등도
0.01673568731818957,경+중등도
0.04213717777650688,경+중등도
0.08149965351827215,경+중등도
0.2119949584880638,경+중등도
0.27518254957316807,경+중등도
0.1574343767657256,경+중등도
0.7190886761974933,경+중등도
0.06331994785026489,경+중등도
0.5959516418117691,중상
0.01922358487209477,중상
0.09766043108339424,중상
0.10021847506703092,경+중등도
0.115781443790692,경+중등도
0.7822777438621964,경+중등도
0.4298514113903698,경+중등도
0.18867926121739817,중상
0.3540840261871738,경+중등도
0.029175468974516366,경+중등도
0.19954228044577138,경+중등도
0.1427838961274797,중상
0.08030972711381366,경+중등도
0.09566254000283266,경+중등도
0.29316422696096095,경+중등도
0.16138535445318275,경+중등도
0.11932152739022488,경+중등도
0.050945291506227584,경+중등도
0.048343583862791924,경+중등도
0.17424778265408705,경+중등도
0.19254732789127096,중상
0.03058525644732121,중상
0.07077651936980758,경+중등도
0.3470036471238622,치명
0.11503749524818178,경+중등도
0.10540871280481849,경+중등도
0.11795565411471971,경+중등도
0.1962528121685462,경+중등도
0.1798454840976429,경+중등도
0.5012183595308176,경+중등도
0.6078338100052859,경+중등도
0.08695772786515886,경+중등도
0.20814189848317288,경+중등도
0.3377451445302406,경+중등도
0.16183873151556383,경+중등도
0.3350896490534809,경+중등도
0.07850632147909588,경+중등도
0.08830386865922689,경+중등도
0.3461868977510891,경+중등도
0.4472239287614119,경+중등도
0.0076094220388481,중상
0.5237009633410824,경+중등도
0.07099515158710344,경+중등도
0.1563915357372727,경+중등도
0.24387986394310765,경+중등도
0.0688606438818271,경+중등도
0.28098015617293254,경+중등도
0.38553871426463177,경+중등도
0.0415752376212619,경+중등도
0.8428477158861912,치명
0.1464281768734392,경+중등도
0.5180606436385997,중상
0.0774745765525104,경+중등도
0.02572318224144661,중상
0.19080282495986636,경+중등도
0.08127610384056835,경+중등도
0.6939668823630382,경+중등도
0.22415942582221318,경+중등도
0.12301051526476718,경+중등도
0.043628729988965866,경+중등도
0.19260096937399504,경+중등도
0.07153037684307617,경+중등도
0.060912896088356816,경+중등도
0.06533718808299759,경+중등도
0.4346595557259801,경+중등도
0.0215432605785783,경+중등도
0.18712597810173878,경+중등도
0.07723573435504687,경+중등도
0.025543608169270298,경+중등도
0.4860188993202507,경+중등도
0.09798300647900682,경+중등도
0.17536710422395876,경+중등도
0.12370641696944241,경+중등도
0.14985265338204082,경+중등도
0.16992692370896556,경+중등도
0.5017709478583187,경+중등도
0.22719593965302387,경+중등도
0.2295910967199378,경+중등도
0.356778352581482,경+중등도
0.3084990767451847,경+중등도
0.3617428073105457,경+중등도
0.007056737583851131,경+중등도
0.2363583024988473,중상
0.10635226931073438,경+중등도
0.2383528028503916,경+중등도
0.8547795078599446,치명
0.16270375969738643,경+중등도
0.02965950059929524,경+중등도
0.2927354395542235,경+중등도
0.3626210881226559,경+중등도
0.3247827194297337,경+중등도
0.33897509869252884,경+중등도
0.20109779788818258,경+중등도
0.14233696042873828,경+중등도
0.17153168427696286,경+중등도
0.5263989458933954,경+중등도
0.2440660721793051,경+중등도
0.31306729430638164,경+중등도
0.20964756068816728,경+중등도
0.2014681153025114,경+중등도
0.030497603473628416,중상
0.9090966522888168,치명
0.1184060313219925,경+중등도
0.12338078754595416,경+중등도
0.25975006769299996,경+중등도
0.036755815256339745,경+중등도
0.03251905383526558,경+중등도
0.6001247914793861,경+중등도
0.07781606753474618,경+중등도
0.18080235729587515,경+중등도
0.1877627347756611,경+중등도
0.06896264820522108,경+중등도
0.005660465506946649,중상
0.2253083492588446,경+중등도
0.10437566361485873,경+중등도
0.1865818694644633,경+중등도
0.24405235545780898,경+중등도
0.06668457691872041,경+중등도
0.3322777712611291,경+중등도
0.1384017130744163,경+중등도
0.1399374614165562,경+중등도
0.048267285124246335,중상
0.22060971102065888,경+중등도
0.17061144167954687,경+중등도
0.043843310826630455,경+중등도
0.19475631947523267,경+중등도
0.04903339854358977,경+중등도
0.4895360339306289,경+중등도
0.2011391273093012,경+중등도
0.126920659897977,경+중등도
0.15296896656581763,치명
0.7725963314449656,경+중등도
0.6404505452753504,경+중등도
0.13806430437589998,경+중등도
0.18361076333153545,경+중등도
0.2787229211281104,경+중등도
0.23906392687387065,경+중등도
0.45837356354651976,경+중등도
0.027283744635598458,중상
0.43657783262756117,경+중등도
0.4845838912028993,치명
0.7213726008926126,경+중등도
0.2199849717656898,경+중등도
0.024854494402951913,경+중등도
0.025090818618424392,경+중등도
0.04008043492053787,경+중등도
0.4841725996801909,경+중등도
0.11832906309401225,경+중등도
0.26147858452873946,경+중등도
0.2445744588827248,경+중등도
0.032220211488700565,경+중등도
0.09121752881447,경+중등도
0.07492427309063501,경+중등도
0.5430924496455514,경+중등도
0.7708242202562886,경+중등도
0.16112078957477965,경+중등도
0.3408820526249287,경+중등도
0.019883270101690786,경+중등도
0.20474081526875768,경+중등도
0.3678043883857623,경+중등도
0.3895720239808238,경+중등도
0.22054547214362732,경+중등도
0.08030284651120602,경+중등도
0.414413972596362,경+중등도
0.08344359088434856,경+중등도
0.0794235189427621,경+중등도
0.009787954973108656,경+중등도
0.42575267812450796,경+중등도
0.29685214812922217,경+중등도
0.6662974397179252,경+중등도
0.7306234617932653,경+중등도
0.08541465193148952,경+중등도
0.17756810335520343,경+중등도
0.7205901710560033,경+중등도
0.054601873989338634,경+중등도
0.13707990749888316,경+중등도
0.1268435910197435,경+중등도
0.1348138282698695,경+중등도
0.2804230852745477,경+중등도
0.16177154114480552,중상
0.2563133838059954,경+중등도
0.37193878296191657,경+중등도
0.35060422568219457,경+중등도
0.14706199810382461,경+중등도
0.23856791086559492,경+중등도
0.03973911275124895,경+중등도
0.0955349129321122,경+중등도
0.0028552608346924615,중상
0.052419251732985415,경+중등도
0.2924290454237579,경+중등도
0.1924895710397796,중상
0.20341328554884344,경+중등도
0.010393357911682095,중상
0.03277187653929181,경+중등도
0.3927533994953829,경+중등도
0.19188650271092242,경+중등도
0.02914502310034793,경+중등도
0.3606022189027298,경+중등도
0.07527076119592067,경+중등도
0.1391492839145899,경+중등도
0.28785952705504353,경+중등도
0.3596518492310011,경+중등도
0.11639494181808645,경+중등도
0.037396807941860497,중상
0.015734193949394914,중상
0.2311183151091235,경+중등도
0.15226979472747582,경+중등도
0.3487567639931841,경+중등도
0.042036104239664106,경+중등도
0.424008042515978,경+중등도
0.36676426085867075,경+중등도
0.6070780508070341,경+중등도
0.3155010613375897,경+중등도
0.19784736292737784,경+중등도
0.07249044952314379,경+중등도
0.5780396672336673,경+중등도
0.07420068527750771,경+중등도
0.11845173260108162,경+중등도
0.4266377989174041,경+중등도
0.6123478057072917,치명
0.3920535944290142,경+중등도
0.28345222391940855,경+중등도
0.34053241661397154,경+중등도
0.0038174813659807793,경+중등도
0.08609506579859988,경+중등도
0.31249886585157816,경+중등도
0.09869818939071107,경+중등도
0.30632508961524735,중상
0.02107064218431795,경+중등도
0.3198998571500887,경+중등도
0.7903713406944876,경+중등도
0.032934548139883696,경+중등도
0.21454853799405757,경+중등도
0.25026315972187824,경+중등도
0.5897415735117492,경+중등도
0.13871042260375077,경+중등도
0.17527816381494432,경+중등도
0.09653891208493665,경+중등도
0.3977320259409769,경+중등도
0.14121599983729627,경+중등도
0.03797228086257982,경+중등도
0.18005794385562882,경+중등도
0.8645955148509684,치명
0.1717404637535239,경+중등도
0.04098938510104335,경+중등도
0.05340378408004955,경+중등도
0.12905976142884037,경+중등도
0.08677525571107869,경+중등도
0.16908853299074256,경+중등도
0.1561042836588904,경+중등도
0.3551727352787313,경+중등도
0.5646673358085778,경+중등도
0.12122367199513835,경+중등도
0.08663605019317851,경+중등도
0.3305157051239423,중상
0.08385384486655556,경+중등도
0.42553839688218237,경+중등도
0.002093281231592379,경+중등도
0.1687355560459015,경+중등도
0.22504942636734646,경+중등도
0.1273491441730361,경+중등도
0.24497824714859054,경+중등도
0.2507443989586064,경+중등도
0.026450487229116523,경+중등도
0.3390311227630238,중상
0.05266467352732437,경+중등도
0.12621065445222063,경+중등도
0.20572840890102792,경+중등도
0.2507205677270013,경+중등도
0.2841659001263603,경+중등도
0.1400377586903596,경+중등도
0.8971900500755224,치명
0.05133464271037175,경+중등도
0.19743698442938493,경+중등도
0.3602801232904589,경+중등도
0.008176526966609044,중상
0.17179615718015828,경+중등도
0.5630375221551028,경+중등도
0.07960800717810351,중상
0.43164907127172136,중상
0.03608165127884927,경+중등도
0.2872295366330207,경+중등도
0.7332675016975401,경+중등도
0.2688194767471599,치명
0.10106499251453689,경+중등도
0.05993108362979258,경+중등도
0.29860538920135554,경+중등도
0.09703066667486375,경+중등도
0.08255189802515439,경+중등도
0.09791688164078338,경+중등도
0.12608974075573098,경+중등도
0.022304700791488566,경+중등도
0.12365575950552621,경+중등도
0.3175905233745713,경+중등도
0.3259116847990824,치명
0.5888940101151373,치명
0.020481041671689713,중상
0.02878219412451304,경+중등도
0.09171648094675645,경+중등도
0.0772983867866892,경+중등도
0.07814862306781531,경+중등도
0.11909233481629804,중상
0.8251275540153653,치명
0.1413466557867706,경+중등도
0.4228823209860622,경+중등도
0.26497906139446176,중상
0.07231550542905492,경+중등도
0.0979970815081108,치명
0.02263014043634073,중상
0.2124903924562173,치명
0.11910252196629577,경+중등도
0.26066824342396994,경+중등도
0.46464117059046267,경+중등도
0.12375654027901051,경+중등도
0.393936596758692,경+중등도
0.1223004785771485,경+중등도
0.4295296847182029,경+중등도
0.4165397985410433,중상
0.04924143822976854,중상
0.08019784321131553,경+중등도
0.15804189990388975,경+중등도
0.06555510122322598,경+중등도
0.4783086880288323,경+중등도
0.13503610211288064,경+중등도
0.15970101759121214,경+중등도
0.10964471202325993,경+중등도
0.44323863805481817,경+중등도
0.2954871042423654,경+중등도
0.2093435753219297,경+중등도
0.16541667969092244,경+중등도
0.2853781735973793,경+중등도
0.6912779561444746,치명
0.14563351639735925,경+중등도
0.0544808452562636,경+중등도
0.17836376413492397,경+중등도
0.17227943431242396,중상
0.049213664103284906,중상
0.051722305230116755,경+중등도
0.01589380867107866,중상
0.18769143464069696,경+중등도
0.10645626831658779,경+중등도
0.14034271655132183,경+중등도
0.02331988281808155,경+중등도
0.17689606344644052,경+중등도
0.1386995874489631,경+중등도
0.3048546468892977,경+중등도
0.04213565159930566,경+중등도
0.15553824586167117,경+중등도
0.16824237079688933,경+중등도
0.44984667341387813,경+중등도
0.5435205618978477,치명
0.20168385426488053,경+중등도
0.2819130279912386,치명
0.3208591386494745,경+중등도
0.17189087848791118,경+중등도
0.2589171198077149,경+중등도
0.4579583674541053,치명
0.01870543909767013,경+중등도
0.24044846843597448,경+중등도
0.1258243614284256,경+중등도
0.2644288144327964,경+중등도
0.36219090281549055,경+중등도
0.36504638436400877,치명
0.07703824677665973,중상
0.20819515546300363,경+중등도
0.06773972570051857,경+중등도
0.08196519813105448,경+중등도
0.6386298752034882,경+중등도
0.1799739660099883,중상
0.15267258965379396,경+중등도
0.06788817354655702,경+중등도
0.4681128150625609,경+중등도
0.2300927637793835,중상
0.17292694777126685,경+중등도
0.12721333521524772,경+중등도
0.3680565580980782,경+중등도
0.1655458661269398,경+중등도
0.03711902663103333,경+중등도
0.46239593554237396,경+중등도
0.20939195498341326,경+중등도
0.04721829745482825,경+중등도
0.18677888585429256,경+중등도
0.8303341306725783,경+중등도
0.09704886517574396,경+중등도
0.06365642466016576,경+중등도
0.04889070380434488,경+중등도
0.8959807464070456,경+중등도
0.8184892602510994,치명
0.7278747700061726,치명
0.6000048178632803,경+중등도
0.3494414592731123,경+중등도
0.7066816370230308,경+중등도
0.00987093298280831,경+중등도
0.7537609795458299,치명
0.038921369688741866,경+중등도
0.22672199529290435,경+중등도
0.49771960145871125,경+중등도
0.11534305383525563,경+중등도
0.5222756992725734,경+중등도
0.0791036036076822,경+중등도
0.13234497512755306,경+중등도
0.07700217904066751,중상
0.07323966269615621,경+중등도
0.020996574527144114,경+중등도
0.1723453051974372,경+중등도
0.08944852442286544,경+중등도
0.7471699776242137,치명
0.13948482483229593,경+중등도
0.18442465721042564,경+중등도
0.12096027857106852,경+중등도
0.07800666651752962,경+중등도
0.6922665667817283,경+중등도
0.2987693059706698,경+중등도
0.2408299999639938,경+중등도
0.3266753364737563,치명
0.07471753199535806,경+중등도
0.6305789453991782,치명
0.6002224887873351,경+중등도
0.24636917170768727,경+중등도
0.13225105415107194,경+중등도
0.1397407892044676,경+중등도
0.9604188439431418,치명
0.11113159518429087,경+중등도
0.10108262355553758,경+중등도
0.15341601494880464,경+중등도
0.018760600635100086,경+중등도
0.0638965489997467,치명
0.19908367554837705,경+중등도
0.2553714529457379,경+중등도
0.23799627444552152,중상
0.09494837687583056,경+중등도
0.06106928482766871,경+중등도
0.5038469893714037,경+중등도
0.07639775460505073,경+중등도
0.2851042912292498,경+중등도
0.8828521471796084,치명
0.5130854205122619,경+중등도
0.029516832016784355,중상
0.2839139159372775,경+중등도
0.038804172714632434,중상
0.037891270438318546,경+중등도
0.6644738401144233,경+중등도
0.31511828714538886,경+중등도
0.08856006863103694,경+중등도
0.16165709812034693,경+중등도
0.045720681851201206,경+중등도
0.20545070517149863,경+중등도
0.717540033057336,경+중등도
0.8867860414526053,경+중등도
0.10073528200846897,경+중등도
0.23806983531965895,경+중등도
0.25082268367566135,경+중등도
0.17754378829429673,경+중등도
0.32256172198375427,경+중등도
0.004420813772099303,중상
0.408151806919661,경+중등도
0.3495473808054182,경+중등도
0.17573541299495057,경+중등도
0.08841533044759715,경+중등도
0.0891394561055391,경+중등도
0.26407481079979617,경+중등도
0.020699418610182152,경+중등도
0.14043208377752334,경+중등도
0.11988280736762631,치명
0.11179273719783632,경+중등도
0.019076543927145365,중상
0.03961821297619781,중상
0.4675637162252504,치명
0.18068548223238,경+중등도
0.07789623389839019,경+중등도
0.25498642266718957,경+중등도
0.018759529511189765,경+중등도
0.34964239453491586,경+중등도
0.0029851574866288128,중상
0.9059193578902893,경+중등도
0.19598310529886098,경+중등도
0.12675423435235258,경+중등도
0.09110450397657392,경+중등도
0.054181824520544854,경+중등도
0.15582340461903132,경+중등도
0.10337468292954453,경+중등도
0.510696000559498,경+중등도
0.037308060168209325,경+중등도
0.06373237776185635,경+중등도
0.031377668723330636,경+중등도
0.033780538210606274,경+중등도
0.3872053107128874,경+중등도
0.17254769570278072,경+중등도
0.5310060897913683,치명
0.071085154901965,경+중등도
0.15103424839999205,경+중등도
0.05352740017048433,경+중등도
0.4230953049479769,치명
0.11600193776977478,경+중등도
0.4686744421760656,경+중등도
0.3486527124781691,경+중등도
0.23864827587213486,경+중등도
0.009196255615021012,중상
0.024269579852348334,경+중등도
0.5888940843230682,치명
0.17825100373966452,치명
0.20116508304870392,경+중등도
0.01668990754234456,경+중등도
0.11266481021495867,경+중등도
0.040155485191551564,경+중등도
0.4105372356845693,치명
0.05618448005233467,경+중등도
0.015576733515489915,경+중등도
0.14872199920147364,경+중등도
0.09385159908749585,경+중등도
0.18163502526693068,경+중등도
0.002006202197951982,중상
0.32426947981046816,중상
0.16284551403313666,경+중등도
0.3861193306235314,경+중등도
0.024441696038462673,경+중등도
0.18854414126008123,경+중등도
0.8098768778196415,경+중등도
0.14060566882307537,경+중등도
0.08843730085001934,치명
0.3612654147397499,중상
0.029117133867273992,경+중등도
0.24291587460235772,치명
0.22601874059207525,경+중등도
0.3744183106846923,경+중등도
0.1225324980930637,경+중등도
0.35927544903171543,경+중등도
0.10937032632117004,경+중등도
0.010322366279800618,중상
0.0036228200723944595,경+중등도
0.25683829912215855,경+중등도
0.13616250916255587,경+중등도
0.4237564288178753,중상
0.25347647452779526,경+중등도
0.5650528577800169,경+중등도
0.1290666224629569,경+중등도
0.13667496430838202,경+중등도
0.13086749924269228,경+중등도
0.2971982851747786,경+중등도
0.016627992315898715,중상
0.13979920286385641,경+중등도
0.4503240592243292,중상
0.4241200362783355,경+중등도
0.2608840382758833,경+중등도
0.24163470144883203,경+중등도
0.33571828724286706,경+중등도
0.21897516171762224,치명
0.10382135636160149,경+중등도
0.19207509989677962,경+중등도
0.08743448374239267,경+중등도
0.05140790882467464,경+중등도
0.10111925477533072,중상
0.2881482688636607,경+중등도
0.24322651424519282,경+중등도
0.8513205644116809,경+중등도
0.03639638365696788,경+중등도
0.1579311750463869,경+중등도
0.5761085083071368,경+중등도
0.10527941654982775,경+중등도
0.8854905430379829,경+중등도
0.7436810012812837,경+중등도
0.112315291191047,경+중등도
0.214359507027542,경+중등도
0.04238147644050654,경+중등도
0.2451805417512015,경+중등도
0.16214257116547584,경+중등도
0.9568597846483406,치명
0.20542533592676895,경+중등도
0.27253131652469403,경+중등도
0.2346628979882818,경+중등도
0.36344706954833805,경+중등도
0.34659615705388375,경+중등도
0.1629474493513736,경+중등도
0.031460434279987064,경+중등도
0.05228895053026416,경+중등도
0.08206601416088757,중상
0.42192641715554363,경+중등도
0.7509204453615163,치명
0.060927718453367745,경+중등도
0.04572834803511747,경+중등도
0.14345089880176604,경+중등도
0.24504273806007992,경+중등도
0.12291305580821195,경+중등도
0.02424820138219619,경+중등도
0.06930026657936376,경+중등도
0.6211962286748616,치명
0.10505537088245741,경+중등도
0.1557132073155816,경+중등도
0.47420040012205583,경+중등도
0.1700905607007169,경+중등도
0.09471699803343912,경+중등도
0.005123929291095205,경+중등도
0.13311782069808095,경+중등도
0.29706279431575594,경+중등도
0.04306349045277428,경+중등도
0.24135045042120698,경+중등도
0.11105642342649001,경+중등도
0.5129212787445897,경+중등도
0.13120749267235746,경+중등도
0.18355452465913694,경+중등도
0.08455880852847596,경+중등도
0.13199306855659154,경+중등도
0.05061135952815685,경+중등도
0.3209381603826826,중상
0.7414090002986505,경+중등도
0.042318983780056406,경+중등도
0.3302670922806486,경+중등도
0.7859375634773915,경+중등도
0.7210213018209429,치명
0.6884140648315841,치명
0.1494445945174255,경+중등도
0.21408610752401014,경+중등도
0.04181554335309051,중상
0.22873450010438914,경+중등도
0.007603151789952525,경+중등도
0.1114521564943391,경+중등도
0.08719274086383567,중상
0.11643362156021993,경+중등도
0.12304281250190034,경+중등도
0.1254879217035173,경+중등도
0.04319297069889949,중상
0.8576891789984669,치명
0.034708113820525,중상
0.01243567402512871,경+중등도
0.2572005752034066,경+중등도
0.4244395986703884,경+중등도
0.08858659599038525,경+중등도
0.05518302260741718,경+중등도
0.5075070487309357,중상
0.014494085070694445,경+중등도
0.3821951532964824,경+중등도
0.011611013866989206,경+중등도
0.14148566202421922,경+중등도
0.2354409324904183,경+중등도
0.20544374834238951,경+중등도
0.3601202548969485,경+중등도
0.458266124889152,경+중등도
0.06591177488527956,경+중등도
0.21351702125746896,경+중등도
0.22645104545070785,경+중등도
0.06950004031863612,경+중등도
0.2226433870880422,경+중등도
0.21181202942634555,경+중등도
0.048735663561942054,경+중등도
0.021188629757920557,중상
0.41969661122437346,경+중등도
0.1628646518259188,경+중등도
0.25787877591730374,중상
0.21333949227444163,경+중등도
0.04990842720051103,경+중등도
0.8389577748820186,경+중등도
0.12477073820097846,경+중등도
0.04629872780460912,경+중등도
0.09228174802835105,경+중등도
0.30472394145326037,경+중등도
0.7200171428174548,치명
0.6900077073116436,중상
0.32294486729213223,경+중등도
0.5441323976144085,치명
0.14162828269713348,경+중등도
0.6272245268430523,중상
0.36264006816978106,경+중등도
0.2104044365927896,경+중등도
0.18872606962824368,경+중등도
0.2636258169387209,경+중등도
0.15201231397069395,경+중등도
0.39783323631906864,경+중등도
0.09549748749861121,경+중등도
0.13350108098367175,경+중등도
0.07764870693856742,경+중등도
0.05209699756270717,경+중등도
0.10411598497169049,경+중등도
0.09456208809895465,중상
0.07636428511348631,경+중등도
0.16013846466007664,경+중등도
0.8598772409517564,경+중등도
0.20418231081573132,경+중등도
0.17548177591585193,경+중등도
0.11822010808975943,경+중등도
0.016857016551054534,중상
0.0886495785247201,경+중등도
0.007589567645615028,중상
0.4102587589070868,경+중등도
0.13782511041420256,경+중등도
0.13650894726171592,경+중등도
0.19425233928964605,경+중등도
0.09677741843474996,경+중등도
0.584393685168538,치명
0.36742688217615527,중상
0.258269524093456,경+중등도
0.300072845025682,경+중등도
0.3147841726193092,경+중등도
0.020662798605765677,경+중등도
0.18815933804463733,경+중등도
0.1959701877167166,경+중등도
0.4420278774092576,경+중등도
0.11123232232277558,경+중등도
0.013764717178911165,경+중등도
0.7102736193107985,치명
0.1598828199229426,경+중등도
0.10996492152801962,경+중등도
0.004915564876001237,경+중등도
0.07055424609144574,중상
0.02372825560895934,중상
0.40796836656662677,경+중등도
0.7297098017015529,경+중등도
0.058089591328541586,중상
0.23294680303081225,경+중등도
0.4020617618136717,경+중등도
0.33806444019960685,경+중등도
0.13520538275382357,경+중등도
0.19026642348912803,경+중등도
0.24643955185195962,치명
0.8275153044665631,중상
0.6564824330007301,경+중등도
0.30479405296488626,경+중등도
0.831561626789083,경+중등도
0.5596117695101853,경+중등도
0.1976318545783152,경+중등도
0.14285010004954166,경+중등도
0.3083326427741173,경+중등도
0.6857777691934266,치명
0.21326306911952944,경+중등도
0.16264914642181616,경+중등도
0.05567800962614308,경+중등도
0.019640601849545806,경+중등도
0.2703381942584986,경+중등도
0.09223356242487968,경+중등도
0.48205913182392107,경+중등도
0.3714641254221282,경+중등도
0.08561409209187226,경+중등도
0.09124360709485146,경+중등도
0.5160571077860655,경+중등도
0.14589453484058099,경+중등도
0.08675113810262115,경+중등도
0.6286163917370112,경+중등도
0.02521877297708383,경+중등도
0.1675108153395808,경+중등도
0.21677577101949264,경+중등도
0.4795803577328454,중상
0.1136249169871021,경+중등도
0.06212648197083109,경+중등도
0.49639031776522863,경+중등도
0.07618094739009158,경+중등도
0.31320841433370544,경+중등도
0.04457729929974944,경+중등도
0.010181510185228088,경+중등도
0.35016166781015473,경+중등도
0.7037001746925733,경+중등도
0.15793574729264798,경+중등도
0.11960417647960246,경+중등도
0.05942122009450454,중상
0.1766827323520833,치명
0.5856655956477588,경+중등도
0.10938447677155887,경+중등도
0.23883864349270864,경+중등도
0.28438290541754024,경+중등도
0.22475965229676872,경+중등도
0.03684575310627109,경+중등도
0.08829085789378012,경+중등도
0.18048527686758162,경+중등도
0.12613657694151084,경+중등도
0.3890246820553096,경+중등도
0.2173110283323957,경+중등도
0.755685731234351,치명
0.059436413704515155,경+중등도
0.1099795153436375,경+중등도
0.055780075885110435,경+중등도
0.4582127369394751,치명
0.36818973017529405,경+중등도
0.19434317772969442,경+중등도
0.3807884163919368,치명
0.3461729749087256,경+중등도
0.3390320358854741,경+중등도
0.08936873543333917,중상
0.2534111325831239,경+중등도
0.034148295764502595,경+중등도
0.16822245949663875,경+중등도
0.33864655319946885,경+중등도
0.09320089047241258,경+중등도
0.3753687054471639,경+중등도
0.08204194731787175,경+중등도
0.0882926064612558,경+중등도
0.09046365556209672,경+중등도
0.1339910392513575,경+중등도
0.019503489620030505,중상
0.28448645228649966,경+중등도
0.08250965656417579,경+중등도
0.2363155932039981,경+중등도
0.8015503160382474,치명
0.08369289574844817,중상
0.2607111247507367,경+중등도
0.05566651765028801,경+중등도
0.9135402866540504,치명
0.30903992578665984,경+중등도
0.38526820648778193,경+중등도
0.26461274412763613,경+중등도
0.1407404326126999,경+중등도
0.2317228391533993,경+중등도
0.07289744379618941,경+중등도
0.14777768648430864,경+중등도
0.39143424249965086,치명
0.7702934562775412,경+중등도
0.9143838968138799,치명
0.019908277595640653,경+중등도
0.5663318998511926,경+중등도
0.5264261471137549,경+중등도
0.7740552651551437,경+중등도
0.9457596442157449,치명
0.043639642353804055,경+중등도
0.0885357817619467,경+중등도
0.025263457963270498,경+중등도
0.05335343143703989,경+중등도
0.03919706832991703,경+중등도
0.11547209115385078,중상
0.04686226463790396,중상
0.10671234256983793,경+중등도
0.05649864349377478,경+중등도
0.06147678117195343,경+중등도
0.4008212991005717,경+중등도
0.12264593680762242,중상
0.07009670239730716,경+중등도
0.33875738392105487,경+중등도
0.31352520944118406,경+중등도
0.1432715288609869,중상
0.08142808733200584,경+중등도
0.010489577796781224,경+중등도
0.4399686397410112,경+중등도
0.2974342610054485,경+중등도
0.18343352132090582,경+중등도
0.3071678257774774,중상
0.14999383639572536,경+중등도
0.17888314027200455,경+중등도
0.9501547390153594,치명
0.35476022997484996,치명
0.3090481022559315,경+중등도
0.012292139146221745,경+중등도
0.04429650677832673,경+중등도
0.1863439628407788,경+중등도
0.11911035512454932,경+중등도
0.22180425470578605,경+중등도
0.3564560834836012,경+중등도
0.1828722206034763,경+중등도
0.137051930397787,경+중등도
0.07249985055634083,경+중등도
0.18887426532997229,경+중등도
0.08634741074217502,경+중등도
0.29909710671390427,경+중등도
0.5568308455763988,중상
0.6812536631585423,경+중등도
0.564068140527758,경+중등도
0.06758401804493958,경+중등도
0.18815625601626826,경+중등도
0.10915612243284877,경+중등도
0.11250757301160454,경+중등도
0.09105482118901753,경+중등도
0.17417734557931566,경+중등도
0.17093706600320813,경+중등도
0.3102845826034732,경+중등도
0.21994858076210355,중상
0.09315961042638136,경+중등도
0.08839397406999122,경+중등도
0.0075675552377582195,중상
0.9476090350552498,치명
0.18782665486538205,경+중등도
0.02481030499360275,경+중등도
0.44092882152330654,경+중등도
0.1369147699117135,경+중등도
0.07021059780107058,경+중등도
0.33855455698013825,경+중등도
0.8736086172565476,치명
0.2581655212286966,경+중등도
0.06452940048363452,경+중등도
0.37695214324654397,경+중등도
0.1166214449886727,경+중등도
0.16096957039343965,경+중등도
0.1674140615337444,경+중등도
0.04683547176599758,경+중등도
0.7565133942503482,중상
0.05484430468206077,경+중등도
0.5789616532062091,경+중등도
0.08955087374279251,경+중등도
0.2372128627893589,경+중등도
0.35743502105419855,경+중등도
0.15058692834696996,경+중등도
0.21096033529234504,경+중등도
0.1015405899118345,경+중등도
0.14490281584674544,경+중등도
0.12884299470806543,경+중등도
0.5849481946576801,치명
0.2866053106675429,경+중등도
0.15792497129646077,경+중등도
0.04353672204476854,경+중등도
0.3333944110306401,경+중등도
0.9262737020142727,치명
0.3763961409769913,경+중등도
0.5406191294615947,경+중등도
0.6731310845640915,경+중등도
0.1671786477525503,치명
0.3194978564419972,경+중등도
0.10961652975453058,경+중등도
0.0734524058820825,경+중등도
0.062196071890146844,중상
0.11194054886834041,경+중등도
0.20124232557990843,치명
0.33128505691245985,경+중등도
0.13240264345167682,경+중등도
0.04748884416136201,경+중등도
0.12436469441000571,경+중등도
0.01128301920062996,경+중등도
0.0468161130629918,경+중등도
0.23167053145401081,경+중등도
0.1577748505740721,경+중등도
0.2808697463936787,경+중등도
0.07255424914997573,경+중등도
0.2780207123784717,경+중등도
0.2056000932595933,경+중등도
0.13845292115867444,경+중등도
0.07428753441446123,경+중등도
0.07748920831827484,경+중등도
0.3825644234909012,경+중등도
0.42301147229524466,치명
0.31046336942944014,경+중등도
0.5564940105220094,경+중등도
0.1459206946883432,경+중등도
0.04305034818576878,경+중등도
0.2486010382789834,경+중등도
0.08362214691297781,경+중등도
0.3144660349638593,경+중등도
0.013090883483851299,경+중등도
0.10622601669897964,경+중등도
0.1023941983607053,경+중등도
0.4317602327919112,경+중등도
0.009855037727522524,경+중등도
0.10027149262250436,경+중등도
0.041161583576529,경+중등도
0.11214274023768149,경+중등도
0.15399538030669235,경+중등도
0.08823287242302051,경+중등도
0.5532310468117511,경+중등도
0.26263088539709295,경+중등도
0.0433342707504757,경+중등도
0.18390128910194495,경+중등도
0.08765829328212145,치명
0.15738507128700707,경+중등도
0.3182464695227815,경+중등도
0.19589089252130767,경+중등도
0.30481359696674143,경+중등도
0.1757702488410184,경+중등도
0.09189448754129581,경+중등도
0.12825152976637177,경+중등도
0.31623377430067257,치명
0.09256457803159619,경+중등도
0.16325045868035215,경+중등도
0.13435798675930158,경+중등도
0.07550363034449586,경+중등도
0.13304455527228976,중상
0.06430819833247488,경+중등도
0.17360513462149071,경+중등도
0.14137166761207684,경+중등도
0.03396628542516141,중상
0.4383922257901749,경+중등도
0.030092621046208263,경+중등도
0.510453254442618,경+중등도
0.2750891131260234,경+중등도
0.23745904643111082,경+중등도
0.20397594002667022,경+중등도
0.7765319104424259,경+중등도
0.3046287246915164,경+중등도
0.40336986023258986,치명
0.628735610077121,중상
0.20209930841737345,경+중등도
0.4036057236028035,경+중등도
0.09156894559652355,경+중등도
0.12732216770538424,경+중등도
0.027182168437742415,경+중등도
0.07546801787924995,중상
0.09444631840637362,경+중등도
0.09794235157535429,경+중등도
0.34092748324394345,경+중등도
0.19132701004465738,경+중등도
0.5456531416953253,경+중등도
0.5819789670568513,치명
0.3458093766657509,경+중등도
0.11366416187431679,경+중등도
0.751051948943399,치명
0.20272431250544865,경+중등도
0.18287854311216212,경+중등도
0.03609973577952968,경+중등도
0.12435967183422979,중상
0.25977539237350766,경+중등도
0.19530154601538954,경+중등도
0.19408764230042067,경+중등도
0.16446547451253246,경+중등도
0.41028911109802363,경+중등도
0.5608663067173515,경+중등도
0.1359370776267204,경+중등도
0.24470356825808795,경+중등도
0.36224315444566085,경+중등도
0.3247753122708243,경+중등도
0.07715009555010822,경+중등도
0.38083395595129677,경+중등도
0.1404849689867637,경+중등도
0.1953258498046305,경+중등도
0.36839801196829375,경+중등도
0.112203555257955,중상
0.07696028526084586,경+중등도
0.03934822880840553,경+중등도
0.20642237874318536,경+중등도
0.35064979206647023,경+중등도
0.13044455974153904,경+중등도
0.32858782573656803,경+중등도
0.2552071457933481,경+중등도
0.3021927765503696,경+중등도
0.3441718618883686,치명
0.32536695963082973,경+중등도
0.15161259098575583,중상
0.04340763782132661,경+중등도
0.37013424369565645,치명
0.058422095109871765,경+중등도
0.3743583627005133,경+중등도
0.11669739758489935,경+중등도
0.024433828859876997,경+중등도
0.009849521976828854,경+중등도
0.9215247226429909,치명
0.1165529492645333,경+중등도
0.44714394156329235,경+중등도
0.12477259656692763,경+중등도
0.04187218222754802,경+중등도
0.2849589759626854,경+중등도
0.026163317006161837,경+중등도
0.09673921623922921,경+중등도
0.013918383765379789,경+중등도
0.15037188799103274,경+중등도
0.1696579576178272,경+중등도
0.6494268081153644,경+중등도
0.09866830480819412,중상
0.03535482965183732,경+중등도
0.13174880728691252,경+중등도
0.8783777600186554,경+중등도
0.3335130913253918,경+중등도
0.012390525340271583,중상
0.46894466792956596,경+중등도
0.23047574680714078,경+중등도
0.04573099487847249,경+중등도
0.10599899000222945,경+중등도
0.09928999806850343,경+중등도
0.5988510667193973,경+중등도
0.04354149273727478,경+중등도
0.14378177901587508,경+중등도
0.4614498834058407,경+중등도
0.34447991295855535,경+중등도
0.3093077172051742,경+중등도
0.29087666534278905,경+중등도
0.0014031772992505467,경+중등도
0.1983903761398753,중상
0.11346626059264538,경+중등도
0.2058954407165777,경+중등도
0.2341549173385338,경+중등도
0.1374711267013072,경+중등도
0.07707156718572164,경+중등도
0.49822164571465305,경+중등도
0.17768541842260496,경+중등도
0.05467191681267406,중상
0.05899496926196327,경+중등도
0.28921593157194697,경+중등도
0.056625404004354694,경+중등도
0.18171840709879472,경+중등도
0.24965431715604178,경+중등도
0.23978345061068718,경+중등도
0.17726279339442275,경+중등도
0.2362069074072033,경+중등도
0.4947481359661809,경+중등도
0.06430705762805385,경+중등도
0.03879945553509132,경+중등도
0.1947424103515284,경+중등도
0.3522739573950098,경+중등도
0.3617332480319872,경+중등도
0.2766971734238559,경+중등도
0.5675726269551086,경+중등도
0.5092841227024999,경+중등도
0.3235731892904701,경+중등도
0.18817560148897758,경+중등도
0.04475447042016179,경+중등도
0.03949509639191628,경+중등도
0.1979664755076657,경+중등도
0.26981065210430727,치명
0.23337720380297056,경+중등도
0.03708692809317114,경+중등도
0.6611260163685803,경+중등도
0.1556866511792531,경+중등도
0.288678600640853,경+중등도
0.14421123636234098,경+중등도
0.14702576398875197,경+중등도
0.6414458392306678,치명
0.11339754759825717,경+중등도
0.5393627943931361,경+중등도
0.06036744239097838,경+중등도
0.3297367512136636,경+중등도
0.3694271920717649,치명
0.07044464548835029,경+중등도
0.09036297245226842,경+중등도
0.582878672355082,경+중등도
0.21038827515401193,경+중등도
0.08002487717237161,경+중등도
0.3373716698754378,경+중등도
0.11939656816034827,경+중등도
0.22545507568962542,경+중등도
0.08253090526248226,경+중등도
0.03579598358150122,경+중등도
0.07796089723891717,중상
0.42529637087645983,경+중등도
0.27742875922904753,경+중등도
0.006124897330619328,경+중등도
0.06681803673955021,경+중등도
0.48247222096286907,경+중등도
0.235089627330078,경+중등도
0.17633916701312802,경+중등도
0.12321134321863984,경+중등도
0.08998033883070251,경+중등도
0.18690034521251306,경+중등도
0.07108911525268229,중상
0.09070137176808639,경+중등도
0.4884577553590043,경+중등도
0.2920846915487057,경+중등도
0.09734220399487863,경+중등도
0.34116655379357397,경+중등도
0.05177317952965677,경+중등도
0.27885324419805974,경+중등도
0.2774907021733029,경+중등도
0.6585918866137412,경+중등도
0.6348498861777223,경+중등도
0.10543067785483322,경+중등도
0.08569812171463913,경+중등도
0.09482409683148545,경+중등도
0.0703517804028016,경+중등도
0.09517576530985468,경+중등도
0.4781970377951941,경+중등도
0.36962641958061293,치명
0.22880413563013072,경+중등도
0.07962718967409056,경+중등도
0.7792745408207985,경+중등도
0.24477158634373053,경+중등도
0.3813063447447147,경+중등도
0.1182182372152422,경+중등도
0.4342995312892928,경+중등도
0.06412081803872403,경+중등도
0.07964246057670192,경+중등도
0.0077987925097444495,중상
0.15886422100134415,경+중등도
0.17844921207796213,중상
0.5404182696563183,경+중등도
0.3680707997696222,경+중등도
0.17451699599669546,경+중등도
0.24038193961936064,경+중등도
0.029184004912761425,경+중등도
0.14096157718343702,경+중등도
0.09078269653831232,경+중등도
0.14614036089635116,경+중등도
0.06458390660427397,경+중등도
0.021873684952087812,경+중등도
0.18286418284373476,경+중등도
0.08993527708407922,경+중등도
0.11546532467531796,경+중등도
0.10852852425995402,경+중등도
0.6640593985364919,경+중등도
0.045559987520818274,치명
0.37882702238096905,경+중등도
0.35395421300277846,경+중등도
0.4120011138388802,경+중등도
0.27943371715773235,경+중등도
0.6464817434823474,경+중등도
0.5521011893496662,경+중등도
0.10819479546646514,경+중등도
0.7472074154173439,치명
0.09900971965260293,경+중등도
0.2360035664695793,경+중등도
0.3357995353744654,경+중등도
0.048820588769270534,중상
0.11169185873551253,경+중등도
0.11617468708873495,경+중등도
0.7549135225291282,경+중등도
0.30874194082825485,경+중등도
0.11777935054319372,경+중등도
0.2735301865183588,경+중등도
0.1332853561647909,경+중등도
0.13332106179419037,경+중등도
0.11821544622613371,경+중등도
0.17438214276711697,중상
0.033872933018640965,경+중등도
0.035229040706961944,경+중등도
0.21270476069747457,경+중등도
0.37471619520434835,치명
0.18410328322676692,경+중등도
0.29542555096542333,경+중등도
0.1204442881461053,경+중등도
0.5719548857709119,중상
0.19638660132025776,경+중등도
0.6657457962418167,치명
0.04163308655070632,중상
0.34872881422823565,경+중등도
0.4529062649129945,경+중등도
0.11367096614218246,경+중등도
0.016828321322901532,경+중등도
0.22617406047681157,치명
0.092562634246457,경+중등도
0.08062118361566212,경+중등도
0.09319594888651471,중상
0.2758884236511905,경+중등도
0.23005483644911937,경+중등도
0.20904688445187639,경+중등도
0.013806635026051534,경+중등도
0.181063001869158,경+중등도
0.23980470557045352,치명
0.10674406053313933,경+중등도
0.1261702730401645,경+중등도
0.24282078467470358,경+중등도
0.3885491345565521,경+중등도
0.13438861871686966,경+중등도
0.42791593017534063,경+중등도
0.32263659366640557,경+중등도
0.026207765614986223,중상
0.14570804005006546,경+중등도
0.13163370599198962,경+중등도
0.04081859136099249,경+중등도
0.6739631824055236,치명
0.21766072081215412,경+중등도
0.0475434121692818,경+중등도
0.06123217236042755,경+중등도
0.5944557621563241,경+중등도
0.21205022301010437,경+중등도
0.10522944379898443,경+중등도
0.24958545201627844,경+중등도
0.22025200114673002,경+중등도
0.40640047416570857,중상
0.3429638137683602,경+중등도
0.18904214703757485,경+중등도
0.17803045810018545,경+중등도
0.1588348919849507,경+중등도
0.07140344944362209,경+중등도
0.21007824426049457,경+중등도
0.09148818849540608,경+중등도
0.43311264879804234,경+중등도
0.307080245358234,경+중등도
0.6372498366804703,경+중등도
0.3917951144207829,경+중등도
0.44162968535067876,치명
0.6404417398230662,치명
0.6934368669055434,경+중등도
0.03691145196781492,경+중등도
0.005975510250342933,중상
0.46889204576998084,치명
0.05258409314733339,경+중등도
0.49570548253697577,경+중등도
0.1552711958306634,경+중등도
0.13534886271171864,경+중등도
0.6520720412538653,경+중등도
0.05991050770740167,경+중등도
0.1381272812425125,경+중등도
0.005069911852434398,경+중등도
0.05822250233498937,경+중등도
0.20434051374906495,경+중등도
0.6346442766561471,경+중등도
0.591023050853365,경+중등도
0.09142663445892553,경+중등도
0.052982862797036005,경+중등도
0.17566085916064475,중상
0.05066355994695496,중상
0.6113007478133374,경+중등도
0.2317264033764895,경+중등도
0.04648968214940704,중상
0.07450733544616833,경+중등도
0.1420137860888381,경+중등도
0.17157981647052967,경+중등도
0.05069917288911707,경+중등도
0.13912386949502803,경+중등도
0.05803983968970854,경+중등도
0.07742324751872211,경+중등도
0.00386996325218839,중상
0.5808827000107262,경+중등도
0.24292665068118588,중상
0.08852274374344982,경+중등도
0.026728264757616322,경+중등도
0.013355883840471407,중상
0.5270754994726389,경+중등도
0.015111300212497675,경+중등도
0.2865807850537525,치명
0.3192337861061572,경+중등도
0.5313667258692852,경+중등도
0.26686243262069337,중상
0.23200235666729965,경+중등도
0.008157274985367917,중상
0.08102398459380104,경+중등도
0.22146576999003664,경+중등도
0.19905458199151319,경+중등도
0.2181795789522872,중상
0.16989228220740502,경+중등도
0.0383690350570616,경+중등도
0.4373372356856288,경+중등도
0.16585182834156603,경+중등도
0.046261255089446895,경+중등도
0.15374665156233627,중상
0.07549674087746923,경+중등도
0.08021044564301238,경+중등도
0.04752396513029116,경+중등도
0.4687871087407014,경+중등도
0.1918919184956559,경+중등도
0.030906879629358706,경+중등도
0.11860413793193174,경+중등도
0.005209638618202598,중상
0.22395097458662708,중상
0.19201371864436748,경+중등도
0.5926714793476447,경+중등도
0.7676177542889535,치명
0.15798983139653835,경+중등도
0.028063849891872356,경+중등도
0.10392645652267825,경+중등도
0.12586877087387657,경+중등도
0.04957626926498037,경+중등도
0.1593577421519359,경+중등도
0.20796912310755636,경+중등도
0.034437506104100214,경+중등도
0.3311664375701863,치명
0.19667486182171298,경+중등도
0.22369931158476972,경+중등도
0.44267933852475444,경+중등도
0.09121871928345034,경+중등도
0.9173441350455285,치명
0.21630530622454539,경+중등도
0.38112174089715906,경+중등도
0.038308403673940374,경+중등도
0.074289050849751,경+중등도
0.27212557793562014,경+중등도
0.13522130930610038,경+중등도
0.03289597226919653,경+중등도
0.40428401474826264,치명
0.13610004002432272,경+중등도
0.0437379924263069,중상
0.019435876043419578,경+중등도
0.22173352762208096,경+중등도
0.5397670655602353,경+중등도
0.2524287259339391,치명
0.17536271039939988,경+중등도
0.4112188754372467,경+중등도
0.09607116690346655,경+중등도
0.10388975564785508,경+중등도
0.10833176635770116,경+중등도
0.1576692363166064,경+중등도
0.18615704554204884,경+중등도
0.027644564420443215,경+중등도
0.05468394522464934,경+중등도
0.1446974204238873,경+중등도
0.18455505248674342,경+중등도
0.407037002369999,중상
0.11044436066392087,경+중등도
0.05643161862898513,경+중등도
0.52620070481413,경+중등도
0.15649726297929836,경+중등도
0.14862675366328548,경+중등도
0.19670636359412855,경+중등도
0.026091929183208806,경+중등도
0.27254782011960876,경+중등도
0.0852399717108014,경+중등도
0.39018546338600757,경+중등도
0.10485683748606485,중상
0.045392775587798105,경+중등도
0.05337323524976915,경+중등도
0.08481908020094137,경+중등도
0.09761900980250782,경+중등도
0.22036021532609232,경+중등도
0.07185239746139954,경+중등도
0.09548995978066477,중상
0.603011346846042,경+중등도
0.004738625547390521,중상
0.13962070053967532,경+중등도
0.15194548520865728,경+중등도
0.2746420428571077,경+중등도
0.6095868151923324,치명
0.807121721186789,치명
0.10437665636003879,경+중등도
0.07761962545762367,경+중등도
0.08198514488710908,경+중등도
0.6873454703264064,경+중등도
0.06412990923212651,경+중등도
0.004067571862383656,경+중등도
0.005292035098687827,중상
0.16125571496604937,경+중등도
0.1190299712293249,경+중등도
0.04066597109838943,경+중등도
0.25574298602091033,경+중등도
0.31582519521404334,경+중등도
0.5992691282336526,경+중등도
0.42752632076556263,경+중등도
0.0776226418593041,중상
0.08444515208756813,경+중등도
0.2575521548242792,경+중등도
0.09258019090779292,경+중등도
0.017017268846256667,경+중등도
0.2332224914740102,경+중등도
0.027851767968174627,경+중등도
0.5494358999760279,경+중등도
0.07717303910626024,경+중등도
0.19563043206865885,경+중등도
0.502805489035763,경+중등도
0.16564796021334227,경+중등도
0.3026801308522046,경+중등도
0.15859741504632363,경+중등도
0.38644796223296435,치명
0.12362600979482585,경+중등도
0.07036510354109654,경+중등도
0.6925108155167391,경+중등도
0.17735499535683497,경+중등도
0.78412049741271,경+중등도
0.02381833095320816,치명
0.3936528416579324,치명
0.3677611722845753,경+중등도
0.03610066146726946,경+중등도
0.03891531518761986,경+중등도
0.2414640583516732,경+중등도
0.13236085471883108,경+중등도
0.5531544737935495,경+중등도
0.07556632773545745,중상
0.19210381217080844,경+중등도
0.06548923569007645,경+중등도
0.06277173154798225,경+중등도
0.09157405619973912,중상
0.08025612160237938,경+중등도
0.11712904744827579,경+중등도
0.14806288020947708,경+중등도
0.40720359053341276,경+중등도
0.004816481797870122,경+중등도
0.06964970409320403,경+중등도
0.3831552125683389,경+중등도
0.11555098858205277,경+중등도
0.5990177600068733,경+중등도
0.6216524050083471,경+중등도
0.0564228615872405,경+중등도
0.29645299805242664,경+중등도
0.2666469558431348,경+중등도
0.3388664549245293,경+중등도
0.10173559050930825,경+중등도
0.10541020186948973,경+중등도
0.4947776662118922,경+중등도
0.15983523561237575,경+중등도
0.6493734031387877,경+중등도
0.20219045154518264,경+중등도
0.2155276482470507,경+중등도
0.1574725276058703,경+중등도
0.03765112496830487,경+중등도
0.2353526243384139,경+중등도
0.09592933540470718,경+중등도
0.9288874698209669,치명
0.18559177111917377,경+중등도
0.07424318156386059,경+중등도
0.012194146832976387,경+중등도
0.09578320388815631,경+중등도
0.23001090887518016,경+중등도
0.2558181609444559,경+중등도
0.5422095067182918,경+중등도
0.23767420344261977,경+중등도
0.08869613221851208,경+중등도
0.04121605023031782,경+중등도
0.05136987988537021,경+중등도
0.08820416061903319,경+중등도
0.7546183589712281,치명
0.304704197950827,경+중등도
0.05049788739044505,경+중등도
0.09610160122372814,경+중등도
0.11276437203196676,중상
0.15813817390828752,경+중등도
0.04269915957578244,치명
0.18235672636815825,경+중등도
0.13468911101902828,경+중등도
0.47237670281414684,경+중등도
0.5729821323467736,경+중등도
0.3244064337011365,경+중등도
0.305529545934737,경+중등도
0.37682997728725237,경+중등도
0.5314747897294838,경+중등도
0.31265966285636604,경+중등도
0.049827061448055265,경+중등도
0.03830494381156389,경+중등도
0.10514851152134279,경+중등도
0.3290924482251069,경+중등도
0.12264644899664079,경+중등도
0.15907082459871624,경+중등도
0.24666851182813546,경+중등도
0.03584996021168315,경+중등도
0.1895566724528112,경+중등도
0.5679165862816031,치명
0.12869746746088162,경+중등도
0.10412128407529435,경+중등도
0.29162338884527034,경+중등도
0.2081558275159386,경+중등도
0.5044354718024193,경+중등도
0.742587871442313,치명
0.16735979370154755,경+중등도
0.10510588287544638,경+중등도
0.044702015878478135,경+중등도
0.18915332506877378,치명
0.8125338239012873,중상
0.012161225913662704,경+중등도
0.2516887662686796,경+중등도
0.21254273174250585,경+중등도
0.4727200541993691,중상
0.038320055683650975,경+중등도
0.21737016163745074,경+중등도
0.937491962463484,치명
0.08312517714556521,경+중등도
0.13523157762618224,경+중등도
0.1105353033430646,경+중등도
0.08080267647563256,경+중등도
0.1977115613566686,경+중등도
0.2855894115837825,경+중등도
0.8517210421713238,경+중등도
0.08101762706114861,경+중등도
0.0627263913208436,중상
0.467172337407119,치명
0.4366781350413392,경+중등도
0.03004503992806892,경+중등도
0.3026210658593443,경+중등도
0.10204376791842491,경+중등도
0.1151709361883246,경+중등도
0.007773669753452714,중상
0.14583584579553308,경+중등도
0.06404848825432045,경+중등도
0.003881223333947864,경+중등도
0.37440592492924357,경+중등도
0.02578337564666557,경+중등도
0.023425838435726553,중상
0.1001868357985405,경+중등도
0.11658676264664697,경+중등도
0.12608799940375662,치명
0.1948963843286858,경+중등도
0.2544697805858258,경+중등도
0.502012130764763,치명
0.13576435871113512,경+중등도
0.356658001611834,경+중등도
0.17989466463059853,경+중등도
0.5381045997093605,치명
0.6202383539270456,경+중등도
0.03267537135682485,경+중등도
0.26199495395719086,경+중등도
0.16183499467658738,경+중등도
0.1637329367210091,경+중등도
0.04412715570835627,경+중등도
0.07173429589452997,경+중등도
0.14966273801498517,경+중등도
0.23564583405690467,경+중등도
0.6677285490218954,경+중등도
0.19091171798987294,경+중등도
0.43443761021180033,경+중등도
0.03434039007970208,경+중등도
0.07277353139056689,경+중등도
0.2777570146370391,경+중등도
0.1398138085663642,경+중등도
0.5396066301333419,치명
0.1128195268016537,경+중등도
0.021130166286557252,경+중등도
0.5466406863044423,치명
0.13941103155123455,경+중등도
0.17489585041099978,경+중등도
0.29879971155648805,경+중등도
0.2160974649237797,경+중등도
0.1051166350904199,경+중등도
0.157368091988185,경+중등도
0.10370637164169177,경+중등도
0.3558027135419255,경+중등도
0.05292985589903215,경+중등도
0.16733742268787374,경+중등도
0.3228005385388541,경+중등도
0.49441234705652953,경+중등도
0.1386470635816142,경+중등도
0.18931827528059822,중상
0.34286965611334647,경+중등도
0.1717556754807037,경+중등도
0.12994739617980994,경+중등도
0.007533596749610722,중상
0.07474207155953681,경+중등도
0.034108349306138465,경+중등도
0.13379466921765845,경+중등도
0.0034730379147883982,중상
0.32021242868394956,경+중등도
0.2724675469136577,경+중등도
0.08632506587221904,경+중등도
0.05952783751263174,경+중등도
0.22204709929510957,경+중등도
0.11393321358504478,경+중등도
0.10082142660488246,중상
0.18015454243756976,경+중등도
0.10674035732908554,중상
0.9316026446268499,치명
0.47658601395342154,경+중등도
0.19829074327791862,중상
0.12780271083271216,경+중등도
0.3061761054111822,중상
0.1308201277272789,경+중등도
0.33544699005675777,경+중등도
0.23017888477968063,경+중등도
0.019787629264653075,경+중등도
0.4305644632198457,경+중등도
0.21979504447175488,경+중등도
0.7323937942296617,경+중등도
0.225059833259498,경+중등도
0.2521479937379469,경+중등도
0.11236449728017851,경+중등도
0.11497317320722196,경+중등도
0.13484535917296123,경+중등도
0.12268973257444948,중상
0.6594717062214421,경+중등도
0.4657272438843054,경+중등도
0.003195709795220584,중상
0.03379407152835718,중상
0.4084942295293816,경+중등도
0.13507833219032775,경+중등도
0.06943464706320333,경+중등도
0.0797137464565642,경+중등도
0.04476597789267354,경+중등도
0.4451288316433837,치명
0.04814084379812384,경+중등도
0.4446921998348008,경+중등도
0.04129748825186048,경+중등도
0.20646142451055352,경+중등도
0.16161217762324556,경+중등도
0.2093192814011102,경+중등도
0.18372294552016952,경+중등도
0.09120281276045357,경+중등도
0.008266143283308913,중상
0.7802244956098717,치명
0.28918942217180815,경+중등도
0.21198411798173236,경+중등도
0.23899200371148946,경+중등도
0.14952900578767758,경+중등도
0.10582294949028996,경+중등도
0.47358653780792287,치명
0.8740680869848884,치명
0.7108782209024088,경+중등도
0.3670832497167429,경+중등도
0.18486982408241925,경+중등도
0.36320488741618445,경+중등도
0.46081335522690964,경+중등도
0.002901512990138185,경+중등도
0.18665880498273157,경+중등도
0.095729311506673,경+중등도
0.22658328040085354,경+중등도
0.10273963659066106,경+중등도
0.10820571736095184,중상
0.7849340260687264,치명
0.111256098133748,경+중등도
0.01178479070388635,경+중등도
0.3342649102831352,경+중등도
0.13478299484037037,경+중등도
0.07838175348778251,중상
0.23414361507466785,경+중등도
0.12941702754772563,경+중등도
0.12822854488326607,경+중등도
0.07478674786245747,경+중등도
0.1445118334110597,경+중등도
0.1921341686188689,중상
0.37669601890847365,경+중등도
0.01765385887391084,중상
0.41219910656211445,경+중등도
0.028944997511287988,중상
0.4410152711410051,경+중등도
0.15149486817551386,경+중등도
0.4285325617939662,경+중등도
0.07973062985736436,경+중등도
0.17124766298312466,경+중등도
0.2323791453843349,경+중등도
0.0187905197930478,경+중등도
0.3672841917355938,경+중등도
0.585951755671445,경+중등도
0.06947702701347656,경+중등도
0.04662199388921797,경+중등도
0.5093411091448445,경+중등도
0.27615828884700044,경+중등도
0.061633551057290015,경+중등도
0.09364549624342737,치명
0.14309751380223568,치명
0.08842785716642991,경+중등도
0.13980406209858487,경+중등도
0.33843428538905557,경+중등도
0.03993450968569342,경+중등도
0.7029741699982882,경+중등도
0.006201655776551164,경+중등도
0.11169014514282853,경+중등도
0.05189831460675126,경+중등도
0.3815198986218169,경+중등도
0.08503248249495536,경+중등도
0.6273787126355703,경+중등도
0.0732461608374394,경+중등도
0.016431993313617034,경+중등도
0.008139312698561678,중상
0.04927114414328595,경+중등도
0.5359710032754684,치명
0.02097076094245919,중상
0.0029287500686062,중상
0.5226539256730586,경+중등도
0.2950644826566924,중상
0.5757566449180089,경+중등도
0.2304887762822808,경+중등도
0.546173823014593,경+중등도
0.11289235599772934,경+중등도
0.1698370734640365,경+중등도
0.14156535252972205,경+중등도
0.26232120542572673,경+중등도
0.016123529526299394,경+중등도
0.10170570062977845,경+중등도
0.3669139754127451,경+중등도
0.07042008046007282,경+중등도
0.2995472291207637,경+중등도
0.7159018822423088,치명
0.11418593391869258,경+중등도
0.16143420318466084,경+중등도
0.20612109442146878,경+중등도
0.2151758211721719,경+중등도
0.08857790562582424,경+중등도
0.057904991704128606,경+중등도
0.051564705260050754,중상
0.09085073480568277,경+중등도
0.3573712295858631,경+중등도
0.03046081297344171,경+중등도
0.1914425871853689,경+중등도
0.20461019778859946,중상
0.35533060806927114,경+중등도
0.03705853330178043,경+중등도
0.33766655203377205,경+중등도
0.28711162552737624,경+중등도
0.06106584869686752,경+중등도
0.1513529354745471,중상
0.5210386143381281,경+중등도
0.3582586905332176,경+중등도
0.1957512394836236,경+중등도
0.20494147653902295,경+중등도
0.3412172450793238,경+중등도
0.030126433993211424,경+중등도
0.1525688120073236,경+중등도
0.22318889754447988,경+중등도
0.03163906431545769,경+중등도
0.6939248008029691,경+중등도
0.14750606226213372,치명
0.4006144735310841,경+중등도
0.40109035732929826,경+중등도
0.024680117404019982,경+중등도
0.0922787220592003,경+중등도
0.10786900976938152,경+중등도
0.10078586619024925,경+중등도
0.42700458056891244,경+중등도
0.08988383501764234,중상
0.11171662804416677,경+중등도
0.1812046387000427,경+중등도
0.08893913625980389,경+중등도
0.11712369290922232,경+중등도
0.05658405521506219,경+중등도
0.1594437277295471,경+중등도
0.052825755841680755,경+중등도
0.37419332095051766,경+중등도
0.4039966002931907,경+중등도
0.21785409207756792,경+중등도
0.3240641014015421,경+중등도
0.22731985482053216,경+중등도
0.7068156569785677,경+중등도
0.021769534524153353,경+중등도
0.05328937856082442,경+중등도
0.19068092617672538,경+중등도
0.023631607388708602,경+중등도
0.10090709694311739,경+중등도
0.08406760257351553,경+중등도
0.20644237927909245,경+중등도
0.09128056248290788,경+중등도
0.38545576780968754,경+중등도
0.2007353434298722,경+중등도
0.04874752147810462,중상
0.20355553003589147,경+중등도
0.10836792355024417,경+중등도
0.09534209879949344,경+중등도
0.09096868433075748,경+중등도
0.16641727189237152,경+중등도
0.29258776918372204,경+중등도
0.2530753457140487,경+중등도
0.1965790081780107,경+중등도
0.5739226734193851,경+중등도
0.11569474949178092,경+중등도
0.062244222062480425,중상
0.2860295119450325,경+중등도
0.16645347420538548,중상
0.06558920598691394,경+중등도
0.5529810745524527,경+중등도
0.1772691815635273,치명
0.36059714831619605,경+중등도
0.7247191983184171,경+중등도
0.11750050432930881,경+중등도
0.09177018880600564,경+중등도
0.8988561169767539,치명
0.11316128362548951,경+중등도
0.4043813907538716,경+중등도
0.16323611470741511,치명
0.11503027133127182,경+중등도
0.2132890033388349,중상
0.1375768988985714,경+중등도
0.2714001696174176,경+중등도
0.23538535527141694,경+중등도
0.48355080817529134,경+중등도
0.32277840605907904,경+중등도
0.1839230907294922,경+중등도
0.2946774538870074,경+중등도
0.08548125754809366,경+중등도
0.13325321318384675,경+중등도
0.21084658165911505,치명
0.024621367853549642,경+중등도
0.4031153418509838,경+중등도
0.8357812555602836,중상
0.24801634778041826,경+중등도
0.060333434848894446,경+중등도
0.9246965314925945,치명
0.3204356295580708,중상
0.08138835642736353,경+중등도
0.06799085578107282,중상
0.26230946288832685,경+중등도
0.36529561710430786,경+중등도
0.33564074332215776,경+중등도
0.016272394424304632,경+중등도
0.031096779805229176,경+중등도
0.09405948354358533,경+중등도
0.031910060693599675,중상
0.1594358271293219,경+중등도
0.2088348953700331,경+중등도
0.17449444500277164,경+중등도
0.24199042146144853,경+중등도
0.5428895402619726,경+중등도
0.18244435432556871,경+중등도
0.2756063600367777,중상
0.22922086414760123,중상
0.24841771045267982,경+중등도
0.5465318387581573,경+중등도
0.5732565337270973,치명
0.1376124042084579,경+중등도
0.12462262891985905,경+중등도
0.16147395972256806,경+중등도
0.6718764525849931,경+중등도
0.1701951916472129,경+중등도
0.09798358775306477,경+중등도
0.30754308570870964,경+중등도
0.4192003797042882,경+중등도
0.04297212198169903,중상
0.7325014739726528,경+중등도
0.19843074002978897,경+중등도
0.019209966278566776,중상
0.25576479802134994,경+중등도
0.172000132927982,경+중등도
0.05455462582422895,경+중등도
0.050277480099641815,경+중등도
0.2991751455986283,경+중등도
0.3176070524286027,경+중등도
0.0446417516951739,경+중등도
0.06072681804148222,경+중등도
0.28844843709293894,경+중등도
0.20970263719578922,경+중등도
0.07378058259534646,경+중등도
0.2288339527591958,경+중등도
0.07385566116635577,경+중등도
0.5443038714107008,경+중등도
0.12497000270507393,경+중등도
0.1633293250288352,경+중등도
0.04319792688704407,중상
0.17418663423639344,중상
0.2212796171683402,경+중등도
0.00368112255168391,중상
0.020555498155601454,경+중등도
0.6928981221076601,경+중등도
0.08489747159774486,경+중등도
0.2534353303147041,경+중등도
0.14250736532584582,경+중등도
0.0898011334008695,경+중등도
0.23126963560814592,경+중등도
0.5856903195169271,경+중등도
0.27595708889409204,경+중등도
0.38201558009459663,경+중등도
0.4201873832983199,경+중등도
0.04756675359784124,경+중등도
0.14643512372937953,경+중등도
0.048668850335719195,경+중등도
0.08076114772858076,경+중등도
0.15598182088978638,경+중등도
0.10201480071588054,경+중등도
0.0022742365620610633,경+중등도
0.4682209650584266,경+중등도
0.05909906439673546,경+중등도
0.10849602589420637,경+중등도
0.3044954294896892,경+중등도
0.03518000336079461,치명
0.24232520729632415,경+중등도
0.33690080411296924,경+중등도
0.00778283226723168,중상
0.04034616096680066,경+중등도
0.0513844124448205,경+중등도
0.3347775790926128,경+중등도
0.411415307274098,경+중등도
0.16740007755608685,치명
0.5703498401878965,치명
0.06437971661483256,중상
0.3464501027420261,치명
0.13577000465263525,경+중등도
0.0737772727175951,경+중등도
0.3621882659844268,경+중등도
0.09875098333600081,경+중등도
0.20955202590322028,경+중등도
0.1041788343031526,경+중등도
0.13064116226960543,경+중등도
0.10296632866039301,경+중등도
0.31163380148261893,경+중등도
0.1634674251226616,경+중등도
0.37663482804004866,경+중등도
0.28670303329182656,경+중등도
0.20644207780313187,경+중등도
0.590479216269457,경+중등도
0.02610222388911108,경+중등도
0.17027853124759829,경+중등도
0.038010737914032484,경+중등도
0.14819739247643407,경+중등도
0.08307952198801882,경+중등도
0.3102846742988781,경+중등도
0.10512533030973577,중상
0.2394243553979399,경+중등도
0.36376583468893475,경+중등도
0.14308895892943094,경+중등도
0.14136028994970445,경+중등도
0.0025956973789742635,중상
0.2369696126000853,중상
0.27118800260631487,경+중등도
0.017420004026832605,경+중등도
0.7704263856062511,경+중등도
0.13157068200917424,경+중등도
0.2033680338864977,경+중등도
0.04065344126643448,경+중등도
0.18134166139189567,경+중등도
0.3065665209005441,경+중등도
0.02267626111453297,중상
0.6939687800399145,경+중등도
0.061766705302036706,경+중등도
0.01884163313813354,중상
0.1152704510649701,경+중등도
0.3431666781774001,경+중등도
0.30536330660583455,경+중등도
0.440801025682783,경+중등도
0.354722180487385,경+중등도
0.1861787257857397,경+중등도
0.2285569084620045,경+중등도
0.009510126983844238,경+중등도
0.9221724412577842,치명
0.3425076806863208,경+중등도
0.07600657321361015,경+중등도
0.6027497517428818,경+중등도
0.21562825160249854,치명
0.02736046592308182,경+중등도
0.0742160713815857,중상
0.2411585547539387,경+중등도
0.02896096033569061,경+중등도
0.061898912593275644,경+중등도
0.04634570231445783,경+중등도
0.36457317303805853,경+중등도
0.005170565493160274,경+중등도
0.1686575978296773,경+중등도
0.13921433497655236,경+중등도
0.05687755700723208,경+중등도
0.04858075500330847,경+중등도
0.05844426512103623,경+중등도
0.2830909517132324,경+중등도
0.21141869404320865,경+중등도
0.005524836867393552,경+중등도
0.564692254044188,경+중등도
0.03467732728476737,중상
0.20734785366411956,경+중등도
0.7881235869917997,경+중등도
0.044257021683846376,경+중등도
0.8932727456895474,치명
0.08746493824711048,경+중등도
0.00995285426644577,경+중등도
0.2173467212773186,경+중등도
0.11103474189090516,경+중등도
0.31200427373193107,경+중등도
0.37481296494944605,중상
0.5074604873533427,경+중등도
0.22629071454047742,경+중등도
0.07246053929797584,경+중등도
0.45580503978338394,경+중등도
0.1531349586031373,경+중등도
0.165875613700858,경+중등도
0.1358337014990573,경+중등도
0.41761231770318447,경+중등도
0.5072533900255195,치명
0.6865435616344794,경+중등도
0.211789433679204,경+중등도
0.3508170627514695,경+중등도
0.1318213484460358,경+중등도
0.45530852239859215,경+중등도
0.1730968531287275,경+중등도
0.08128712696407882,경+중등도
0.060083177868034764,경+중등도
0.1587997796924245,경+중등도
0.048346514981726506,경+중등도
0.08491106628956492,경+중등도
0.15648486223103272,경+중등도
0.127174073521979,경+중등도
0.06168442597011772,경+중등도
0.02316914242422914,중상
0.06858937312257575,경+중등도
0.15021916971671256,경+중등도
0.29111020007455557,경+중등도
0.5548690420034025,경+중등도
0.15808282923268627,경+중등도
0.03168998632284336,경+중등도
0.20359870852761797,중상
0.36609185425294005,치명
0.35794947310066333,경+중등도
0.33649157700442145,경+중등도
0.3577962059908754,경+중등도
0.17426043089563312,치명
0.10355197759004486,중상
0.043796016839744906,경+중등도
0.6528044956107638,경+중등도
0.08523079114063946,경+중등도
0.29928054585508007,경+중등도
0.01843330665238239,경+중등도
0.15630479764537064,경+중등도
0.9414049867327524,경+중등도
0.10193626348088602,경+중등도
0.12182585346774695,경+중등도
0.36858449381218494,경+중등도
0.02646985820101869,중상
0.06295699463152453,중상
0.07283516984817696,중상
0.135766278864646,경+중등도
0.03749988583659146,경+중등도
0.0733157922286458,경+중등도
0.19614993622855872,경+중등도
0.0487948914684366,경+중등도
0.004325271961216773,중상
0.7096133043749496,경+중등도
0.06956341734310655,경+중등도
0.6063220151994914,치명
0.2697184966875051,경+중등도
0.06843105324042988,경+중등도
0.5486106881417575,치명
0.2391221183660448,경+중등도
0.3599827318239934,경+중등도
0.28939168452679304,경+중등도
0.12157564046895271,경+중등도
0.08070080903911026,경+중등도
0.27175566715532,경+중등도
0.08618942234013187,경+중등도
0.04204847648962864,경+중등도
0.04479605848448354,경+중등도
0.15428767334252372,경+중등도
0.3373491587980208,경+중등도
0.013162467733946663,경+중등도
0.29128090660978123,경+중등도
0.2065281367635378,경+중등도
0.03704908704149914,경+중등도
0.8952736403668166,치명
0.4664416757677102,경+중등도
0.1279700664781011,경+중등도
0.2764839340651064,중상
0.4361739717146686,경+중등도
0.19215917899268964,경+중등도
0.4284059282094375,경+중등도
0.25056010905470777,치명
0.652510457812297,경+중등도
0.15044940438424745,경+중등도
0.6255777025345061,경+중등도
0.19096648247510775,치명
0.312707073001279,중상
0.10202959868362949,경+중등도
0.0665897353134345,경+중등도
0.18287170516858456,경+중등도
0.07988787704743498,경+중등도
0.02622505134727539,중상
0.2724501911048988,경+중등도
0.09915100448351395,경+중등도
0.026884970870060896,경+중등도
0.036665856197165274,경+중등도
0.4469887198286934,경+중등도
0.2852065661762689,경+중등도
0.07789645986462597,경+중등도
0.42885703867769576,중상
0.4273702751319102,경+중등도
0.02702066128630566,경+중등도
0.4437625864233865,경+중등도
0.272187128878376,경+중등도
0.030203838788682453,중상
0.28129602894858435,경+중등도
0.08806879149826934,경+중등도
0.06911695199608177,경+중등도
0.27065249994026536,경+중등도
0.4163104236681674,경+중등도
0.4673403811523525,경+중등도
0.24944714031586246,경+중등도
0.3838811398534552,경+중등도
0.13800693953702822,경+중등도
0.16598060684386498,경+중등도
0.7463113039089322,치명
0.3635671868998533,경+중등도
0.02376518761835143,경+중등도
0.11721644125561266,경+중등도
0.08951228378132008,경+중등도
0.40186865414314177,경+중등도
0.4259700057833955,경+중등도
0.06038979437727676,경+중등도
0.5931261999726682,경+중등도
0.19522920861582707,치명
0.452654688026546,경+중등도
0.1050935861638811,경+중등도
0.12870867055598048,치명
0.0792143834020952,경+중등도
0.04108570455199435,경+중등도
0.19501946907897674,경+중등도
0.03977993436196755,경+중등도
0.11837819446888291,경+중등도
0.40945577125719196,경+중등도
0.04139402327585135,경+중등도
0.05708163805114309,경+중등도
0.12552620114062663,경+중등도
0.01992899279117297,경+중등도
0.3676495101722497,경+중등도
0.15351828542719007,경+중등도
0.09707418312713594,경+중등도
0.161121657796372,경+중등도
0.36278022619131517,경+중등도
0.08530613553175466,경+중등도
0.4699184854103347,경+중등도
0.24459248138067216,경+중등도
0.06474824695071742,경+중등도
0.23999734626572455,경+중등도
0.43312618271829767,치명
0.49575641646497354,경+중등도
0.17828499817997726,경+중등도
0.12198661446640165,경+중등도
0.26146399487603295,경+중등도
0.11505322684573945,경+중등도
0.14048889569781844,경+중등도
0.03501573814481893,경+중등도
0.2563079810882675,경+중등도
0.0692213004725228,경+중등도
0.6805915715523861,치명
0.04907484494766926,경+중등도
0.18780990809507184,경+중등도
0.04378588187969864,경+중등도
0.25283488155649814,경+중등도
0.39687302670958896,경+중등도
0.20585146787978714,중상
0.08106743902856474,경+중등도
0.11281582335954667,경+중등도
0.401365478313556,중상
0.2808991535055901,경+중등도
0.5466351882956438,경+중등도
0.27770714747703434,경+중등도
0.11800522484821285,경+중등도
0.11311339237103257,경+중등도
0.20285951041208516,경+중등도
0.44438305005657036,경+중등도
0.2441108475914315,경+중등도
0.5484741069167095,경+중등도
0.3494621868594328,경+중등도
0.048668244155948004,경+중등도
0.08514731115639808,경+중등도
0.22676389811405206,경+중등도
0.14546874086501746,중상
0.020882093185062667,중상
0.1139632403967973,경+중등도
0.1026286561059,경+중등도
0.29497058436815476,경+중등도
0.18449212106925783,경+중등도
0.03699979545639317,중상
0.06175341622708246,경+중등도
0.10352033731270176,경+중등도
0.08738690192287916,경+중등도
0.5159675576274007,경+중등도
0.21399332425570758,경+중등도
0.04820923344831102,경+중등도
0.09417440362459976,경+중등도
0.4526119748463772,치명
0.1097204095225548,경+중등도
0.06992913228480556,중상
0.13839535611184972,경+중등도
0.5842233784665831,경+중등도
0.059931485671639306,중상
0.04999868293553645,중상
0.1618182053654619,경+중등도
0.2609404395474409,경+중등도
0.3074100439494111,중상
0.10845268987139474,경+중등도
0.1051506238324328,경+중등도
0.14086671039234516,경+중등도
0.1112761382277002,경+중등도
0.47758056789271053,경+중등도
0.2686015689055121,경+중등도
0.16421936264755402,경+중등도
0.22840707635253155,경+중등도
0.331332094550643,치명
0.05091665456462499,경+중등도
0.09979579807667648,경+중등도
0.25227687876592625,중상
0.24539310440534146,중상
0.14628464909284078,경+중등도
0.36193450215709405,경+중등도
0.15017873438410637,경+중등도
0.048465004585862094,경+중등도
0.7873206362747457,경+중등도
0.26089467240289704,경+중등도
0.020791440039549507,경+중등도
0.08629115028343688,경+중등도
0.2260071590725535,중상
0.16869922875422882,중상
0.11414973182786563,경+중등도
0.24603918149478798,경+중등도
0.0064275919913152095,중상
0.01831017290465367,경+중등도
0.2071219603270765,경+중등도
0.3191824334981672,경+중등도
0.027742081646804334,경+중등도
0.8660096077801359,경+중등도
0.19490962190458225,경+중등도
0.09938831122151402,경+중등도
0.30106163824650517,경+중등도
0.6239685612486813,경+중등도
0.06687095183642511,경+중등도
0.2058386347676063,경+중등도
0.7896239629358736,경+중등도
0.05430823469017578,경+중등도
0.6464520011018754,경+중등도
0.058383822332952785,경+중등도
0.6336404496929179,치명
0.03327005719575812,중상
0.1680522915682162,경+중등도
0.41279815668821507,경+중등도
0.7040496672857482,경+중등도
0.11088177828667056,경+중등도
0.47117980943715354,경+중등도
0.3517970155475329,경+중등도
0.3704170812897288,경+중등도
0.1600325262897103,경+중등도
0.16276534333857898,경+중등도
0.14528483758576874,경+중등도
0.15883696715797646,경+중등도
0.462587496041536,경+중등도
0.22099384054765614,경+중등도
0.4644800458294276,경+중등도
0.5243955112312014,경+중등도
0.16089556666254692,경+중등도
0.05249782945023399,중상
0.09730617744140753,경+중등도
0.3941435526869119,경+중등도
0.06668741558897612,경+중등도
0.1528251212868025,경+중등도
0.24224549566850506,경+중등도
0.16750493616665377,경+중등도
0.32730027912021437,경+중등도
0.1968672502251949,경+중등도
0.10954100285960984,경+중등도
0.0857231049244291,경+중등도
0.5530106913614351,경+중등도
0.2606302735309643,치명
0.23524793416765336,경+중등도
0.19930895563991036,경+중등도
0.39617705633935696,경+중등도
0.4589840511345143,경+중등도
0.10638451428333491,경+중등도
0.16592208263256553,경+중등도
0.05347083413130205,경+중등도
0.054790945832191316,경+중등도
0.04975453396626223,경+중등도
0.09848249534411137,경+중등도
0.14114428669933232,경+중등도
0.08340639807204293,경+중등도
0.7155406917769405,치명
0.03462591618907631,중상
0.023764727064809855,경+중등도
0.09890597696918291,경+중등도
0.06003373238619845,경+중등도
0.4785236595992374,치명
0.2725611177450314,경+중등도
0.16294679098311085,경+중등도
0.12250700129279733,치명
0.33407279082057423,경+중등도
0.21691964147249596,경+중등도
0.3104160687652882,경+중등도
0.16003728093340505,경+중등도
0.5510232851308273,경+중등도
0.3937609066710405,경+중등도
0.1472799150249262,경+중등도
0.08757110348460295,경+중등도
0.12409981785091766,경+중등도
0.12692274451624083,경+중등도
0.11669303265667497,중상
0.10399479690123703,경+중등도
0.4663789682314552,경+중등도
0.5612616197386742,중상
0.4100712568613927,경+중등도
0.31679527703529803,경+중등도
0.3893087171002636,경+중등도
0.036450136151554215,경+중등도
0.23282316724171115,경+중등도
0.5394714943247166,경+중등도
0.04403942121035418,경+중등도
0.11896415571571824,경+중등도
0.564809811743531,경+중등도
0.13179090508477234,중상
0.13759530196807182,경+중등도
0.02856661848679044,경+중등도
0.12819801939290956,경+중등도
0.20382162795873313,경+중등도
0.09522613870680495,경+중등도
0.18906643637366438,경+중등도
0.1712538164123035,경+중등도
0.08284106855996674,경+중등도
0.6804048255067623,경+중등도
0.0098703508112569,경+중등도
0.3311764035759313,경+중등도
0.23417632467007934,경+중등도
0.12036426792137911,경+중등도
0.7662818805274821,치명
0.00409527832058356,경+중등도
0.4432100842042222,경+중등도
0.08004843995762641,경+중등도
0.20333957193327,경+중등도
0.8442497650809789,치명
0.4214006646930158,경+중등도
0.4583018473352509,경+중등도
0.30470581800676827,경+중등도
0.07277866309925406,경+중등도
0.41873287597984316,경+중등도
0.2568175471589442,중상
0.24067821041769208,경+중등도
0.20534694692045577,경+중등도
0.02016495106195149,경+중등도
0.180502268307699,경+중등도
0.25431031392789794,경+중등도
0.07107966497163672,경+중등도
0.19954457988581206,경+중등도
0.5795265849312082,경+중등도
0.14568935008959796,경+중등도
0.3738578368530649,경+중등도
0.06443577343842062,경+중등도
0.22023158538157092,경+중등도
0.0769372141280084,경+중등도
0.22813941427575468,경+중등도
0.24327009989490941,경+중등도
0.2144496191918179,경+중등도
0.04847111029042117,경+중등도
0.18165791169997933,경+중등도
0.1058940672340642,경+중등도
0.035369353701697824,경+중등도
0.16817531735554447,경+중등도
0.3553899377088798,경+중등도
0.13712034327289727,경+중등도
0.2069638271825204,경+중등도
0.1968246058878521,경+중등도
0.3484803991427435,경+중등도
0.07346705497285645,경+중등도
0.024321419776750675,경+중등도
0.09660658445788017,경+중등도
0.18704142371593524,치명
0.3728969878076212,경+중등도
0.18388218052061336,경+중등도
0.22210544837554455,경+중등도
0.012963991190262009,중상
0.26588266268726013,경+중등도
0.0468131111228813,경+중등도
0.2979292627130808,경+중등도
0.06055868212587645,경+중등도
0.09374378488717157,중상
0.01819975811554191,경+중등도
0.13158096871930502,경+중등도
0.1576317175321299,경+중등도
0.059650003847521615,경+중등도
0.2334089428372851,경+중등도
0.025876843117563695,경+중등도
0.31548903480601065,경+중등도
0.711842362959111,경+중등도
0.7551444266981187,경+중등도
0.2493973958667931,중상
0.15143028985692958,경+중등도
0.051925985298172946,경+중등도
0.6918630711586564,중상
0.2549929947555034,경+중등도
0.5498568625622454,치명
0.15144825696752903,경+중등도
0.11795649115915831,치명
0.035546389979058665,경+중등도
0.11606813467306303,중상
0.7183860380504156,경+중등도
0.3971394209011197,경+중등도
0.17939972286776107,경+중등도
0.3460118908776139,경+중등도
0.016595974109002033,중상
0.1623692371084798,경+중등도
0.07624522468574856,경+중등도
0.17687627271798104,경+중등도
0.0709544541879505,중상
0.06466645497206273,경+중등도
0.3501629684781607,경+중등도
0.06660318407875075,경+중등도
0.1175207321034158,경+중등도
0.112320566164262,경+중등도
0.0054681885091796036,중상
0.29551810453800065,중상
0.07477679209759215,경+중등도
0.2501362734835854,경+중등도
0.19372110818541477,중상
0.18509208619576759,경+중등도
0.13321893322911407,경+중등도
0.1602855004502001,경+중등도
0.20438159327693015,경+중등도
0.042127972377353634,중상
0.2771948209894579,치명
0.48898510792752675,경+중등도
0.24394876578165361,경+중등도
0.1839453135190583,경+중등도
0.2711021717212099,경+중등도
0.139170823771232,경+중등도
0.1575951384670302,경+중등도
0.22970776046846855,경+중등도
0.044679803212559294,경+중등도
0.3080555398073152,경+중등도
0.12536090899528252,경+중등도
0.1707922207784017,경+중등도
0.1767133353795616,경+중등도
0.3561378890705669,경+중등도
0.11806543090840355,경+중등도
0.09332961993195432,경+중등도
0.3615276847284215,경+중등도
0.6276141076003552,경+중등도
0.15595646432511792,경+중등도
0.04693864648300588,경+중등도
0.12415429688570752,경+중등도
0.14891399174327172,경+중등도
0.11519110457499693,경+중등도
0.619432014967647,중상
0.10017306254363313,경+중등도
0.3616422720180643,경+중등도
0.06759391943310099,경+중등도
0.37858686669076036,경+중등도
0.2919554244549115,경+중등도
0.21746737377175576,경+중등도
0.48526095974709693,경+중등도
0.5924991599322865,경+중등도
0.20306184342725597,경+중등도
0.6957417681865826,치명
0.5958350891558623,경+중등도
0.11967307010655119,경+중등도
0.2538921775945446,치명
0.020048283184524864,경+중등도
0.19569186571868025,경+중등도
0.18256907357269125,경+중등도
0.04805536772348851,경+중등도
0.11259112831667484,경+중등도
0.38769979593105997,경+중등도
0.21225882012386546,경+중등도
0.10491352143820544,경+중등도
0.2728150186355071,경+중등도
0.4143410653491228,경+중등도
0.4736531711270471,경+중등도
0.9656149353869804,경+중등도
0.2113784959194713,경+중등도
0.4576500610154164,경+중등도
0.2895380701693319,경+중등도
0.2873651708373462,경+중등도
0.07146752623828588,경+중등도
0.5487691656960463,경+중등도
0.10517436757510283,치명
0.6025561813469377,경+중등도
0.2680875275784784,경+중등도
0.11470965546795146,경+중등도
0.182949205691185,경+중등도
0.005508868073340026,경+중등도
0.19087466696593047,경+중등도
0.17680825258132934,경+중등도
0.01152775138768874,중상
0.32025301542082657,경+중등도
0.2911995325296215,치명
0.21235451143893924,경+중등도
0.2817620870515484,경+중등도
0.09180110171307083,경+중등도
0.07121898809119497,경+중등도
0.1800983184583592,경+중등도
0.1609163680310528,경+중등도
0.29165956238504265,경+중등도
0.0945326917238522,경+중등도
0.137550270656588,경+중등도
0.04829470567846031,경+중등도
0.29210786168450803,경+중등도
0.2230124106585153,경+중등도
0.08131021663394453,경+중등도
0.04029402173497706,경+중등도
0.04717823523443578,경+중등도
0.6192522316072484,경+중등도
0.16926778295910663,경+중등도
0.576695329773871,경+중등도
0.08151408282153606,경+중등도
0.5784775965131467,경+중등도
0.24128953402568917,경+중등도
0.26667793059951866,경+중등도
0.11599244377131368,경+중등도
0.12516465052696468,경+중등도
0.19309200407261692,경+중등도
0.15262200523812633,경+중등도
0.63936031681142,경+중등도
0.041612897252228526,경+중등도
0.2694420882532154,경+중등도
0.061043075083730226,경+중등도
0.2276883160245192,중상
0.23382957008667773,경+중등도
0.44179555476691074,경+중등도
0.10148259046891768,경+중등도
0.24179057734421008,경+중등도
0.1270155129751515,중상
0.16796124695757322,경+중등도
0.41021182413052065,경+중등도
0.23641790855668696,경+중등도
0.12844522309340223,경+중등도
0.12064789790006808,경+중등도
0.15561518295135465,경+중등도
0.4536676579048204,치명
0.09413153426231839,경+중등도
0.2574142531896958,경+중등도
0.1624696687046204,경+중등도
0.3487670306299693,경+중등도
0.1733746580983528,경+중등도
0.38262203109327486,경+중등도
0.409565637041495,경+중등도
0.007517293794808886,중상
0.1895110264839622,경+중등도
0.051022667279096844,경+중등도
0.03000092303898474,경+중등도
0.3276616555849883,경+중등도
0.48559880530772775,경+중등도
0.05843662487257567,경+중등도
0.11452617679023545,경+중등도
0.5006447116493932,경+중등도
0.9375740304184997,치명
0.7801743629846304,치명
0.5626910953927826,경+중등도
0.44144284121681876,경+중등도
0.05915326754149092,경+중등도
0.12594555544347671,경+중등도
0.6024667648430737,경+중등도
0.3738590255452403,경+중등도
0.572484218346011,경+중등도
0.025817579889472576,경+중등도
0.04996951848188386,경+중등도
0.1842756186722294,경+중등도
0.29678408621163116,경+중등도
0.5310921002620372,치명
0.12710861251810668,경+중등도
0.1944783592542131,경+중등도
0.20165518338132501,경+중등도
0.32702712528092265,경+중등도
0.14468464149814184,경+중등도
0.3521574961001533,경+중등도
0.07675436666596926,중상
0.23980767810250894,경+중등도
0.3410459785114253,경+중등도
0.10699941814153656,경+중등도
0.06536616590038409,경+중등도
0.10154108906637738,경+중등도
0.1032636421081599,경+중등도
0.07913439461851973,경+중등도
0.019220122347870603,경+중등도
0.22685432844073997,경+중등도
0.3324892022041726,경+중등도
0.7419052286298867,경+중등도
0.04837617197264558,치명
0.30430098005800466,경+중등도
0.06659019708941867,경+중등도
0.2659560837361685,경+중등도
0.26741882879421847,경+중등도
0.71598650894739,경+중등도
0.5878523882502346,경+중등도
0.0660972897544531,경+중등도
0.6643058802661091,경+중등도
0.40928543159529207,경+중등도
0.09563781779133473,경+중등도
0.2565400193646625,경+중등도
0.008314840089668726,경+중등도
0.08022412339899193,경+중등도
0.28587579601203633,치명
0.05686785669484897,경+중등도
0.13301737342205744,경+중등도
0.29771865436195694,경+중등도
0.12649836250237856,경+중등도
0.2797471013832063,경+중등도
0.12220861261924514,경+중등도
0.08002245354477683,경+중등도
0.37778980411769414,경+중등도
0.015897060604936925,중상
0.05389631852230359,경+중등도
0.47178285468037484,경+중등도
0.0321517224494657,경+중등도
0.3368460684449761,경+중등도
0.24575211855477205,경+중등도
0.04756564874507776,경+중등도
0.2818354172717166,경+중등도
0.30466949819094497,경+중등도
0.34233133819400563,경+중등도
0.7287988936596165,치명
0.04219242798654512,경+중등도
0.1474515500150062,경+중등도
0.8146566885656363,치명
0.14521601500668616,경+중등도
0.18408769067118533,경+중등도
0.03667278737006748,경+중등도
0.168168807291339,경+중등도
0.3515211879505555,치명
0.17694124276714607,경+중등도
0.2575218582221677,경+중등도
0.008843259911911218,경+중등도
0.14125376681040924,중상
0.025091382003489773,경+중등도
0.1482193192650548,경+중등도
0.295455397652225,치명
0.26837055867648224,경+중등도
0.22193177294725652,경+중등도
0.3974877154546679,경+중등도
0.043275539837055226,경+중등도
0.03805287752943432,경+중등도
0.872242244925816,경+중등도
0.19292563148628025,경+중등도
0.19363927381295185,경+중등도
0.2006937441819714,경+중등도
0.8477282281845341,경+중등도
0.8367595120298827,경+중등도
0.5075877079559433,경+중등도
0.8685652468597292,경+중등도
0.06883233852801747,중상
0.10244448981857483,경+중등도
0.11095185068496034,경+중등도
0.14984534119653384,경+중등도
0.2702050119300124,경+중등도
0.018282598717129422,경+중등도
0.007118033005029087,중상
0.2339671174698222,경+중등도
0.15270118164105162,경+중등도
0.588623985520223,치명
0.09888226800723703,경+중등도
0.06358598978407767,중상
0.3938896083239462,경+중등도
0.1264582221946469,경+중등도
0.38281594699015925,치명
0.20940882311823092,경+중등도
0.13984741320050578,경+중등도
0.12632888341192436,경+중등도
0.0407519285894064,경+중등도
0.37117862224436343,경+중등도
0.00482139614220197,중상
0.05198229796418565,경+중등도
0.06961184992036236,중상
0.05401495551134822,경+중등도
0.341352314010257,경+중등도
0.1250118335634335,경+중등도
0.2987064072396491,경+중등도
0.17777510372993735,경+중등도
0.07713495244515527,경+중등도
0.4400663021162168,경+중등도
0.1876319548224786,경+중등도
0.08616408881247073,경+중등도
0.2846319683990224,경+중등도
0.22495315559162785,경+중등도
0.3194364931321791,치명
0.2402123904896392,경+중등도
0.008364176489496522,경+중등도
0.19001689863643614,경+중등도
0.09027052467842216,경+중등도
0.11200434688076139,경+중등도
0.17924613916920487,경+중등도
0.450764739005796,경+중등도
0.09733174162733176,경+중등도
0.17642559133648295,경+중등도
0.1575168058086047,경+중등도
0.2586216062687396,치명
0.30465871420453056,경+중등도
0.2054528419671062,경+중등도
0.13162228579792856,경+중등도
0.43856794213265277,경+중등도
0.061385478982849184,경+중등도
0.20620733464301474,경+중등도
0.32574248786469734,경+중등도
0.11142288806550844,경+중등도
0.07006484180161353,경+중등도
0.055000610988323005,경+중등도
0.1401395992703315,경+중등도
0.5161794644904537,경+중등도
0.4937633832278811,경+중등도
0.039689528672047635,경+중등도
0.21074019377103567,경+중등도
0.0740915330938925,경+중등도
0.10050387755892774,경+중등도
0.030328979069281004,경+중등도
0.07315505080966321,경+중등도
0.924057199951679,치명
0.09432764935364708,경+중등도
0.16307835516786306,경+중등도
0.3207361648428382,경+중등도
0.1680139332947869,경+중등도
0.2985814552569412,경+중등도
0.2622890523130052,경+중등도
0.04151030542074093,경+중등도
0.41268266435300194,치명
0.046281920177472236,경+중등도
0.09716601274748306,경+중등도
0.4144625428255548,경+중등도
0.40098995242179364,경+중등도
0.0450909879897425,경+중등도
0.7445841470047808,치명
0.13851462925239427,경+중등도
0.38888674528881545,경+중등도
0.17581230195806774,경+중등도
0.4914753741443429,경+중등도
0.020514050063555885,경+중등도
0.34830489349130983,경+중등도
0.26983875113297096,경+중등도
0.46089943381845816,경+중등도
0.22929831787817956,경+중등도
0.5916202111185568,치명
0.11516152780237025,경+중등도
0.08795626694146504,경+중등도
0.06976348604084727,경+중등도
0.15789068115269836,경+중등도
0.10916116937674158,경+중등도
0.36224086147106216,경+중등도
0.42816616796174606,중상
0.01112267642857611,중상
0.33462629535102173,경+중등도
0.12644773501639608,경+중등도
0.44312305630776566,경+중등도
0.11309896372813645,경+중등도
0.050356364341162585,경+중등도
0.0779015579678521,경+중등도
0.25092821846957336,경+중등도
0.038943657910144834,중상
0.37037510574213645,치명
0.19883872725841326,경+중등도
0.05004188624379433,중상
0.12692991612662072,경+중등도
0.26504609439567745,경+중등도
0.1749219040994123,경+중등도
0.11097453593553665,중상
0.12158878604723393,경+중등도
0.45266869464231113,경+중등도
0.10440536629620549,경+중등도
0.19246917455459045,경+중등도
0.2157522088184578,경+중등도
0.10276222886975565,치명
0.15428515658900263,중상
0.24670242031667466,경+중등도
0.12905544726522375,경+중등도
0.06798993349081585,경+중등도
0.12218324445379049,경+중등도
0.5157550327943232,경+중등도
0.14082552516858562,경+중등도
0.33084907562535576,경+중등도
0.4341618673651962,경+중등도
0.0592608388236292,중상
0.14853416738700884,중상
0.036411750523479884,경+중등도
0.31088931692415306,경+중등도
0.11016322807055416,경+중등도
0.2526213928546643,경+중등도
0.10182867157978319,경+중등도
0.10902520370916546,경+중등도
0.11175689969253427,경+중등도
0.6629073862987643,경+중등도
0.025463033608069646,경+중등도
0.2122971633562256,경+중등도
0.07592571407675991,치명
0.036508136196874034,경+중등도
0.12003805225292834,경+중등도
0.0177996814463342,경+중등도
0.28004576326575176,치명
0.32298934897388,경+중등도
0.20794330411019327,경+중등도
0.5815798173118133,치명
0.011939576405758894,중상
0.11996523321615343,경+중등도
0.057138556790174266,경+중등도
0.22879898442124957,경+중등도
0.8307301318308155,경+중등도
0.17966601344363378,경+중등도
0.050524546140991666,경+중등도
0.05683397806175572,경+중등도
0.2441826241064088,경+중등도
0.10154959263248485,경+중등도
0.1414936616686954,경+중등도
0.21710256171235076,경+중등도
0.37127913320610056,치명
0.35443556606702337,경+중등도
0.13887954612103334,중상
0.006497627466137537,경+중등도
0.3497457208280303,경+중등도
0.3080531948873455,경+중등도
0.5907658188222663,경+중등도
0.13726166120146707,경+중등도
0.31212506814939206,경+중등도
0.7421894348443958,경+중등도
0.2189113348517809,경+중등도
0.08966893279695183,경+중등도
0.033431236608884286,경+중등도
0.08352783794676812,경+중등도
0.06435633459999666,경+중등도
0.10987778014751381,경+중등도
0.17637927152619373,경+중등도
0.22458281451424666,경+중등도
0.15044346741866368,경+중등도
0.11379432071254653,경+중등도
0.5402747619095605,경+중등도
0.06232800665077822,경+중등도
0.07372012995532841,중상
0.3238357454726388,경+중등도
0.023519883372870292,경+중등도
0.0885682192619171,경+중등도
0.08499053506177512,경+중등도
0.2759629189037676,경+중등도
0.3510837356489866,경+중등도
0.02265293768308595,경+중등도
0.27184472027635387,경+중등도
0.8909022314866392,경+중등도
0.2104908453326768,경+중등도
0.16931839707863783,경+중등도
0.10132408225011282,중상
0.005599339922326003,경+중등도
0.21012840076180306,경+중등도
0.13563306075151096,경+중등도
0.2441834302254818,경+중등도
0.19553921457870463,경+중등도
0.05253044222917618,경+중등도
0.22078691934840175,중상
0.0960356338454833,경+중등도
0.6830445103746143,치명
0.13312743345260225,경+중등도
0.1945586637179486,경+중등도
0.3468205527755294,경+중등도
0.12365863341321859,경+중등도
0.6382327917652203,치명
0.11230268873461331,경+중등도
0.1295790471760171,경+중등도
0.15347553405778203,경+중등도
0.13383235489517575,경+중등도
0.058894803089648735,경+중등도
0.014109966736131643,경+중등도
0.5719613675115284,경+중등도
0.13544071666610458,경+중등도
0.39145448243197817,경+중등도
0.3747008288781107,경+중등도
0.3345951194862445,경+중등도
0.08151712377611144,경+중등도
0.36715206344161916,경+중등도
0.44534266562002595,경+중등도
0.16376364140252786,경+중등도
0.002689731046896886,중상
0.2611086990681462,경+중등도
0.11697273942920261,중상
0.13670587929377534,경+중등도
0.07764234809984187,중상
0.21810223733997114,경+중등도
0.41769169755720226,경+중등도
0.31817699508987335,경+중등도
0.08263159865873342,경+중등도
0.0897288245011315,경+중등도
0.24324081295819788,경+중등도
0.11724541084805735,경+중등도
0.03916703102258958,경+중등도
0.19008430895766273,경+중등도
0.06561201006035418,경+중등도
0.18305973993429622,경+중등도
0.5050847699960316,경+중등도
0.0317234056793806,경+중등도
0.45063911190161415,치명
0.24864683571553003,경+중등도
0.4047842040023805,경+중등도
0.18474227601869952,경+중등도
0.37137180598331687,경+중등도
0.41243173509857517,경+중등도
0.25495029310017625,경+중등도
0.43568468143418076,경+중등도
0.5773218155218008,경+중등도
0.14468322700930855,중상
0.11278811610125172,경+중등도
0.005383642623019162,중상
0.31237869196145573,경+중등도
0.07150064556982126,경+중등도
0.18628438750983203,경+중등도
0.05963525276274797,경+중등도
0.42318536239625454,경+중등도
0.4802991067781224,경+중등도
0.15080896645881778,경+중등도
0.22875015909011495,중상
0.32012655535908924,경+중등도
0.012834771217675513,중상
0.3611455149743215,경+중등도
0.08820162999269325,경+중등도
0.6597019453648939,경+중등도
0.06901523734794211,경+중등도
0.4637120442243258,경+중등도
0.5869763480144107,경+중등도
0.26767633315967515,경+중등도
0.12915552628824864,경+중등도
0.20292133698883164,경+중등도
0.4306443206980048,중상
0.030987063520806865,경+중등도
0.2150589959125633,중상
0.029274455346817562,경+중등도
0.1181996538830891,경+중등도
0.11051048626422504,경+중등도
0.25017104255246786,경+중등도
0.3771748853347836,치명
0.2093966529153685,경+중등도
0.04313736926489453,경+중등도
0.1295588907611569,경+중등도
0.4475292706184935,경+중등도
0.04473665186062618,경+중등도
0.039519139502494846,경+중등도
0.5476143857754073,중상
0.2071310133780994,경+중등도
0.03561896528696191,중상
0.043733184398099485,경+중등도
0.1540699369648769,경+중등도
0.25181134038843317,중상
0.50608870068845,경+중등도
0.10829539553687478,경+중등도
0.3971774401132524,경+중등도
0.623137723295062,경+중등도
0.25558207081873535,경+중등도
0.18050525404953033,경+중등도
0.2105831888411374,경+중등도
0.08502393116053693,경+중등도
0.2956602530082524,경+중등도
0.01851731401752432,경+중등도
0.36462063540394446,치명
0.16381668091203902,경+중등도
0.731504011812033,치명
0.4504813941362477,경+중등도
0.06927500250246595,경+중등도
0.8300445959509887,치명
0.5066714547835742,경+중등도
0.3112562759717527,경+중등도
0.11745140549884814,경+중등도
0.5929211267944857,경+중등도
0.04575266582031204,중상
0.2463405049731441,경+중등도
0.6336407779061554,경+중등도
0.30009337633753597,경+중등도
0.5377857516480208,경+중등도
0.2921350162274599,치명
0.06463659313853419,경+중등도
0.03903663498588956,경+중등도
0.33023494056511654,경+중등도
0.054605720591703134,경+중등도
0.18073249643276515,경+중등도
0.5395264806649571,경+중등도
0.04402973300981126,경+중등도
0.5029943271763244,경+중등도
0.14617691078869058,경+중등도
0.08553752429878415,중상
0.12294161415765621,경+중등도
0.12563258443936592,중상
0.0661182381841191,중상
0.07081015562583597,경+중등도
0.26007184974356784,경+중등도
0.5493286674071055,치명
0.08566706075106457,경+중등도
0.2282830312871534,경+중등도
0.04444808560287855,경+중등도
0.7099640132404935,치명
0.1649223312159064,경+중등도
0.04705230435772425,중상
0.049040043250978826,경+중등도
0.22778484111908273,중상
0.0964713035553565,경+중등도
0.034906561438027846,경+중등도
0.44045855056400524,경+중등도
0.21748773844803507,경+중등도
0.15188588899686775,경+중등도
0.04222559387846453,경+중등도
0.13975967294790667,경+중등도
0.23329582926085046,중상
0.41985383418553496,경+중등도
0.21024997021272032,경+중등도
0.0527808512922791,경+중등도
0.22371108818620922,경+중등도
0.44963014049761557,경+중등도
0.05633067062594376,경+중등도
0.1004305746343201,경+중등도
0.04178652878571821,경+중등도
0.003191372994069051,중상
0.04854608222160378,경+중등도
0.21923987675287596,경+중등도
0.08206923589269105,경+중등도
0.03458492416180196,경+중등도
0.015167121310235676,경+중등도
0.26546460773993186,경+중등도
0.6430973660847105,경+중등도
0.2731934059490319,경+중등도
0.14738672539965122,경+중등도
0.5933329530063444,경+중등도
0.046609132324324065,경+중등도
0.31714996713442606,치명
0.0018738040594668947,경+중등도
0.12377721937115323,경+중등도
0.3938349026784438,경+중등도
0.07708769936732422,경+중등도
0.2181870156087873,중상
0.061536760149180914,경+중등도
0.8824221464902594,치명
0.07848478718081975,경+중등도
0.1823666153805709,경+중등도
0.12008297723296306,경+중등도
0.041535536267823636,경+중등도
0.03353315760118881,중상
0.8770869752732756,치명
0.1876899150931198,경+중등도
0.09841061227128252,경+중등도
0.02862803628622701,경+중등도
0.03292064805573638,경+중등도
0.7554228121951333,경+중등도
0.029593057213410125,경+중등도
0.8603105274673039,경+중등도
0.8881698584902694,치명
0.6456699121396667,치명
0.05059568974593246,경+중등도
0.15090065303025782,경+중등도
0.017859621207487356,경+중등도
0.09515778873757791,경+중등도
0.5660008783547089,경+중등도
0.13997112055610242,경+중등도
0.11335633009060292,경+중등도
0.08998906769528393,경+중등도
0.1498645784353971,경+중등도
0.5401845245065106,경+중등도
0.15130313132157347,중상
0.4504070049763236,경+중등도
0.014629642592010488,중상
0.1023519450985192,경+중등도
0.08632501157832749,경+중등도
0.8101758206261199,경+중등도
0.02893371390940953,경+중등도
0.559724604347779,경+중등도
0.17402981226186917,치명
0.3027791997655807,경+중등도
0.27374000622149025,경+중등도
0.0519114088382485,경+중등도
0.07223629868845204,경+중등도
0.09363187103333169,경+중등도
0.1253079215870376,경+중등도
0.18309603851535403,경+중등도
0.26334491649199365,경+중등도
0.2878755581976852,경+중등도
0.19087621978039992,경+중등도
0.09937688137988025,경+중등도
0.05320778920955291,경+중등도
0.22161889005998692,경+중등도
0.053903548817274986,경+중등도
0.018944707793742625,경+중등도
0.23498949439264857,경+중등도
0.3830821883233723,경+중등도
0.2146951515320464,경+중등도
0.02432119027844162,경+중등도
0.41894916603657384,경+중등도
0.19975598383011717,경+중등도
0.2372374806499573,치명
0.32750235586538134,경+중등도
0.2825544494098329,치명
0.3524419898607005,경+중등도
0.2856853399466104,치명
0.48281242269562624,경+중등도
0.05142474414481198,경+중등도
0.6623684142001435,치명
0.035718432960136375,경+중등도
0.3187894383216624,경+중등도
0.06164699491553413,경+중등도
0.07987449932204697,경+중등도
0.8689299339347277,치명
0.8399913907069081,경+중등도
0.27246316610903726,경+중등도
0.16095603719956342,경+중등도
0.01606197424541141,경+중등도
0.6156700613288758,경+중등도
0.12079698977699095,경+중등도
0.34894973410557145,치명
0.04247487619947063,경+중등도
0.1548026375481585,경+중등도
0.33520176837737115,경+중등도
0.05782478539551688,경+중등도
0.7339572524415345,경+중등도
0.2820901690010014,경+중등도
0.10403754662868296,경+중등도
0.20187827306712555,경+중등도
0.07710915669747355,경+중등도
0.29009944248491215,경+중등도
0.24916081615631155,경+중등도
0.21924153126915666,경+중등도
0.0069678449610923905,경+중등도
0.06533673439931176,중상
0.004771989501894458,경+중등도
0.06542526253397411,경+중등도
0.1584324468482111,경+중등도
0.1685376449117817,치명
0.7599947307731924,치명
0.09425435689374606,경+중등도
0.13523512501292648,경+중등도
0.23543998804465116,경+중등도
0.12172590681424648,경+중등도
0.6540729175399917,경+중등도
0.33137970859332566,경+중등도
0.051013667411010565,치명
0.6370393946554774,경+중등도
0.3443049926134958,경+중등도
0.07864662312784626,경+중등도
0.23383483646097605,경+중등도
0.1556772382933754,경+중등도
0.011770604938783345,경+중등도
0.42036112470136716,경+중등도
0.22544952117298908,경+중등도
0.30657381599280126,경+중등도
0.16812886720926867,경+중등도
0.6403767869714896,경+중등도
0.16259358795857545,경+중등도
0.06480461132628627,경+중등도
0.10776101101577319,경+중등도
0.028574562455327236,경+중등도
0.6936326575378603,치명
0.09225953431369276,경+중등도
0.2008072912898805,경+중등도
0.06470196571175739,경+중등도
0.4034766441405579,경+중등도
0.127165101934502,경+중등도
0.24849539110446472,경+중등도
0.16179081354409242,경+중등도
0.16499311440197886,경+중등도
0.05123020046201807,경+중등도
0.20942436329603606,경+중등도
0.15658582456714545,경+중등도
0.19827510490515218,경+중등도
0.10389338013189552,경+중등도
0.15105892346193872,경+중등도
0.5575263427897733,경+중등도
0.2600612457678164,경+중등도
0.10802527936864274,경+중등도
0.07473256297254456,경+중등도
0.7416708247036173,경+중등도
0.11136617978183545,경+중등도
0.06926844622359137,경+중등도
0.28915103536998343,경+중등도
0.3841251302450675,중상
0.779210573766703,경+중등도
0.10554324632857663,경+중등도
0.0933271965331403,경+중등도
0.28430660477366954,경+중등도
0.1318256966323357,경+중등도
0.4093295116126987,경+중등도
0.09442738347715275,경+중등도
0.2598194169706626,경+중등도
0.056769870654205225,경+중등도
0.08710975004091885,경+중등도
0.17133822599197765,중상
0.405143048629326,경+중등도
0.14675751665607653,경+중등도
0.05750948692602768,경+중등도
0.03498560889006285,경+중등도
0.35119196180778856,중상
0.41638460175093545,경+중등도
0.10789069211931827,경+중등도
0.22652300851145193,경+중등도
0.043816442232399104,경+중등도
0.06246513785527119,경+중등도
0.38500023106926556,경+중등도
0.3123218489170174,경+중등도
0.282362503969764,경+중등도
0.14369404081161813,경+중등도
0.3289461357161211,경+중등도
0.753790934391889,치명
0.0771833561452346,경+중등도
0.15230298002071777,경+중등도
0.1262296376507499,치명
0.30085019459527734,경+중등도
0.08210203166742293,경+중등도
0.6076104894966536,경+중등도
0.33628713878874406,경+중등도
0.0843447073140065,경+중등도
0.06332705527125089,경+중등도
0.3772012823493231,경+중등도
0.16300525136745211,경+중등도
0.6494431683836462,경+중등도
0.17416542066741447,경+중등도
0.09342428359266043,경+중등도
0.08214088353103095,경+중등도
0.22089903761578797,경+중등도
0.0222408155034421,경+중등도
0.43710518986798114,경+중등도
0.2462789152738213,경+중등도
0.10183756945615985,치명
0.03141499128926653,중상
0.06822212381660887,경+중등도
0.08225781930388733,경+중등도
0.13628516704884175,경+중등도
0.571745554432781,경+중등도
0.05068216875809455,경+중등도
0.29493547636464257,경+중등도
0.02456039490395932,중상
0.1797818412537839,경+중등도
0.1630236326851255,경+중등도
0.05899154885618813,경+중등도
0.02776717988232663,경+중등도
0.3994274137130503,경+중등도
0.15354062313272113,경+중등도
0.29726667225782033,경+중등도
0.7125389425098807,치명
0.24766989465886635,경+중등도
0.08258492730631682,경+중등도
0.060798199269581084,경+중등도
0.12941884380787747,경+중등도
0.14134752147721563,경+중등도
0.13942978605169254,경+중등도
0.09811507980229317,경+중등도
0.03633997964977858,경+중등도
0.8709040060633684,경+중등도
0.16295629454982605,경+중등도
0.2246253630579275,경+중등도
0.04311458752124373,경+중등도
0.30401665236889,경+중등도
0.517450210413239,경+중등도
0.29316325636977997,경+중등도
0.2220703317957966,경+중등도
0.03112472061174575,경+중등도
0.027976254131934192,경+중등도
0.06626578240038067,경+중등도
0.15722183760379405,경+중등도
0.307675968630778,경+중등도
0.03262961786848231,경+중등도
0.29082707076854825,경+중등도
0.10926075476319376,경+중등도
0.14546814192879706,경+중등도
0.058817491471630894,경+중등도
0.45478623501457793,경+중등도
0.11399906103512146,경+중등도
0.10025409943323516,중상
0.23938913942655327,경+중등도
0.07132166472590823,경+중등도
0.036627871696754126,경+중등도
0.23247590511418545,경+중등도
0.47324484861010935,경+중등도
0.11414826165665475,경+중등도
0.0441802088263199,경+중등도
0.6331554859916753,경+중등도
0.0946882682168031,경+중등도
0.2181639138778848,경+중등도
0.27251923156087415,경+중등도
0.20827636338909059,경+중등도
0.9646411978806732,치명
0.02398422789406701,경+중등도
0.04866387929136093,경+중등도
0.40537058152943256,경+중등도
0.1925447971602118,경+중등도
0.6493152744598831,치명
0.7280244426144656,경+중등도
0.13515094385962864,경+중등도
0.9339209870388282,치명
0.1381533949008559,경+중등도
0.037374483765955625,중상
0.013775496054727679,경+중등도
0.3330210887675469,경+중등도
0.31436126820395105,경+중등도
0.1798719608532231,경+중등도
0.2172624783406929,경+중등도
0.48454629969569823,경+중등도
0.10792745540694494,경+중등도
0.24565494072149688,경+중등도
0.5060070200044793,경+중등도
0.3827054947303226,경+중등도
0.24437850153152918,중상
0.26058417188850563,경+중등도
0.15170841398631746,경+중등도
0.2225572682842186,경+중등도
0.14239787586254085,경+중등도
0.1221126764147713,중상
0.06528309839786885,경+중등도
0.24382142689321754,경+중등도
0.3676284714019553,경+중등도
0.1805667279152964,경+중등도
0.17284502180222527,경+중등도
0.11566614166009599,경+중등도
0.324041876327592,경+중등도
0.036353465580904874,경+중등도
0.2208125075263252,경+중등도
0.2665997004813974,경+중등도
0.15027330693352112,경+중등도
0.12310060922029964,경+중등도
0.7594955689739734,경+중등도
0.1052008976117919,경+중등도
0.028163614041617657,경+중등도
0.14326082025210585,치명
0.07682020077388757,경+중등도
0.47598689421469303,경+중등도
0.274175673140846,경+중등도
0.27722036434936226,경+중등도
0.05102681015789313,경+중등도
0.06797825122262012,경+중등도
0.26767718273312574,경+중등도
0.11452472146953195,경+중등도
0.08378431699711457,경+중등도
0.12653618763614594,경+중등도
0.2657533020746761,경+중등도
0.41676263665744157,경+중등도
0.08947435434061013,경+중등도
0.3047931560895183,경+중등도
0.08111146983914781,중상
0.1800119134388283,경+중등도
0.049199551575393845,경+중등도
0.7844335112012847,치명
0.02234489051647653,중상
0.12980951475362712,경+중등도
0.08839437201111079,중상
0.7139988509997485,경+중등도
0.07950919918949807,경+중등도
0.07774579700776575,경+중등도
0.01636109766083881,경+중등도
0.11218730029167046,경+중등도
0.28591786057061785,경+중등도
0.2985443430288393,경+중등도
0.15505580404189537,경+중등도
0.17359936297883594,경+중등도
0.3684849705209246,경+중등도
0.17171931168465746,경+중등도
0.3714237184694114,경+중등도
0.419006566249751,경+중등도
0.1449126236276426,경+중등도
0.4239603013966895,중상
0.01479641597112357,경+중등도
0.10515026723631414,경+중등도
0.2078271591617639,치명
0.20152764989958483,경+중등도
0.005628426125586232,경+중등도
0.1190284024038818,경+중등도
0.1710674007970051,경+중등도
0.038334880108507115,경+중등도
0.2719462922983665,경+중등도
0.10643342640605095,경+중등도
0.11608722021077679,경+중등도
0.22310065796568346,경+중등도
0.0077564267422696636,경+중등도
0.11225310674591031,경+중등도
0.1931483406463659,경+중등도
0.03525746901101002,경+중등도
0.21938693717098126,경+중등도
0.05631627365626737,경+중등도
0.09779783088154297,중상
0.5213777148447994,치명
0.11458851532478365,경+중등도
0.8367542175017434,치명
0.022603505083192695,경+중등도
0.22740119423444505,경+중등도
0.13266454269757186,경+중등도
0.4693824676790781,경+중등도
0.052482299475272255,경+중등도
0.07998147358003187,경+중등도
0.41817864570876867,경+중등도
0.1466956021801963,경+중등도
0.41764804779279335,치명
0.40744552099579484,경+중등도
0.014863789220368387,중상
0.11513150656809452,경+중등도
0.1291010804261634,경+중등도
0.1122085885832486,경+중등도
0.11717834278988386,경+중등도
0.039854915507980156,경+중등도
0.3936294532242742,경+중등도
0.14062664105305192,경+중등도
0.019603817869194785,중상
0.18339845256524825,경+중등도
0.5861062532416095,경+중등도
0.5843645351467276,경+중등도
0.16865389849132797,경+중등도
0.4624270793610601,경+중등도
0.036344029067353095,경+중등도
0.6864849493884493,경+중등도
0.2173572358501731,중상
0.12390314932652685,경+중등도
0.15742559360251548,경+중등도
0.14195152546994672,경+중등도
0.2712482301907447,경+중등도
0.22747989726927478,경+중등도
0.11458797923585064,경+중등도
0.05061280217927547,경+중등도
0.22841877191975613,경+중등도
0.18057612769780193,중상
0.06956109275903218,경+중등도
0.17105903921253915,경+중등도
0.12647199199478482,경+중등도
0.35203229429570243,경+중등도
0.13403226035563673,경+중등도
0.022275643582342162,경+중등도
0.17062380980210015,경+중등도
0.6181930427428751,경+중등도
0.3771385917085541,경+중등도
0.2630249947447206,경+중등도
0.08899331371231534,경+중등도
0.031843681477681095,경+중등도
0.06392862596265397,경+중등도
0.3782909740194358,경+중등도
0.36959266422016573,경+중등도
0.09143017468352,경+중등도
0.27231874037861625,경+중등도
0.23600726765444477,경+중등도
0.1715157114751321,경+중등도
0.06697596488275753,경+중등도
0.9571574975107975,치명
0.08997160060570335,경+중등도
0.1705346610674395,경+중등도
0.8126894242700468,경+중등도
0.8202404999647644,치명
0.5506630877310726,경+중등도
0.4287905274656394,경+중등도
0.05171814381639861,경+중등도
0.1427653582762195,경+중등도
0.3955846574344977,경+중등도
0.12186323959223981,경+중등도
0.036213052591280714,중상
0.15486932483184718,중상
0.5390629977942772,경+중등도
0.206746321118926,경+중등도
0.5690444079269816,경+중등도
0.16183051162098872,경+중등도
0.166566632266102,경+중등도
0.33931161920350245,치명
0.6355238088888874,경+중등도
0.3819110164482178,경+중등도
0.05868126706123041,중상
0.04755372870745164,경+중등도
0.11276721499663106,경+중등도
0.1617297960223184,경+중등도
0.48854329514903344,경+중등도
0.2810012185572307,경+중등도
0.32925245103438655,경+중등도
0.21573952088679374,경+중등도
0.09745176588801441,경+중등도
0.1972883150718612,경+중등도
0.5117977367721803,경+중등도
0.14542351559873176,경+중등도
0.4019635890568393,중상
0.31479085793095835,경+중등도
0.5459638200523075,경+중등도
0.05235297735519221,경+중등도
0.11467608273861633,경+중등도
0.6537617366315329,치명
0.08007633099466031,경+중등도
0.15231362967622092,경+중등도
0.41596351388111824,중상
0.08317500898430005,경+중등도
0.21636877146422465,치명
0.11083737732864458,경+중등도
0.224093604521054,경+중등도
0.05772524767618667,경+중등도
0.060270482963218165,경+중등도
0.07661145880942721,경+중등도
0.004379766457340536,중상
0.6244047294665012,경+중등도
0.051983365675534875,경+중등도
0.035632550791097825,경+중등도
0.3012582996113528,경+중등도
0.22970069406927807,경+중등도
0.27592939135724076,경+중등도
0.1698480783223756,중상
0.5699458925816193,경+중등도
0.06639218555624798,경+중등도
0.6030745673550695,경+중등도
0.3684035942625445,경+중등도
0.042204349188634416,경+중등도
0.6706062760740504,경+중등도
0.07174764037110194,경+중등도
0.7080900142467375,경+중등도
0.010672941361582394,중상
0.3201501352453915,경+중등도
0.3886049801938871,경+중등도
0.41182656690180797,경+중등도
0.19910878538488586,경+중등도
0.022108327578497525,중상
0.15845086178810106,경+중등도
0.12113142422286026,경+중등도
0.1760464869327947,경+중등도
0.33913735459390587,경+중등도
0.22745272215488754,경+중등도
0.2849335355243147,중상
0.36845021692749746,경+중등도
0.2588905218097464,경+중등도
0.5144371358774357,경+중등도
0.36162789690162617,경+중등도
0.13612708537572657,경+중등도
0.753432374111929,치명
0.008724091312386039,중상
0.46261184691838936,경+중등도
0.07052192899339135,경+중등도
0.44504059626759124,경+중등도
0.02843031244690032,경+중등도
0.24601600066469256,경+중등도
0.5475174768445878,경+중등도
0.23032826648429894,경+중등도
0.16039878072972177,경+중등도
0.05315393750722947,경+중등도
0.27522919516493455,치명
0.0944962999870243,경+중등도
0.20031856774134052,경+중등도
0.2832712331034494,경+중등도
0.04131891635438283,경+중등도
0.07082590716594943,경+중등도
0.13396889452208222,경+중등도
0.18663728904972987,경+중등도
0.5231834038422183,경+중등도
0.8431624754012271,경+중등도
0.035081842423951605,경+중등도
0.31214240549803063,경+중등도
0.10594072220658679,경+중등도
0.11633119591327008,경+중등도
0.52590926783724,경+중등도
0.18527282703253012,경+중등도
0.2535245278677813,경+중등도
0.6333547546306612,경+중등도
0.36334506871384914,경+중등도
0.4791150786300955,경+중등도
0.12986674842291643,경+중등도
0.13318709613520965,경+중등도
0.2578020006832517,경+중등도
0.1776134450572414,경+중등도
0.06813086001690823,경+중등도
0.0018586950890020213,중상
0.24045512447542775,경+중등도
0.2973426387123809,경+중등도
0.05860685236402179,경+중등도
0.15722097529201215,경+중등도
0.5337957895919415,경+중등도
0.2847261935935013,경+중등도
0.03342659727539047,경+중등도
0.03242008012488973,경+중등도
0.08550366446082251,경+중등도
0.09473442673062539,경+중등도
0.15576834923331825,중상
0.6583227045985405,경+중등도
0.2112937993844847,경+중등도
0.18892339998662946,경+중등도
0.06827334973334985,경+중등도
0.04200971629603375,중상
0.0794090021729054,경+중등도
0.15236143170516506,경+중등도
0.34839945440887227,경+중등도
0.05555410256151965,경+중등도
0.11206583034494144,경+중등도
0.03425590946518522,경+중등도
0.20103986932584775,중상
0.5389976598450599,경+중등도
0.2810665596295492,경+중등도
0.03477178414291659,경+중등도
0.06628412918825176,경+중등도
0.026763753094467213,중상
0.2518186513198698,경+중등도
0.14867830917129043,경+중등도
0.12365205330964074,경+중등도
0.48832708474236103,경+중등도
0.09159105843081951,경+중등도
0.2949122871641427,치명
0.08473272820956286,경+중등도
0.36710874287134065,경+중등도
0.4355585982531068,경+중등도
0.6453826003607904,경+중등도
0.2624643050738507,경+중등도
0.6566722577481305,경+중등도
0.3386749199076707,경+중등도
0.17289028033157017,경+중등도
0.43132004562505716,경+중등도
0.09109347855018224,중상
0.09020252431874394,경+중등도
0.1268278414188615,경+중등도
0.42221238172376024,경+중등도
0.36131066023008995,경+중등도
0.5891726327353709,경+중등도
0.5407313903944043,치명
0.058470421540204265,경+중등도
0.5261761444151906,경+중등도
0.019705686373038846,경+중등도
0.09843713585476871,경+중등도
0.07935581878916999,경+중등도
0.004817847486341765,중상
0.21321648490229975,경+중등도
0.4058269071237959,경+중등도
0.19469222111700454,경+중등도
0.12538244384778352,경+중등도
0.17639739079594685,중상
0.09606693092112957,경+중등도
0.04161384252478601,경+중등도
0.31582932491241444,경+중등도
0.7755547832066475,경+중등도
0.6164263948340355,경+중등도
0.15246354285121202,경+중등도
0.2882036091642098,경+중등도
0.04945915660491077,경+중등도
0.019368741984218802,경+중등도
0.11319575712792336,경+중등도
0.18941174706108135,경+중등도
0.4627090025151566,경+중등도
0.3077387073704479,경+중등도
0.2644148601390057,경+중등도
0.04162912858135311,경+중등도
0.5947724660529109,경+중등도
0.3576781352169361,경+중등도
0.2928874482696905,경+중등도
0.03721721374338777,치명
0.18039125605885176,경+중등도
0.7654579518411914,치명
0.1972541839800789,경+중등도
0.44504992038947905,경+중등도
0.47400056836966636,경+중등도
0.4724439203344071,경+중등도
0.07868693861970408,경+중등도
0.35980534030249206,경+중등도
0.4875086929854417,경+중등도
0.03190351618652166,경+중등도
0.07060701550372354,경+중등도
0.02490607546473475,경+중등도
0.22645248090850326,경+중등도
0.2799092552970442,경+중등도
0.16719732264278866,경+중등도
0.5701924711061385,경+중등도
0.4416481366183352,경+중등도
0.30191963182618226,경+중등도
0.09845337984040803,중상
0.3423609415053144,경+중등도
0.12812814929511485,경+중등도
0.739101701454001,치명
0.20429224483293731,경+중등도
0.5768708699741044,경+중등도
0.1289663902681226,경+중등도
0.4960581077873609,경+중등도
0.3455187393279668,경+중등도
0.35096150075367816,경+중등도
0.10286317352867619,경+중등도
0.09816570094191553,치명
0.05638157797230115,경+중등도
0.15538627306350236,경+중등도
0.16636112302080658,경+중등도
0.7288565324782864,경+중등도
0.056168850546884065,경+중등도
0.6348387022849731,치명
0.12885029550868685,치명
0.6548749873593429,치명
0.25470606073451835,경+중등도
0.2955259432090555,경+중등도
0.05341537148306333,경+중등도
0.05844741115344901,경+중등도
0.18683827898570482,경+중등도
0.1227722207888156,경+중등도
0.1534734500677384,경+중등도
0.16875062855930625,경+중등도
0.09109874928818083,경+중등도
0.11657191960817903,경+중등도
0.2895847935229607,경+중등도
0.17296965523071517,경+중등도
0.2948962621327414,경+중등도
0.15900603762260557,경+중등도
0.11349683520621912,경+중등도
0.8632753763207154,치명
0.1070436629064937,경+중등도
0.14223821490776412,경+중등도
0.2693988801068006,중상
0.22113054955490238,중상
0.18296126208385352,경+중등도
0.07464880378296927,경+중등도
0.3511431378705738,경+중등도
0.0027443253688463464,중상
0.6525508815445539,경+중등도
0.01328972327925096,경+중등도
0.3436732971438217,경+중등도
0.11605435567562938,경+중등도
0.09988706973312367,경+중등도
0.1423372621110365,경+중등도
0.04603395338299491,경+중등도
0.12256198600492768,경+중등도
0.03958443458582602,중상
0.02579569156859469,경+중등도
0.38928455402973094,치명
0.13366188827811049,경+중등도
0.3139090320916047,경+중등도
0.0628873987178613,경+중등도
0.09824868237024441,중상
0.15223164496379882,경+중등도
0.1250942613990517,경+중등도
0.2350614461619458,경+중등도
0.03162182833598292,경+중등도
0.1792926010494281,경+중등도
0.1365881486231476,경+중등도
0.3012229422462401,경+중등도
0.19182208522116326,경+중등도
0.19359320506573607,경+중등도
0.4516704320018583,경+중등도
0.1868719625971673,경+중등도
0.7538830013632548,치명
0.17635357572700408,중상
0.6091264454595217,경+중등도
0.3905925834956909,경+중등도
0.04921751955412457,중상
0.15276527185016583,경+중등도
0.6123909063360612,경+중등도
0.4102905123166476,경+중등도
0.07770464644783648,경+중등도
0.09777718832278352,경+중등도
0.14609092458545023,경+중등도
0.8542129522034999,경+중등도
0.0522801683100844,경+중등도
0.26864084246341013,경+중등도
0.1187678747366205,경+중등도
0.31708212897672694,중상
0.17585322910927947,경+중등도
0.04522068420843334,경+중등도
0.29164010589691736,중상
0.591824290309864,경+중등도
0.21800097566399076,경+중등도
0.05672147182561852,경+중등도
0.2361177528597956,경+중등도
0.037402244446932985,경+중등도
0.02981948007603312,경+중등도
0.560466200282355,경+중등도
0.1309692503695464,경+중등도
0.0466643677859394,중상
0.14663210655930795,경+중등도
0.5039508114555808,경+중등도
0.004587397422706446,중상
0.03643873709881834,경+중등도
0.4740495732641306,경+중등도
0.3138008676792281,경+중등도
0.0888565825176552,경+중등도
0.27818748079271555,치명
0.179255395895386,경+중등도
0.24648213244971842,경+중등도
0.1296079402608364,경+중등도
0.18066478915335882,경+중등도
0.2850237582035358,경+중등도
0.22128313914435696,경+중등도
0.16311633295931952,경+중등도
0.19366905340894594,경+중등도
0.16546852495227968,경+중등도
0.9419606377071928,치명
0.2292940773413383,경+중등도
0.3048640303797382,치명
0.10515517378354844,경+중등도
0.2187408755303226,경+중등도
0.10417376112749864,경+중등도
0.32080271839115876,경+중등도
0.38904396249499434,경+중등도
0.18831787926539648,경+중등도
0.2194800545427802,중상
0.0631247909297887,경+중등도
0.1825547215717663,경+중등도
0.01060156773382622,경+중등도
0.20978136123309676,경+중등도
0.3337912893011021,경+중등도
0.13209431193474072,경+중등도
0.31411521595182884,경+중등도
0.035672473365678546,경+중등도
0.2916432462497285,중상
0.09766718821704579,경+중등도
0.18483424343060617,경+중등도
0.03845301393563306,경+중등도
0.28739427586502964,경+중등도
0.22729444777405802,경+중등도
0.22728606877255167,경+중등도
0.4067262951992152,경+중등도
0.5887181981502979,경+중등도
0.06953405603469785,중상
0.06966206902393125,경+중등도
0.8997657997541433,경+중등도
0.17013084025908795,경+중등도
0.10118980453380144,경+중등도
0.003042672566744937,경+중등도
0.07737761870149319,경+중등도
0.17516130036685615,경+중등도
0.8978652463147415,치명
0.020195027098241915,경+중등도
0.2850445570787789,경+중등도
0.035131554006275274,경+중등도
0.062334798657357755,중상
0.09540719009551073,경+중등도
0.583896739786583,경+중등도
0.09696135380491017,경+중등도
0.02196422134665053,경+중등도
0.18990148978222107,경+중등도
0.06394117744791987,중상
0.37966300112440693,경+중등도
0.10689578694589093,경+중등도
0.19987002617707436,경+중등도
0.36553739483068126,경+중등도
0.04599472580863747,경+중등도
0.3402650483064363,경+중등도
0.12619441324798725,경+중등도
0.29721156211333605,경+중등도
0.33956525209061583,경+중등도
0.15968619699063433,경+중등도
0.10931342800206008,경+중등도
0.3069960969554435,경+중등도
0.14986746341221366,경+중등도
0.3231992612005013,경+중등도
0.04194871455748519,경+중등도
0.32201608029421974,경+중등도
0.15329087376489278,경+중등도
0.5270476950794768,경+중등도
0.13334287016525312,경+중등도
0.12530753711178522,경+중등도
0.19471196479653732,경+중등도
0.060732935814581814,경+중등도
0.197075667821635,치명
0.033942744805549034,중상
0.08509785716948504,경+중등도
0.07199317018347424,경+중등도
0.024794831538939133,경+중등도
0.6018486559162947,치명
0.11825563370332305,경+중등도
0.34313533193282136,경+중등도
0.2027995292584838,경+중등도
0.308527764945552,경+중등도
0.36556681459431717,경+중등도
0.28334124107031755,경+중등도
0.20628889916532211,경+중등도
0.14823186717079748,경+중등도
0.19570189896180415,경+중등도
0.12950205547017424,경+중등도
0.3448036525525489,경+중등도
0.10946672246587767,경+중등도
0.15493630576406128,경+중등도
0.674475817556405,경+중등도
0.09660899329999546,경+중등도
0.15546370905241666,경+중등도
0.7274173907269487,경+중등도
0.0652606912254547,경+중등도
0.19704823792363335,경+중등도
0.5898143594788744,경+중등도
0.008538183878009184,경+중등도
0.8971434670691205,경+중등도
0.1436622008709891,경+중등도
0.18585995524487045,경+중등도
0.9333247569730253,치명
0.23983297122515954,경+중등도
0.08348092177362805,중상
0.19961671107770737,경+중등도
0.27490800458828285,경+중등도
0.14304906490306837,경+중등도
0.1993462348035326,경+중등도
0.8530135441010289,치명
0.12685796304503247,경+중등도
0.23454403401830282,경+중등도
0.23920531962691371,경+중등도
0.08110897200534878,경+중등도
0.1806336044087107,경+중등도
0.46672386125926363,경+중등도
0.10610466614335316,경+중등도
0.26725462882827095,경+중등도
0.10193653364657174,경+중등도
0.35393796140104744,경+중등도
0.07778797343533694,경+중등도
0.042249313333536875,경+중등도
0.06966332341954566,경+중등도
0.43697019438280416,경+중등도
0.3045260605149696,경+중등도
0.11164646656921562,경+중등도
0.09354669826586759,경+중등도
0.31056704553965403,경+중등도
0.21402932571488867,경+중등도
0.45954413182007453,경+중등도
0.00758075095539969,중상
0.6456750817345028,경+중등도
0.8953223718891438,치명
0.6430607871339471,경+중등도
0.053998999910009914,경+중등도
0.5918361923847427,경+중등도
0.20886749337281438,경+중등도
0.07434538673050968,경+중등도
0.06287393479724716,경+중등도
0.024541614836696878,경+중등도
0.28856747400138005,경+중등도
0.22227734860394796,경+중등도
0.21877647077711845,경+중등도
0.24604104769612264,경+중등도
0.042226071811914505,경+중등도
0.10003808447205798,중상
0.020697261406829228,경+중등도
0.048136493640443846,중상
0.09013695899286278,중상
0.058107201115629004,경+중등도
0.33913747290486357,경+중등도
0.1292244461168448,경+중등도
0.8210256584917683,치명
0.5659892798308257,경+중등도
0.021669932930932733,경+중등도
0.08434297560381465,경+중등도
0.21091786816828917,경+중등도
0.5974077044644571,경+중등도
0.305711276869455,치명
0.26512815199785,경+중등도
0.2557866903130384,경+중등도
0.17265584363324518,경+중등도
0.2708798866900753,경+중등도
0.15336795223073366,경+중등도
0.30331277735362006,경+중등도
0.1475829157173839,경+중등도
0.010060595003125188,중상
0.24678203037205618,경+중등도
0.07059292778602251,경+중등도
0.24740805944058022,경+중등도
0.2824436510558743,경+중등도
0.026932761003312364,경+중등도
0.4724911717049201,경+중등도
0.0851513516549718,경+중등도
0.15060759484219507,경+중등도
0.40094524731741327,경+중등도
0.060988243714447,경+중등도
0.036419788446555454,경+중등도
0.052544056802882246,경+중등도
0.10081199136663481,경+중등도
0.2112251465185794,경+중등도
0.08073082342589005,경+중등도
0.09416360200422869,경+중등도
0.3752918513552861,경+중등도
0.23279473512953572,경+중등도
0.31339540287445006,경+중등도
0.30268661282603954,경+중등도
0.1246115465576572,경+중등도
0.631504833450219,경+중등도
0.38477453438352244,경+중등도
0.13540015680085482,경+중등도
0.055011991730788974,경+중등도
0.27900949927967594,경+중등도
0.15535532372872518,경+중등도
0.21534839431510786,경+중등도
0.41488455395537227,경+중등도
0.29835638026228556,치명
0.3559032683358454,경+중등도
0.3567410981092858,경+중등도
0.002595638429455455,경+중등도
0.014214907074166783,경+중등도
0.011384028094365423,경+중등도
0.11007909950264146,경+중등도
0.10886366584098323,경+중등도
0.1318552384856849,경+중등도
0.12385960703822314,경+중등도
0.14246154531406044,경+중등도
0.44722966232879857,경+중등도
0.24234658090542202,경+중등도
0.09549188836019161,경+중등도
0.2447664535792299,경+중등도
0.1094243025724758,경+중등도
0.10336999977207073,경+중등도
0.27194889736531497,경+중등도
0.11182413646415008,경+중등도
0.08061566324528761,경+중등도
0.07085788589874052,경+중등도
0.15564966187200321,경+중등도
0.16753134266264502,경+중등도
0.06976296522945517,경+중등도
0.3104671632445426,경+중등도
0.05534685808832084,경+중등도
0.0038025681715092474,중상
0.21761494473202625,경+중등도
0.10017263430649641,경+중등도
0.43808542446333765,경+중등도
0.5559324095135278,경+중등도
0.4349101793043988,경+중등도
0.058103790747162855,경+중등도
0.11558212019515313,경+중등도
0.6914008314155723,치명
0.31405266145615846,경+중등도
0.126553802272432,경+중등도
0.3435667304725882,경+중등도
0.14325618401607912,치명
0.7384946939866411,치명
0.5935181543844511,치명
0.6247041578923778,치명
0.07886195867426606,경+중등도
0.1791957674381445,치명
0.05461546604371209,중상
0.09991345225994887,경+중등도
0.5454498439336674,경+중등도
0.013255324104749977,중상
0.3105515061980748,경+중등도
0.618650114010455,경+중등도
0.22594338841625813,경+중등도
0.1881475097490929,경+중등도
0.31182535174832166,경+중등도
0.057314067083886776,경+중등도
0.20029482830086406,경+중등도
0.44229891710099284,경+중등도
0.07138538211581513,경+중등도
0.3183535956265269,중상
0.07200270885296205,경+중등도
0.316992634077078,경+중등도
0.41367578668347565,치명
0.33023718771807237,경+중등도
0.5469883461915875,경+중등도
0.2201462304535068,경+중등도
0.08745972051609811,경+중등도
0.03401844382920018,경+중등도
0.09122779761897883,경+중등도
0.3922192650747072,경+중등도
0.2210728229495823,경+중등도
0.18566956909563123,경+중등도
0.2454433518142133,경+중등도
0.2902634644944018,경+중등도
0.07777316355912171,치명
0.5081947954580305,경+중등도
0.40313446608429127,경+중등도
0.2912282977370055,경+중등도
0.26581205385161505,경+중등도
0.24272361343476181,경+중등도
0.05769066209381598,경+중등도
0.23891951607249381,경+중등도
0.4465791959209963,경+중등도
0.10996239358960819,경+중등도
0.11101510881617364,경+중등도
0.16138181378347063,경+중등도
0.24730378174627118,경+중등도
0.7245015784947704,경+중등도
0.12531644579572598,경+중등도
0.7469191019738067,치명
0.301868734808826,경+중등도
0.06007305702147112,경+중등도
0.18595478443344296,경+중등도
0.28490963418499965,경+중등도
0.15511351635157752,경+중등도
0.2078234872003292,경+중등도
0.4787875546941314,경+중등도
0.2261527100591295,경+중등도
0.13169613897069377,경+중등도
0.43762708204913014,경+중등도
0.011334130131127112,중상
0.1076547284705433,경+중등도
0.1793486796834558,경+중등도
0.09313256668111096,경+중등도
0.13346823364652016,경+중등도
0.08959597244803343,치명
0.9576967921878993,치명
0.2045211394214451,경+중등도
0.07150064556982126,경+중등도
0.1466573273941101,경+중등도
0.27258116604777455,경+중등도
0.3924910266125646,경+중등도
0.18326960677988038,경+중등도
0.10332674557343287,중상
0.033170980127956,경+중등도
0.08554921514008797,경+중등도
0.07902374428322381,경+중등도
0.0038050427136266268,경+중등도
0.13144760858524696,치명
0.5285063558305093,경+중등도
0.17028131674679461,경+중등도
0.3923521252620625,경+중등도
0.03398576936324803,경+중등도
0.10166174310505478,경+중등도
0.01832572174841546,경+중등도
0.01010953700150737,경+중등도
0.18013108312038476,중상
0.6455865293431459,치명
0.08706447271679248,경+중등도
0.12190448428014733,경+중등도
0.07051639493086953,경+중등도
0.08365600933873692,경+중등도
0.017360413635919805,중상
0.3618632726560717,중상
0.17005314365378876,경+중등도
0.35717771902432643,경+중등도
0.12738100497269364,경+중등도
0.3287692165999276,중상
0.45506928796249707,경+중등도
0.03156347263189449,경+중등도
0.061691757234934835,중상
0.031583144121098465,경+중등도
0.36369047040045666,경+중등도
0.03158961227657911,경+중등도
0.3537504014386566,경+중등도
0.25050575843145056,경+중등도
0.14221632522119604,경+중등도
0.09407094438433052,경+중등도
0.2512466555342075,경+중등도
0.0915747296043652,경+중등도
0.5650901422999982,경+중등도
0.16051708463864875,경+중등도
0.20330276052600693,경+중등도
0.14680434865024442,중상
0.23842947663151715,경+중등도
0.03976461048790749,경+중등도
0.29138187309113545,치명
0.01193346904557721,경+중등도
0.10203997902371986,경+중등도
0.04643518128028856,경+중등도
0.3380086550842874,경+중등도
0.22216345643476298,경+중등도
0.013255059760117436,경+중등도
0.09955031550025055,중상
0.0170297267168521,경+중등도
0.42726839282027257,경+중등도
0.08524682483053105,경+중등도
0.4192248666552953,경+중등도
0.09786474791327814,경+중등도
0.04921859762188149,경+중등도
0.23675245212517812,경+중등도
0.2857836987744453,경+중등도
0.09041617783518456,경+중등도
0.09080940313267456,경+중등도
0.27442071886533564,경+중등도
0.6660228929755578,경+중등도
0.31039492035485367,경+중등도
0.06373278588933866,경+중등도
0.14464201373673805,경+중등도
0.22522723438485814,경+중등도
0.15246089397476167,경+중등도
0.2374498094844301,경+중등도
0.08491658952674774,경+중등도
0.07623109731694182,경+중등도
0.07125143336014295,경+중등도
0.10699602842329624,중상
0.068995516393667,경+중등도
0.37203945785359666,경+중등도
0.19647554994473235,경+중등도
0.22178284479481922,경+중등도
0.11985478581698544,경+중등도
0.4869667423849317,중상
0.43713350868921036,경+중등도
0.12572491835745933,경+중등도
0.9007957734353993,경+중등도
0.48470001685842473,경+중등도
0.25057091689584293,경+중등도
0.10024884207384026,중상
0.06619687160817675,경+중등도
0.12331939354109295,경+중등도
0.0529245868663937,경+중등도
0.8399076099935342,치명
0.0922776116707772,경+중등도
0.014631705387084993,경+중등도
0.41798190579839906,경+중등도
0.14852619751597737,경+중등도
0.19996047888383525,경+중등도
0.005408990085219015,중상
0.14128110992429874,경+중등도
0.15956413954292847,경+중등도
0.13155603007733255,경+중등도
0.0125985090829894,중상
0.2856100442841263,중상
0.1203780779991704,경+중등도
0.20831898268993418,경+중등도
0.14367249254880288,경+중등도
0.12195125764012214,경+중등도
0.06879627175452616,경+중등도
0.3834927421670537,치명
0.0752066642461894,경+중등도
0.006441075694797585,중상
0.24438584186737589,치명
0.37224058726643383,중상
0.22235245878806773,경+중등도
0.7250054641007453,경+중등도
0.8449259176117718,치명
0.05891119755476439,경+중등도
0.09665609266459067,경+중등도
0.21322230313332372,치명
0.2346620006535359,경+중등도
0.2673358252632983,경+중등도
0.04752606371534013,경+중등도
0.08743936165165211,경+중등도
0.004233734567925502,중상
0.16258530357449288,경+중등도
0.2819606530514076,경+중등도
0.18729248954183278,경+중등도
0.1710989536904738,경+중등도
0.22106908612090267,경+중등도
0.3063530402649905,경+중등도
0.3931595122737459,경+중등도
0.15133935623133157,경+중등도
0.07575203669828036,경+중등도
0.004247806390301708,중상
0.024007406171130008,경+중등도
0.4349837615180509,경+중등도
0.15017219081291286,경+중등도
0.5112912604411909,경+중등도
0.07434554356406682,경+중등도
0.2994788278216455,경+중등도
0.2164041677423245,경+중등도
0.440606125488267,치명
0.12668766057186528,치명
0.0046878470825858455,중상
0.33244326473699615,경+중등도
0.12238776801370858,경+중등도
0.224832176682096,경+중등도
0.14120308623346853,경+중등도
0.2113665603531135,경+중등도
0.2802482922283866,경+중등도
0.07067342661643246,경+중등도
0.023345189362518042,경+중등도
0.018476483033828706,중상
0.11959607691998327,경+중등도
0.35150973617618186,경+중등도
0.5169441255026953,경+중등도
0.17358674826169343,경+중등도
0.11544476928413698,경+중등도
0.17176010419742416,경+중등도
0.41877840024157137,경+중등도
0.005658308482098866,경+중등도
0.11071362865836476,경+중등도
0.3194525330588238,경+중등도
0.05604646018638038,경+중등도
0.14943832759117817,경+중등도
0.21367811004658188,경+중등도
0.24159532225309968,경+중등도
0.15538201612612734,경+중등도
0.2504722315620063,경+중등도
0.030382947000150595,경+중등도
0.10665547890375071,경+중등도
0.2559475662942898,경+중등도
0.12556750592948254,경+중등도
0.3136987370953744,경+중등도
0.30976293598374965,중상
0.7438310550596386,경+중등도
0.02256479418213204,경+중등도
0.0903643917521532,경+중등도
0.09783122066173534,경+중등도
0.078434910943621,경+중등도
0.13552094684959123,경+중등도
0.4233732326523057,경+중등도
0.3883422412078817,경+중등도
0.25002800778674433,경+중등도
0.07461789872732011,경+중등도
0.1810509735244675,경+중등도
0.1614040614256592,경+중등도
0.02651518791512661,경+중등도
0.10068779013139124,경+중등도
0.5810405295741267,중상
0.057699559538470724,경+중등도
0.21234600168279028,경+중등도
0.20249470742175843,경+중등도
0.057979311182156844,경+중등도
0.028586514553188586,경+중등도
0.1373465741888543,경+중등도
0.16304575971398286,경+중등도
0.07900182493679236,경+중등도
0.35539906664832976,경+중등도
0.5413815527173541,경+중등도
0.2904766122189885,경+중등도
0.21056125506949308,중상
0.7237459799853507,치명
0.16031377121233795,경+중등도
0.20102490633421818,경+중등도
0.10438220026766624,경+중등도
0.338329939473206,경+중등도
0.26771463506002036,경+중등도
0.07640014767894704,경+중등도
0.0718692056553004,경+중등도
0.2838023859764616,경+중등도
0.0917378513352196,경+중등도
0.08428125880932014,치명
0.05853765675130418,경+중등도
0.05524057061236796,경+중등도
0.24268029886347567,경+중등도
0.10348453733645806,경+중등도
0.5578399455463834,경+중등도
0.20875467282051333,경+중등도
0.03938900464118078,경+중등도
0.6142461767338032,경+중등도
0.14907967985922577,경+중등도
0.19578449275351742,경+중등도
0.35256151237686195,경+중등도
0.03542744637630987,경+중등도
0.09301281491399009,경+중등도
0.023950650708617446,중상
0.18975048828460483,경+중등도
0.10735748898977861,경+중등도
0.09823576754006241,경+중등도
0.0020031465208462415,중상
0.3219770491680806,경+중등도
0.1932065324614999,경+중등도
0.06980402374003777,경+중등도
0.5856185711478598,경+중등도
0.2963672662048497,경+중등도
0.2570123055056312,경+중등도
0.19890072889152974,경+중등도
0.4401184975519661,경+중등도
0.17347510863550153,경+중등도
0.31747578857961417,경+중등도
0.057412327408091046,경+중등도
0.16513293171343277,경+중등도
0.4803072690901942,경+중등도
0.004631480027226955,경+중등도
0.09048252761336832,경+중등도
0.14018239208602182,경+중등도
0.17226066605909848,경+중등도
0.18471863841435643,경+중등도
0.0671645174954918,경+중등도
0.1266441484846048,경+중등도
0.2589133796802947,경+중등도
0.022539755289043947,경+중등도
0.15272708978503471,경+중등도
0.15895014878043903,경+중등도
0.2090795554906079,경+중등도
0.31323127378149973,경+중등도
0.23010349286912754,중상
0.028272123224078582,경+중등도
0.6171523414819176,경+중등도
0.044912273884244014,경+중등도
0.24218736923994577,경+중등도
0.18168246449643766,경+중등도
0.13559209181272944,경+중등도
0.06912464171013762,경+중등도
0.20961556133816886,경+중등도
0.03891259784906603,경+중등도
0.23704561799066493,경+중등도
0.06302246973528929,경+중등도
0.2580307524953826,경+중등도
0.12712016889920444,경+중등도
0.029170709574198383,경+중등도
0.27633439559707773,중상
0.28170446680464273,중상
0.08614898272727761,경+중등도
0.29707179522576,경+중등도
0.01418452917203645,경+중등도
0.026031079123561163,경+중등도
0.12991066876697457,경+중등도
0.08372185592941901,경+중등도
0.5071955098320444,경+중등도
0.10127161290068946,경+중등도
0.643059692415609,치명
0.031711307439278136,경+중등도
0.028679464370941845,경+중등도
0.4265663294637407,경+중등도
0.5110289310618618,경+중등도
0.8655953619787026,치명
0.12153601299636119,경+중등도
0.1582487074409417,경+중등도
0.25281909171156586,경+중등도
0.2847036424530278,중상
0.9067908818583127,치명
0.15045295417993107,경+중등도
0.16295981417731784,경+중등도
0.0948660611392097,경+중등도
0.09952074141393918,경+중등도
0.175660937452947,경+중등도
0.11216836538065673,경+중등도
0.10551731523708097,경+중등도
0.1386221022416627,경+중등도
0.02724195245681417,경+중등도
0.47130855599749083,경+중등도
0.657211365925357,경+중등도
0.4185408539648916,경+중등도
0.42291147132415835,경+중등도
0.11670310977809778,경+중등도
0.032574151395446074,경+중등도
0.04545741491243487,경+중등도
0.10958039735977697,경+중등도
0.05085160101631087,경+중등도
0.28479763970236177,경+중등도
0.214223539149944,경+중등도
0.20551973199996457,경+중등도
0.4985935268341947,경+중등도
0.09060135023910686,경+중등도
0.07791185949879552,경+중등도
0.11926177526160714,경+중등도
0.5869189313629283,치명
0.047663697636420414,경+중등도
0.012732173244664817,경+중등도
0.14222271693093516,경+중등도
0.26797581795681996,경+중등도
0.1517918625740674,경+중등도
0.1317095456957763,경+중등도
0.26154000055085963,경+중등도
0.06256393901361164,경+중등도
0.046184525019750754,경+중등도
0.2762917068620921,경+중등도
0.30077304195548926,경+중등도
0.11532539297685433,경+중등도
0.06637650178101352,경+중등도
0.1988251561265574,경+중등도
0.4616738953583874,경+중등도
0.0201569229682738,경+중등도
0.315448417769838,경+중등도
0.24808243287885137,경+중등도
0.40942272887763415,경+중등도
0.4243021175839928,중상
0.3706373075411101,경+중등도
0.255843732005283,경+중등도
0.4085030712340531,경+중등도
0.13084029199868383,경+중등도
0.2249571093110492,경+중등도
0.019698110815098896,경+중등도
0.08831208906951228,경+중등도
0.059962177103142306,경+중등도
0.3705055505250976,경+중등도
0.24447004163801936,경+중등도
0.7510288615012164,경+중등도
0.03342641468228257,경+중등도
0.0034270836546673594,중상
0.16989469429888204,경+중등도
0.24882968792707752,경+중등도
0.37091428563770296,경+중등도
0.1665849582176809,경+중등도
0.3300243487672913,경+중등도
0.11806800204824108,경+중등도
0.9555046473819312,치명
0.003460832970939591,중상
0.3527515934508924,경+중등도
0.5963496141016239,경+중등도
0.10086727858166826,경+중등도
0.3185816769327145,경+중등도
0.6843900604587487,경+중등도
0.07800808063585685,경+중등도
0.13352105005544126,경+중등도
0.44879015630514524,경+중등도
0.19119952098468798,경+중등도
0.18765042024814818,경+중등도
0.2985575888048742,경+중등도
0.23632912236150241,경+중등도
0.20520832656618068,경+중등도
0.4717945040513174,경+중등도
0.31902330186989314,경+중등도
0.09912141869844841,경+중등도
0.2623671707371535,경+중등도
0.1665855784391119,경+중등도
0.6038655017739759,경+중등도
0.044590539581028064,경+중등도
0.48452596946694215,경+중등도
0.7799936366541732,치명
0.2913117407871302,경+중등도
0.036992088080296935,경+중등도
0.06347321697340408,경+중등도
0.269768752450155,경+중등도
0.08947951972124284,경+중등도
0.034814766709979184,경+중등도
0.5337344163091235,경+중등도
0.36524862322477186,경+중등도
0.296331402047958,중상
0.07280337145461453,경+중등도
0.031634421810282976,경+중등도
0.1008077895171177,경+중등도
0.07490570061073835,경+중등도
0.28276362962611806,중상
0.26770076404377136,경+중등도
0.16872322575559381,경+중등도
0.15391101680637356,경+중등도
0.0968182325472382,중상
0.21114236753244678,경+중등도
0.37555008298741527,경+중등도
0.034509715051796716,경+중등도
0.6979478354300785,치명
0.16152649977641145,경+중등도
0.051744713954832246,경+중등도
0.047660404824502046,경+중등도
0.3729194837526424,경+중등도
0.35047542113956603,경+중등도
0.06612613802324083,경+중등도
0.13373311297049753,경+중등도
0.8118082788881814,경+중등도
0.15415369033937887,치명
0.22733870910496645,경+중등도
0.11717398972690107,경+중등도
0.4361844967566106,경+중등도
0.14670269207346515,경+중등도
0.039964828242337234,경+중등도
0.8420345177025168,중상
0.06898579019453739,경+중등도
0.2734660837251711,경+중등도
0.14329887292064716,경+중등도
0.4847640042375532,경+중등도
0.04935384605225659,경+중등도
0.46724077281425447,치명
0.05706802002698,경+중등도
0.1759685260192022,경+중등도
0.26580306430290984,경+중등도
0.5582822216192392,경+중등도
0.02895936848189749,중상
0.028293760879681818,경+중등도
0.20547468020072315,경+중등도
0.10975874417371605,경+중등도
0.1397382242030143,경+중등도
0.42975651674357795,경+중등도
0.06806496059538203,경+중등도
0.3750994144044519,치명
0.05160396079270474,경+중등도
0.2583284852950622,중상
0.016397765404593315,중상
0.14992077707017928,경+중등도
0.09599171254649959,경+중등도
0.5862648320654352,경+중등도
0.1606210432702323,경+중등도
0.24497385629845006,경+중등도
0.29851797771845634,경+중등도
0.729082755865733,경+중등도
0.0587398385581332,경+중등도
0.127227863084205,경+중등도
0.5798266276241779,경+중등도
0.3486108871432354,경+중등도
0.3564406438712611,경+중등도
0.41566157211613164,경+중등도
0.1870610326566288,경+중등도
0.12341494181284218,경+중등도
0.19449386971950777,경+중등도
0.6687614734825215,경+중등도
0.14767355731365317,경+중등도
0.15581374413972468,경+중등도
0.30746572445663445,치명
0.0915946405733407,경+중등도
0.1289492959340003,경+중등도
0.052510569316496,경+중등도
0.007280404782464772,중상
0.11212031144683614,경+중등도
0.2572249674611304,경+중등도
0.2527546365653547,경+중등도
0.18773494153466563,경+중등도
0.5034526830351487,경+중등도
0.3100286341048333,경+중등도
0.15531505485976985,경+중등도
0.22936117104967965,경+중등도
0.32236972358706745,경+중등도
0.06903334593683992,경+중등도
0.09666726935160752,경+중등도
0.557030605091947,경+중등도
0.28847594348525524,치명
0.1225064950406458,경+중등도
0.2117835029232146,경+중등도
0.003034851528022933,경+중등도
0.1589933133113722,경+중등도
0.4103854012487497,경+중등도
0.04228851819046527,경+중등도
0.08304420425157669,경+중등도
0.01255221196782077,경+중등도
0.09929532301919614,경+중등도
0.0646794904427152,경+중등도
0.12929486418200734,경+중등도
0.12589908916743328,경+중등도
0.6531200391470602,중상
0.09605646353510917,경+중등도
0.12731596003849202,경+중등도
0.10860887412556537,경+중등도
0.0265882577576792,경+중등도
0.041865149629319746,경+중등도
0.4137316079360207,경+중등도
0.13112672903103115,경+중등도
0.3733660665710436,경+중등도
0.19407546611991952,경+중등도
0.3510294676594879,경+중등도
0.09673395772437798,경+중등도
0.5831477065457381,경+중등도
0.8852127470230539,경+중등도
0.1717892661556443,경+중등도
0.33161162741219435,경+중등도
0.1114683312712869,경+중등도
0.03364031398220924,경+중등도
0.4413292799296893,경+중등도
0.06228731343687436,중상
0.007325880171579094,중상
0.07264596006562858,경+중등도
0.14221422513765172,경+중등도
0.4970313374157824,경+중등도
0.0035267708877049996,경+중등도
0.11303568436611781,경+중등도
0.3908434084539107,경+중등도
0.03967007234269191,경+중등도
0.1498509733481078,경+중등도
0.07473759060681211,경+중등도
0.12204823505991036,경+중등도
0.33233742692867074,중상
0.3651033898718055,경+중등도
0.2239386886877842,경+중등도
0.5089707393932345,경+중등도
0.3023547354396294,치명
0.26545922197081556,경+중등도
0.24652522428036047,경+중등도
0.19750315404996513,경+중등도
0.16923151228018782,경+중등도
0.06809188681275345,경+중등도
0.1515305894734507,경+중등도
0.49433678832753086,경+중등도
0.7100128075542859,경+중등도
0.3112117605765131,경+중등도
0.5921978154209248,경+중등도
0.16311880508213364,경+중등도
0.30674588669475084,중상
0.0599907207882397,경+중등도
0.3023409985388052,경+중등도
0.19948209627348626,경+중등도
0.070054391535375,경+중등도
0.16379723295479306,경+중등도
0.4231305911136755,경+중등도
0.1173284571380687,경+중등도
0.2551176424038269,경+중등도
0.23302279412278334,경+중등도
0.08121465920694776,경+중등도
0.11077367439660668,경+중등도
0.0056660126699802525,경+중등도
0.2386926312581127,경+중등도
0.35559825923148763,경+중등도
0.5694927929834505,경+중등도
0.6612494823339775,경+중등도
0.5760019582240369,치명
0.14671522449980454,경+중등도
0.21807139090816244,경+중등도
0.5674226927715339,경+중등도
0.1138839741893668,경+중등도
0.10541009593849389,경+중등도
0.040134167132867986,중상
0.050417946350507274,경+중등도
0.07124901646501215,경+중등도
0.07590394368801617,경+중등도
0.4115263627936144,경+중등도
0.13430865192551913,경+중등도
0.2056206292069914,경+중등도
0.05281564474200077,경+중등도
0.18022022862949602,경+중등도
0.425345182669468,경+중등도
0.41593231375272954,경+중등도
0.18036570143014274,경+중등도
0.4474666971189241,경+중등도
0.23334633976791874,경+중등도
0.3538079536421053,경+중등도
0.4920324342409946,치명
0.17063806404801116,경+중등도
0.0550007051747976,중상
0.1575002707435701,경+중등도
0.4517765582219017,경+중등도
0.4096670412987582,경+중등도
0.04084835742400089,경+중등도
0.12030507488500657,경+중등도
0.26502703051347226,경+중등도
0.1643765661396868,경+중등도
0.08381239824301179,경+중등도
0.1607333249102324,치명
0.0796331196639777,경+중등도
0.2606344899851412,경+중등도
0.4465180168875538,치명
0.18547191541203903,경+중등도
0.09294652908625466,중상
0.08650624339123396,경+중등도
0.6417391011008009,경+중등도
0.3411367800602653,경+중등도
0.08380548323083692,경+중등도
0.16636098485831682,경+중등도
0.04996777328461721,경+중등도
0.051169800958145197,경+중등도
0.043927574620693056,경+중등도
0.05520694368194401,경+중등도
0.6636504659673735,치명
0.07797260262712659,경+중등도
0.566547079702578,경+중등도
0.04098611002785099,경+중등도
0.010848783944922058,경+중등도
0.0454536279263415,경+중등도
0.351999048298742,경+중등도
0.0927797928121266,경+중등도
0.4871931939177256,경+중등도
0.06276809144460192,경+중등도
0.48164249113053986,경+중등도
0.0031349363343253695,중상
0.10233509582061691,치명
0.36997645115545125,경+중등도
0.1841079781909004,경+중등도
0.10363062793077327,경+중등도
0.25878791017129904,경+중등도
0.15468180569067694,경+중등도
0.23444203301273195,경+중등도
0.4616933727826371,경+중등도
0.02762148816750302,경+중등도
0.3187609544075983,중상
0.08447443803487135,중상
0.6147999640144327,경+중등도
0.30558165607816035,경+중등도
0.0971538694991091,중상
0.8071962762073985,경+중등도
0.12788955478565964,경+중등도
0.06601532734974279,경+중등도
0.6659633253752479,경+중등도
0.2357662795894243,경+중등도
0.06988793364805868,경+중등도
0.7547109078497999,치명
0.04572466302813469,경+중등도
0.1148868785745939,경+중등도
0.2062650621081532,경+중등도
0.20369340659749646,경+중등도
0.4920244004715629,경+중등도
0.032505104261913095,경+중등도
0.041259560826605916,경+중등도
0.22140029120830737,경+중등도
0.05809445170908414,경+중등도
0.3339854744067631,경+중등도
0.19639075136233716,경+중등도
0.18437911971179388,경+중등도
0.2300867810868057,경+중등도
0.22014488190700668,경+중등도
0.12588894728350705,경+중등도
0.06582387236884249,경+중등도
0.1085846391716931,경+중등도
0.11238774162668812,경+중등도
0.013276686092496303,중상
0.17800463122488494,경+중등도
0.11137770345520918,경+중등도
0.18021085273758267,경+중등도
0.29342775650891145,경+중등도
0.12302238555018798,경+중등도
0.1709472496818166,경+중등도
0.8008574748921197,치명
0.06619432622588745,경+중등도
0.11951345102977638,중상
0.04361652558735091,경+중등도
0.37757321162959295,경+중등도
0.48289379569879914,경+중등도
0.21177039533649508,경+중등도
0.06193370828442598,경+중등도
0.1173223690190182,경+중등도
0.12393017539912321,경+중등도
0.17486244658948558,경+중등도
0.13613069531258648,경+중등도
0.13035151939254078,경+중등도
0.1963196770456024,경+중등도
0.09575893667353301,경+중등도
0.612335311554428,치명
0.06667191391622945,경+중등도
0.1835499892472916,경+중등도
0.07411375339357804,경+중등도
0.10950809013046892,경+중등도
0.154683810073174,경+중등도
0.07961625707964788,경+중등도
0.07228786190382999,경+중등도
0.2870485463379006,경+중등도
0.09962554421677493,경+중등도
0.5430081709183187,경+중등도
0.06731516843322799,경+중등도
0.4848827858462253,중상
0.2983354195475612,치명
0.38445604363985114,경+중등도
0.10566946541113544,경+중등도
0.4823302398969791,경+중등도
0.15781128831066474,경+중등도
0.22024655087369718,경+중등도
0.10546704039635703,경+중등도
0.14143653218079158,경+중등도
0.12813027131417157,경+중등도
0.24595095475733664,경+중등도
0.13882425615388977,경+중등도
0.1188261573313351,경+중등도
0.10112227685479414,경+중등도
0.07655548564270086,중상
0.08051607072437389,경+중등도
0.17294022800159606,중상
0.20020375699292078,경+중등도
0.34002103348107426,치명
0.07599446760368507,경+중등도
0.11018423852329125,중상
0.44423983117914806,경+중등도
0.0726848229056309,중상
0.16277495797720506,경+중등도
0.17250399341898845,경+중등도
0.2559255993654423,경+중등도
0.3219770491680806,경+중등도
0.00496632983450548,경+중등도
0.5662253967995033,경+중등도
0.3093117102708897,경+중등도
0.2587976444102495,경+중등도
0.05497340476809274,경+중등도
0.1504835097891903,경+중등도
0.13440921379846169,경+중등도
0.46908122622911175,경+중등도
0.3967791497367308,경+중등도
0.2147791213620749,경+중등도
0.16222828119134966,경+중등도
0.05806982240304468,경+중등도
0.39922502921047415,경+중등도
0.10023155884210806,경+중등도
0.03278823172072606,경+중등도
0.05967797144295032,경+중등도
0.18273432186862335,중상
0.14192065533288165,경+중등도
0.09206801883786984,중상
0.09333106427612294,경+중등도
0.3102374384078361,경+중등도
0.27152502827764746,경+중등도
0.20199636247156602,경+중등도
0.8215289520362085,치명
0.22697800412351787,경+중등도
0.4549571659370996,경+중등도
0.10556508961663015,경+중등도
0.07189559995108157,경+중등도
0.7269708252041364,치명
0.32154283774604214,치명
0.7214690015849401,경+중등도
0.03870539131512179,경+중등도
0.04612439219015633,경+중등도
0.09668374177807808,경+중등도
0.11631590052393616,경+중등도
0.07228736564773312,중상
0.7673263534130808,경+중등도
0.10552344781254913,경+중등도
0.21640965036567314,경+중등도
0.10475189978363082,경+중등도
0.04888002066220549,경+중등도
0.5316635747861785,경+중등도
0.1345326953026336,경+중등도
0.13228837406132934,경+중등도
0.16789097979087228,경+중등도
0.09015713839422661,경+중등도
0.1204760870452337,경+중등도
0.1658629130405786,경+중등도
0.07206134260856377,경+중등도
0.31742063387009956,중상
0.27233854345225655,경+중등도
0.4213983888315518,경+중등도
0.29460132354861235,경+중등도
0.3591099734574292,경+중등도
0.2869595150032922,경+중등도
0.3281352220730877,경+중등도
0.6546351017439136,경+중등도
0.5574643424133517,경+중등도
0.204197254881618,경+중등도
0.08567119835366394,경+중등도
0.03177105336497816,경+중등도
0.232634817143306,경+중등도
0.2126702739984158,경+중등도
0.10403344977945765,경+중등도
0.10781484376808703,경+중등도
0.1169948582619329,경+중등도
0.0160886196467525,경+중등도
0.10423927098985492,경+중등도
0.5006661408865617,경+중등도
0.06486338463327213,경+중등도
0.0917771088545703,경+중등도
0.40141953974425554,경+중등도
0.3212056666951653,경+중등도
0.14274406258527192,경+중등도
0.04098959584177707,경+중등도
0.018148704539325964,경+중등도
0.27876438876775006,경+중등도
0.42055702415362833,경+중등도
0.1764039965448427,경+중등도
0.1970083215222879,경+중등도
0.43535705971927996,경+중등도
0.04497921845585972,경+중등도
0.36909216993948823,경+중등도
0.0693473432509904,경+중등도
0.1228618467684011,경+중등도
0.3257284549640153,경+중등도
0.10327679645217581,경+중등도
0.02078211632754247,경+중등도
0.1748541859650783,치명
0.6442811150556479,경+중등도
0.006431100361870859,중상
0.24202080667070058,경+중등도
0.07130028655908927,경+중등도
0.05373746301104393,경+중등도
0.02587892843136544,경+중등도
0.5114411049894173,경+중등도
0.1079205040238825,경+중등도
0.502871268164042,경+중등도
0.11831768789426644,경+중등도
0.1663154075484274,경+중등도
0.051323142933186176,경+중등도
0.25648370003463855,경+중등도
0.13888491714616424,경+중등도
0.013183502213523096,중상
0.031891739162519285,경+중등도
0.19537555828932338,경+중등도
0.23363232020856353,경+중등도
0.054973535435000435,경+중등도
0.037160205114709084,중상
0.018921862260009956,경+중등도
0.5400281633456009,경+중등도
0.023851145092220652,중상
0.1014589478374101,경+중등도
0.14208766067786396,경+중등도
0.15231498713742123,경+중등도
0.1308300533455245,경+중등도
0.12529401932200754,경+중등도
0.6334935534359354,경+중등도
0.22097814201841506,경+중등도
0.17137171757919342,경+중등도
0.3910207397118714,경+중등도
0.2861409617976713,경+중등도
0.3458762015777746,경+중등도
0.8309454307440739,경+중등도
0.07594864768169304,경+중등도
0.48814300387024695,경+중등도
0.5862719984922001,치명
0.34093350249202975,경+중등도
0.5781755459676222,경+중등도
0.15474751201438205,경+중등도
0.5173812460178152,경+중등도
0.3681867153787195,경+중등도
0.34567599709514757,경+중등도
0.2948258206684955,경+중등도
0.06557790888154487,경+중등도
0.08953588363597631,경+중등도
0.13332736944238624,경+중등도
0.06609572354304706,중상
0.011208440983790383,중상
0.09738477889422918,경+중등도
0.20844090754416564,경+중등도
0.11974122245133643,경+중등도
0.404536922260687,경+중등도
0.15484074547804513,경+중등도
0.12283637952617366,경+중등도
0.11995445879351652,경+중등도
0.22110563365625757,경+중등도
0.04885081826801015,중상
0.005096894403933186,중상
0.11070914365059066,경+중등도
0.05067635648865948,경+중등도
0.3523887134900061,경+중등도
0.1304878191342274,경+중등도
0.7146531987817951,치명
0.40962441083830076,경+중등도
0.09036854186756049,경+중등도
0.04888094217428977,경+중등도
0.15867933888766672,경+중등도
0.4231008235274924,경+중등도
0.1540455306682955,경+중등도
0.04485080570506932,경+중등도
0.31170466188281293,경+중등도
0.35363892664943664,경+중등도
0.09497095749296897,경+중등도
0.0956630841095066,경+중등도
0.621477740144018,경+중등도
0.2936611142235603,경+중등도
0.4369434450351357,경+중등도
0.31604684823429596,치명
0.37589122259138447,경+중등도
0.6370684925240901,경+중등도
0.04009755919070001,경+중등도
0.10711904559373582,경+중등도
0.22370618217479135,경+중등도
0.18892175696234795,경+중등도
0.4532442989947423,경+중등도
0.06173002627778262,경+중등도
0.42471390588842056,경+중등도
0.30586464088924337,중상
0.4253155356931773,경+중등도
0.19995503311933774,경+중등도
0.08357555718518499,경+중등도
0.4044562204599893,경+중등도
0.05452937713480588,경+중등도
0.45261815490856444,경+중등도
0.18539031339436063,경+중등도
0.13322676684392623,경+중등도
0.13350552116533207,경+중등도
0.7109876150994557,경+중등도
0.06799635029721662,경+중등도
0.18854948979490938,경+중등도
0.41734436840068145,경+중등도
0.44552004980421905,경+중등도
0.11758289088837721,경+중등도
0.39691146434611574,경+중등도
0.038855856956529655,경+중등도
0.44097642846702073,경+중등도
0.22188561630973047,경+중등도
0.642696740028199,치명
0.4419687951403019,경+중등도
0.2808302466307906,치명
0.04259288558232688,경+중등도
0.20519296958972988,경+중등도
0.06646775883664967,경+중등도
0.08353475563557271,경+중등도
0.6089913031983781,치명
0.13930207843768005,경+중등도
0.044892269137756825,경+중등도
0.2648774870114067,경+중등도
0.8000308563586764,경+중등도
0.20051563987294307,경+중등도
0.326751192433439,경+중등도
0.32566195565770717,경+중등도
0.28656736612214667,경+중등도
0.15129936948356096,경+중등도
0.0490226873657429,경+중등도
0.2805548006441607,경+중등도
0.34032387772292544,경+중등도
0.08810105983411355,경+중등도
0.05676094106726295,경+중등도
0.02960820031494307,경+중등도
0.49819876459874285,경+중등도
0.4184814311402986,치명
0.033444286691595125,경+중등도
0.14104597838061103,경+중등도
0.2465551180050772,중상
0.06035775114375728,경+중등도
0.1116650386086771,경+중등도
0.2288073480142047,경+중등도
0.24270152556720392,경+중등도
0.2598984354468245,경+중등도
0.061348939155325986,경+중등도
0.09484379097590784,경+중등도
0.15162907712993282,경+중등도
0.17481965447243672,경+중등도
0.17417018186278624,경+중등도
0.12241429179567488,중상
0.123234602015231,중상
0.7126895168533741,경+중등도
0.3004197124448808,경+중등도
0.02861540963810974,경+중등도
0.008849418446854574,경+중등도
0.24493641675412178,경+중등도
0.33448886681272477,경+중등도
0.42429517282944657,경+중등도
0.23215407295344712,경+중등도
0.07402974801721988,경+중등도
0.18957671887794794,경+중등도
0.21791695784775678,경+중등도
0.1021166285532958,경+중등도
0.5752898214321808,중상
0.2712348233033624,경+중등도
0.19452468602924233,경+중등도
0.10371947809023922,경+중등도
0.01166850557864868,중상
0.27247241398125227,경+중등도
0.10577398004791987,경+중등도
0.34479120347091774,경+중등도
0.04691314033094431,경+중등도
0.07776148899450426,중상
0.7461623562417983,경+중등도
0.11874930135199957,중상
0.20737383669700934,경+중등도
0.00749572349500451,경+중등도
0.13010448972972735,경+중등도
0.4340267918689986,경+중등도
0.21659876161035796,경+중등도
0.045770644076113524,경+중등도
0.005660569112653589,경+중등도
0.3310891955424749,경+중등도
0.10451461700785841,경+중등도
0.26283579526561135,경+중등도
0.16390998037814453,경+중등도
0.06058254830462447,경+중등도
0.08860706927914704,경+중등도
0.24209430739077784,경+중등도
0.2260865012570453,경+중등도
0.6295679758149775,경+중등도
0.3055177246858806,경+중등도
0.5289362572283852,경+중등도
0.17663995720632586,경+중등도
0.17691519244040252,경+중등도
0.34047917314212,경+중등도
0.013973788291352868,경+중등도
0.024009632810662818,경+중등도
0.03405126621130235,경+중등도
0.12686600964044184,경+중등도
0.2639763108485098,경+중등도
0.38710852894885334,경+중등도
0.002282319962296881,경+중등도
0.11001196982942912,중상
0.13060359384357148,경+중등도
0.07863602595173978,경+중등도
0.07283785687082836,경+중등도
0.17723659818032486,경+중등도
0.24319002087683053,경+중등도
0.25163134604235826,경+중등도
0.05652062662938915,경+중등도
0.12375179067480836,경+중등도
0.11785807219853457,경+중등도
0.2851559462313861,치명
0.6717459468880292,치명
0.03625147073207887,경+중등도
0.2268825591093345,중상
0.28257492710606463,경+중등도
0.04013378345254393,경+중등도
0.30811466402824367,중상
0.19589979878083508,경+중등도
0.36872681499261845,경+중등도
0.0030793379754250963,중상
0.6444590375385147,경+중등도
0.138295586951331,경+중등도
0.3616564312690942,경+중등도
0.40118709226473576,중상
0.5437082811284973,경+중등도
0.05284927300711062,경+중등도
0.3300679490577625,경+중등도
0.009451970094441634,경+중등도
0.1574648902890546,경+중등도
0.1746762203619492,경+중등도
0.21637492924565194,경+중등도
0.32316676758782087,경+중등도
0.14796834558224695,경+중등도
0.021258613470301942,경+중등도
0.04486029007301762,경+중등도
0.1541234942746349,경+중등도
0.11053641175091485,경+중등도
0.31623920670672034,치명
0.43192402942845165,경+중등도
0.08322847189833542,경+중등도
0.3179520128531869,경+중등도
0.0041206238818509745,경+중등도
0.015561131467588895,경+중등도
0.23048810104850867,경+중등도
0.5305711321279398,치명
0.300714243800655,경+중등도
0.5190832974665343,경+중등도
0.336317505692411,경+중등도
0.054382691301097776,경+중등도
0.15056703226215631,경+중등도
0.3818307881153011,경+중등도
0.27556719210028185,경+중등도
0.007621232749009853,중상
0.18839264348576865,경+중등도
0.7172186242333781,경+중등도
0.005422025345559855,중상
0.590505481641241,중상
0.04742597952716915,경+중등도
0.48847956468826714,경+중등도
0.5516833548349077,경+중등도
0.12983017822481233,경+중등도
0.006032236347300521,경+중등도
0.09768934620318702,경+중등도
0.028397441248881296,경+중등도
0.5793607579706752,경+중등도
0.8193279595513842,중상
0.256450338629484,경+중등도
0.5096405627088547,경+중등도
0.2550902076271122,경+중등도
0.0304350270987285,경+중등도
0.0853935142858722,경+중등도
0.16570905240396008,경+중등도
0.04318721302275095,경+중등도
0.10344001125494734,경+중등도
0.03443800849698394,경+중등도
0.020231451363134218,경+중등도
0.3041613637164872,경+중등도
0.38867832328358976,경+중등도
0.38887389022686597,경+중등도
0.21652552271152128,경+중등도
0.36080768629472554,경+중등도
0.3033464455495859,경+중등도
0.3630600239791901,경+중등도
0.6408463285231941,경+중등도
0.26759028005740443,경+중등도
0.3479222395478187,경+중등도
0.1218882458381258,경+중등도
0.14841738329902407,경+중등도
0.0773965621915518,경+중등도
0.20350904650226345,경+중등도
0.489531441538946,경+중등도
0.3432468532582589,경+중등도
0.09487701261763458,경+중등도
0.19106708801193661,중상
0.7996917323813189,경+중등도
0.24480663601665328,경+중등도
0.3786128653677714,치명
0.08620474132333562,경+중등도
0.48421764737945816,경+중등도
0.483136990238383,경+중등도
0.28713807135485636,경+중등도
0.06196374615736911,중상
0.41610839832071056,경+중등도
0.10705825883404203,경+중등도
0.4244520157215623,경+중등도
0.17704436180513902,치명
0.1608354252559502,경+중등도
0.6644008049068595,경+중등도
0.6765699519214031,경+중등도
0.6106148063264082,경+중등도
0.0602640344016744,경+중등도
0.2944744950260865,경+중등도
0.07273907371519538,경+중등도
0.06775672224209785,경+중등도
0.22607962871248355,경+중등도
0.23106920999637007,경+중등도
0.2730582032633815,경+중등도
0.02485289579031744,경+중등도
0.4907341766868911,경+중등도
0.12771147105849898,경+중등도
0.35016982251922596,경+중등도
0.474096918854033,경+중등도
0.23542417691823006,경+중등도
0.2965746164266566,경+중등도
0.19472036446265606,경+중등도
0.3628913828572197,경+중등도
0.8272212853706785,경+중등도
0.04156360151162762,경+중등도
0.02826888364504752,중상
0.10184558164061604,경+중등도
0.6557166047422959,중상
0.2934824855938942,치명
0.04716003740130409,경+중등도
0.054860002733399416,경+중등도
0.15654510231179888,경+중등도
0.4485011008789454,경+중등도
0.1750021772638514,중상
0.37237702033522807,경+중등도
0.07924471144253133,경+중등도
0.07217336055604255,경+중등도
0.037838660241417105,경+중등도
0.2228903265804659,경+중등도
0.05487654341263929,경+중등도
0.5084268868884328,경+중등도
0.0906774493190734,경+중등도
0.140140748595957,경+중등도
0.027580371621044052,중상
0.649464730069855,경+중등도
0.060915384553306105,경+중등도
0.040557672107049025,중상
0.05543940732069319,경+중등도
0.04995022603224703,경+중등도
0.21951826403546684,경+중등도
0.3604813342241087,경+중등도
0.09303010606858941,경+중등도
0.32667850302562296,경+중등도
0.3844120740231616,경+중등도
0.20444477720565535,경+중등도
0.15953083389523381,경+중등도
0.004365251776652054,경+중등도
0.20244039566880923,경+중등도
0.11832851117629024,경+중등도
0.06904242103287388,경+중등도
0.38351678479441514,경+중등도
0.006049771613241874,경+중등도
0.043916331623242315,경+중등도
0.14712948496174755,경+중등도
0.5632341593268615,경+중등도
0.3064345510582271,경+중등도
0.15904123581505822,경+중등도
0.20406518832249299,경+중등도
0.09070969407258807,경+중등도
0.1503759662107621,경+중등도
0.253814044281645,경+중등도
0.29597126476886904,경+중등도
0.12077478282739347,경+중등도
0.04115983638909273,경+중등도
0.22547366581132847,경+중등도
0.16408498859315196,경+중등도
0.1609787889600501,경+중등도
0.4980660627632365,경+중등도
0.23369710195955404,경+중등도
0.7979314051040042,치명
0.8824137966121425,치명
0.1941271438827387,경+중등도
0.07871326554372245,경+중등도
0.17982325873304983,경+중등도
0.2820973916109801,경+중등도
0.4573347626006048,경+중등도
0.10135210664532802,경+중등도
0.19612990600305524,치명
0.1806861040452651,경+중등도
0.21452347343760272,경+중등도
0.18651192499309452,경+중등도
0.2208685180871528,중상
0.09548672194475953,경+중등도
0.10515229071303785,경+중등도
0.16983182167950575,중상
0.06237784615332839,경+중등도
0.37526164156145886,경+중등도
0.589800455102898,경+중등도
0.01995173098911605,중상
0.07691552136952506,경+중등도
0.09755806654656025,중상
0.09608998719879863,경+중등도
0.03877145062787613,경+중등도
0.2744783609082204,경+중등도
0.11055839181608286,경+중등도
0.08595217153124186,경+중등도
0.48162127989357967,경+중등도
0.23798000290897506,경+중등도
0.06788349902529862,경+중등도
0.425897274643482,경+중등도
0.04361936823442581,경+중등도
0.19331621813441868,경+중등도
0.025853544956302103,경+중등도
0.2893380073783019,경+중등도
0.49227998185856164,경+중등도
0.4039325950388946,경+중등도
0.07292384658339161,경+중등도
0.30555183546420855,경+중등도
0.1680053461467799,경+중등도
0.19046930019482766,경+중등도
0.33642045670912574,경+중등도
0.2529151879436882,경+중등도
0.06827846194864029,경+중등도
0.19978820008719575,경+중등도
0.08931027368113999,경+중등도
0.19352230124742298,경+중등도
0.6861211092360217,경+중등도
0.22866818297305955,경+중등도
0.38024174588963017,경+중등도
0.07300271009442844,경+중등도
0.05794922990011289,치명
0.3065486129601095,경+중등도
0.24798283983821615,경+중등도
0.11074988967813555,경+중등도
0.40662062903647495,경+중등도
0.10559317247870531,경+중등도
0.47717665666900055,경+중등도
0.8314354621297749,치명
0.0038386150875576986,경+중등도
0.13396370082473427,경+중등도
0.37079728666564105,경+중등도
0.30820517273214565,치명
0.21510861745477705,경+중등도
0.2883881050092243,경+중등도
0.3824468643932935,경+중등도
0.15479008797987434,경+중등도
0.12532603412315393,경+중등도
0.8250848643253921,치명
0.17732624887238022,경+중등도
0.11502248248561826,경+중등도
0.18434503347930206,경+중등도
0.12319855718646007,경+중등도
0.005569500292680954,중상
0.18840914481336593,경+중등도
0.03740763972228895,경+중등도
0.1551604309845178,치명
0.17788496353662295,경+중등도
0.16136236368695064,경+중등도
0.05319800161443409,경+중등도
0.049823492744553444,경+중등도
0.40238572525585575,경+중등도
0.2791789944980066,경+중등도
0.13643263582104903,경+중등도
0.32398824870182713,경+중등도
0.27600295784760676,경+중등도
0.20461976887176356,경+중등도
0.29434903308367494,경+중등도
0.7113401513441393,치명
0.9374730943060202,치명
0.25803122594750333,경+중등도
0.5023867253660589,경+중등도
0.3813461615574048,경+중등도
0.27955051022899563,경+중등도
0.19808179357600678,경+중등도
0.0658539226543096,경+중등도
0.09499243893648855,경+중등도
0.5252446204863992,치명
0.10282959834673144,경+중등도
0.10311538552629311,경+중등도
0.6809160844504767,경+중등도
0.39956535171434643,경+중등도
0.38793841428371295,경+중등도
0.17836122242073912,경+중등도
0.536346325830332,경+중등도
0.1318706580373197,경+중등도
0.2711847045383226,경+중등도
0.06760287513863245,경+중등도
0.30378333084339365,경+중등도
0.21582879416916298,경+중등도
0.020458821277630226,경+중등도
0.7651497238483977,치명
0.20738566997625693,경+중등도
0.22791090313179704,경+중등도
0.20890709251073872,경+중등도
0.6043785033551939,경+중등도
0.11047776667345106,경+중등도
0.09402573133839509,경+중등도
0.21199251426029628,경+중등도
0.059831799470665636,경+중등도
0.017547841439700108,경+중등도
0.05566277158496913,경+중등도
0.5360768314184029,경+중등도
0.09225137082273527,중상
0.10676782614979878,경+중등도
0.1501966633864983,중상
0.04822538265184276,경+중등도
0.17886251741446615,경+중등도
0.31315523461897593,경+중등도
0.016346225866727224,중상
0.009820153943772633,경+중등도
0.23678284857814957,경+중등도
0.31217930057033455,치명
0.16443094311167142,경+중등도
0.5240504049651613,경+중등도
0.02551145277810221,경+중등도
0.08618148543225686,경+중등도
0.4220150149180795,경+중등도
0.030128950648608304,경+중등도
0.35274989366689624,경+중등도
0.2454020779645345,경+중등도
0.9490174633357008,치명
0.20710561422051907,경+중등도
0.7938707530230076,치명
0.055339452623151014,경+중등도
0.06592969985962165,경+중등도
0.06473526340742831,경+중등도
0.11221840633592556,중상
0.33980835020324074,경+중등도
0.48248009934637565,경+중등도
0.04291707599700791,경+중등도
0.07628616096684936,중상
0.04305597579763168,중상
0.4592423228076142,경+중등도
0.12963953330795264,경+중등도
0.07184729116175949,경+중등도
0.0790385804273729,경+중등도
0.2677551472398228,경+중등도
0.2150994952262341,경+중등도
0.0724501054115268,경+중등도
0.06650395851624918,중상
0.05826251404563949,중상
0.2575722268990929,경+중등도
0.25793808499329435,경+중등도
0.13003903052175927,경+중등도
0.11657299304453676,경+중등도
0.742873146804178,치명
0.3708532629053966,경+중등도
0.43777176596148726,경+중등도
0.3750462794600013,경+중등도
0.032982990662387225,경+중등도
0.08805072683340291,경+중등도
0.22484111389384856,경+중등도
0.2491309346037626,경+중등도
0.24980161395961145,경+중등도
0.29100457315610306,경+중등도
0.2999276488158011,경+중등도
0.10934083884377747,경+중등도
0.17979829932405697,경+중등도
0.9342770945661357,경+중등도
0.20334849120237605,중상
0.4264991408410574,경+중등도
0.25281339819575693,경+중등도
0.053798780402778336,경+중등도
0.3524935982620516,치명
0.5005452954233388,경+중등도
0.3934004484922416,경+중등도
0.010842613719419735,경+중등도
0.11393862333547981,경+중등도
0.30665098149840114,경+중등도
0.332134673335926,치명
0.20068076186969006,경+중등도
0.09753449073451263,경+중등도
0.13739989391981067,경+중등도
0.22572217515617465,치명
0.378555139265823,경+중등도
0.22018386079306382,경+중등도
0.13702710573965246,경+중등도
0.18582583360512495,경+중등도
0.040081046294633736,경+중등도
0.39103656442349877,경+중등도
0.5646660816616272,경+중등도
0.0447450972088132,경+중등도
0.18486908785769074,경+중등도
0.010144765570456567,경+중등도
0.25108637342249723,경+중등도
0.758504776859338,치명
0.2516584661018075,경+중등도
0.4277627460905145,경+중등도
0.45470363234922573,경+중등도
0.22108641698094803,경+중등도
0.1357317527339905,경+중등도
0.5956721483484925,경+중등도
0.07891916626240489,경+중등도
0.7083238412713388,경+중등도
0.002691701315088423,중상
0.37735523718544633,경+중등도
0.05428314027847967,경+중등도
0.46388314869387015,경+중등도
0.24450394648873344,경+중등도
0.10551566004534008,경+중등도
0.13190273420691245,경+중등도
0.025835661382809887,경+중등도
0.3782044956769457,경+중등도
0.1814686302518879,경+중등도
0.10670412857769,경+중등도
0.22927792695376192,경+중등도
0.003387724104711409,중상
0.16628102599123565,경+중등도
0.6599779123604849,경+중등도
0.23134167719162804,경+중등도
0.10898481645922609,경+중등도
0.015310167510063971,중상
0.07201804838482946,경+중등도
0.17214540855202862,경+중등도
0.1578991782522806,치명
0.29903066946780554,치명
0.40113538608871474,경+중등도
0.2176963799477221,경+중등도
0.2656544501770485,경+중등도
0.08621353021851436,중상
0.2194021388062216,중상
0.03425712746373422,경+중등도
0.47329063674116484,경+중등도
0.46825446204073834,경+중등도
0.028155327490745338,경+중등도
0.06199455607790297,경+중등도
0.26788156697830967,경+중등도
0.4975241373460424,경+중등도
0.20954286663861196,경+중등도
0.1502828083905393,경+중등도
0.03806625259654394,경+중등도
0.10038542798101106,경+중등도
0.39774813727747516,경+중등도
0.2165025880171897,경+중등도
0.29751577200107193,경+중등도
0.4813561499585292,경+중등도
0.05224557713209471,경+중등도
0.4735239132462803,경+중등도
0.46366105300286325,경+중등도
0.30985025853149056,치명
0.2732836849618349,경+중등도
0.06944826991177949,경+중등도
0.028468153267819957,경+중등도
0.07983429467494985,경+중등도
0.21875297019940323,경+중등도
0.048320527352681775,경+중등도
0.37668287170670095,경+중등도
0.5087397826553067,경+중등도
0.4469667883379856,경+중등도
0.12961055497167032,경+중등도
0.1306712055344202,경+중등도
0.021814255386934975,경+중등도
0.13068657996181574,중상
0.2789196006782466,경+중등도
0.13056458533323198,경+중등도
0.35874674976611703,경+중등도
0.5319511658930077,경+중등도
0.392974696977143,경+중등도
0.8332592703593781,치명
0.11090261174782341,경+중등도
0.1875381490748936,치명
0.14866225301500502,경+중등도
0.07579023247534637,경+중등도
0.35535313084908077,경+중등도
0.24251248640404297,경+중등도
0.12812259176315782,경+중등도
0.29207436708729145,경+중등도
0.1287561990445563,경+중등도
0.05064161302374804,경+중등도
0.19235036654889184,경+중등도
0.021208210731802613,경+중등도
0.1908088922998469,경+중등도
0.04830585214034732,경+중등도
0.3512628839089484,경+중등도
0.0045340495813739,중상
0.3844947037669571,경+중등도
0.5304106851611946,경+중등도
0.08275188047011393,경+중등도
0.16493274436374417,경+중등도
0.14714343476415073,경+중등도
0.15174117965559755,경+중등도
0.005029178616450838,경+중등도
0.16919013291825957,경+중등도
0.05837391127348413,경+중등도
0.14197977467959874,경+중등도
0.021186130126360902,경+중등도
0.3081976537803764,경+중등도
0.7267031587350227,경+중등도
0.2962028119412778,경+중등도
0.42825233904763826,경+중등도
0.26889041136549335,경+중등도
0.28121915974154044,경+중등도
0.05824159719122932,경+중등도
0.2677862478901159,경+중등도
0.28959626345859363,경+중등도
0.04663387362365166,경+중등도
0.23325821310731967,경+중등도
0.4992662350005212,경+중등도
0.045343423311892096,중상
0.07704553133923502,경+중등도
0.6217708282454265,경+중등도
0.624009870351289,경+중등도
0.14048450946306215,경+중등도
0.1177419018652971,경+중등도
0.21788451735395264,경+중등도
0.0618162379459344,경+중등도
0.08446351954058055,경+중등도
0.10037733981777108,경+중등도
0.2106680700855774,경+중등도
0.44454271505258874,경+중등도
0.5692285369682425,경+중등도
0.19590363244064624,경+중등도
0.13578506382052977,경+중등도
0.05015505833331346,경+중등도
0.5765581828673533,치명
0.27381040854882227,중상
0.073673238780681,경+중등도
0.10319130799320476,경+중등도
0.26140778239506485,경+중등도
0.05469343707570373,경+중등도
0.13934822946421052,경+중등도
0.33469900350478143,경+중등도
0.32021781527622145,경+중등도
0.16552134125410353,경+중등도
0.05454807662115918,경+중등도
0.1831477299720383,경+중등도
0.30940750595654426,경+중등도
0.6442354783586021,치명
0.002001900501690452,중상
0.2575343095330629,경+중등도
0.09981182009693694,경+중등도
0.07256981479191632,중상
0.19432250421755634,경+중등도
0.011757178112949561,중상
0.07832251886588507,경+중등도
0.0022060880092797,중상
0.16573089706645033,경+중등도
0.2046589967207307,경+중등도
0.5324630966339743,경+중등도
0.32347160517569007,경+중등도
0.3201848688619163,경+중등도
0.11028336670002488,경+중등도
0.12842400432681292,경+중등도
0.2786509832121944,경+중등도
0.4698571306029388,경+중등도
0.07821577680016101,경+중등도
0.1805983856746102,치명
0.1308709853197402,경+중등도
0.0348934087025446,경+중등도
0.09199475545323228,경+중등도
0.03627640245651375,경+중등도
0.14339778934393196,경+중등도
0.2750391303676906,경+중등도
0.3606215686292305,경+중등도
0.10396281845721006,경+중등도
0.061359998345964006,경+중등도
0.6465059574636652,치명
0.02853202090631357,경+중등도
0.015015005670393182,중상
0.3721472880477849,경+중등도
0.13832807031114516,경+중등도
0.9094890177617531,치명
0.1445709883082447,경+중등도
0.028959736223008663,중상
0.24785548809866417,경+중등도
0.07889488387890915,경+중등도
0.1689566461501638,경+중등도
0.06523644853562889,경+중등도
0.2382652642888418,경+중등도
0.004441926197401039,중상
0.0725355360687606,경+중등도
0.23077619014947623,치명
0.21507686321139974,경+중등도
0.20855199264856414,경+중등도
0.638969751634093,경+중등도
0.30037436803127515,경+중등도
0.13997625966740132,경+중등도
0.7353768936831097,경+중등도
0.3344721420856905,경+중등도
0.37639722506734313,경+중등도
0.014127000183331828,경+중등도
0.14908737029134556,경+중등도
0.7717964277617586,치명
0.2502809530044292,경+중등도
0.25474459620331324,경+중등도
0.04171898474354894,경+중등도
0.3844196697845092,경+중등도
0.03379890477326402,경+중등도
0.05522423438548637,경+중등도
0.16406872735859668,경+중등도
0.09306065611354612,경+중등도
0.22345522478273805,경+중등도
0.012227507333234675,경+중등도
0.3088183921214091,경+중등도
0.12623119538178984,경+중등도
0.28733420250404734,경+중등도
0.3967313421933894,경+중등도
0.43286559870631014,경+중등도
0.30279187728441265,치명
0.18842432976123633,중상
0.25899919860914644,경+중등도
0.17106099508976644,경+중등도
0.6703143277488129,경+중등도
0.27181237855952545,경+중등도
0.2909497311779486,경+중등도
0.7916546729747305,경+중등도
0.012846938509242475,중상
0.319431429398742,경+중등도
0.15519108485425692,경+중등도
0.14861828519977074,경+중등도
0.07279884486317877,경+중등도
0.11142597983472696,경+중등도
0.017295443497005403,중상
0.07772431156336775,경+중등도
0.06486507970254027,경+중등도
0.1479135408619986,치명
0.07926926987983957,경+중등도
0.1012074335105728,중상
0.11212309055703462,중상
0.027736419938158067,경+중등도
0.11028419691015967,경+중등도
0.6506176783823311,경+중등도
0.25253501611108903,경+중등도
0.14414571795926442,경+중등도
0.4542526255132137,경+중등도
0.2448956436104377,경+중등도
0.18033815988112886,경+중등도
0.13369485826086377,경+중등도
0.08217307599347645,경+중등도
0.08846324743880128,경+중등도
0.004469956302441144,중상
0.2622276491315263,경+중등도
0.07545764572781881,경+중등도
0.2758474643770374,경+중등도
0.14235114080673716,경+중등도
0.7857909583725083,치명
0.05884457924731274,경+중등도
0.14869797356689848,경+중등도
0.42445501499258514,경+중등도
0.32371288446308283,경+중등도
0.19137266153097102,치명
0.0999334738598599,경+중등도
0.44020388204876904,경+중등도
0.098093019770303,경+중등도
0.9197488138456297,치명
0.5929342358123358,경+중등도
0.1830406854608242,경+중등도
0.35390794078434223,경+중등도
0.039183127027054836,경+중등도
0.6702571321745087,경+중등도
0.2847299161745382,경+중등도
0.09055443911035292,경+중등도
0.13747783461051863,경+중등도
0.8254867807707806,치명
0.2912430211275231,경+중등도
0.1364247893217165,치명
0.6610078505503335,경+중등도
0.349287822366505,경+중등도
0.14628759418838547,중상
0.7060368548649496,치명
0.4687071441016611,중상
0.09071389069079215,경+중등도
0.03294411972443886,경+중등도
0.05649545074623497,경+중등도
0.3821366027572221,중상
0.39017462014865895,경+중등도
0.030892563028983078,경+중등도
0.3705557383751832,경+중등도
0.18010617308748425,경+중등도
0.04313191092111684,경+중등도
0.09104564412503369,경+중등도
0.11475563721752709,경+중등도
0.09478898416318622,경+중등도
0.11926063335277874,경+중등도
0.048190380264747125,중상
0.3450710139068322,경+중등도
0.6138788078919316,중상
0.036617607827867375,경+중등도
0.3009467462989546,경+중등도
0.18338142538757182,경+중등도
0.29167061163649827,경+중등도
0.29111347883315136,경+중등도
0.057861873463203206,경+중등도
0.6595344774697818,경+중등도
0.6325933023691973,경+중등도
0.1746314489091818,경+중등도
0.5926880523061154,경+중등도
0.02216576107993845,중상
0.2796761457660098,중상
0.03448253387348386,경+중등도
0.10061084291681605,경+중등도
0.1318556920011225,경+중등도
0.08322207093114249,경+중등도
0.3118709709733358,경+중등도
0.038094494019811576,경+중등도
0.46467936862533676,경+중등도
0.40394937680683674,경+중등도
0.22869259614395146,경+중등도
0.37168217027256745,경+중등도
0.2833837779103629,경+중등도
0.1847868962212819,경+중등도
0.2891781694488411,경+중등도
0.06325110164651408,경+중등도
0.2468595363163941,중상
0.2239790330258605,경+중등도
0.07776008902765609,경+중등도
0.12876021367169158,경+중등도
0.5046555490838934,경+중등도
0.04644650949209093,경+중등도
0.07885417677656496,경+중등도
0.21826048032679904,경+중등도
0.28739530904802796,경+중등도
0.20743532738611573,경+중등도
0.37353483190039527,경+중등도
0.0737949915457149,경+중등도
0.0986164862974483,경+중등도
0.1692900513248283,경+중등도
0.08404107778804464,경+중등도
0.10549113538645667,경+중등도
0.0436825227401475,경+중등도
0.23394554233827378,경+중등도
0.5302419609599675,치명
0.28435114613343726,경+중등도
0.006693312206186919,경+중등도
0.11766534122162335,경+중등도
0.09742804264674253,경+중등도
0.06544662389746157,치명
0.28603574223571626,치명
0.13487327418226638,경+중등도
0.6596113966295221,경+중등도
0.045462502046096843,경+중등도
0.9371713145728963,치명
0.14455089243218788,경+중등도
0.03941274433523261,경+중등도
0.02758530216276563,중상
0.21290892819456012,경+중등도
0.15832091661955758,중상
0.020752824909504048,경+중등도
0.08232000319497669,경+중등도
0.14644974574534433,경+중등도
0.2828894228530811,경+중등도
0.03531329062417395,경+중등도
0.12043397262983323,경+중등도
0.1421309522755232,경+중등도
0.28519747911948695,경+중등도
0.4587580100483904,경+중등도
0.33534564058537525,경+중등도
0.2826539212475788,경+중등도
0.7316817182300578,경+중등도
0.08594570293185243,경+중등도
0.09341275043363007,경+중등도
0.45744216163829243,경+중등도
0.22616213307782984,경+중등도
0.005578458543584445,경+중등도
0.709793156139919,경+중등도
0.20837073765917594,경+중등도
0.028056128637669125,경+중등도
0.16873181197097353,경+중등도
0.8819067320293624,치명
0.30946476871489015,경+중등도
0.07905716410860492,중상
0.44035096406886104,경+중등도
0.1310871029714176,중상
0.004529306080767657,경+중등도
0.8604598629313788,경+중등도
0.07078080742447306,경+중등도
0.27847096019164147,경+중등도
0.35673128218691436,경+중등도
0.11441126366641836,경+중등도
0.5636991253754006,경+중등도
0.14331659572344513,경+중등도
0.30547681176478103,경+중등도
0.43930249853032305,경+중등도
0.32784950163521875,경+중등도
0.2626557601308906,경+중등도
0.021330507739348182,경+중등도
0.539022670157705,치명
0.9540766308083987,치명
0.09368469622165554,경+중등도
0.6768996818767822,경+중등도
0.10407718267839976,경+중등도
0.10217689098373323,경+중등도
0.02414558695465131,경+중등도
0.14449753245777652,경+중등도
0.30533015495646776,경+중등도
0.43639321819124094,경+중등도
0.0029452019278936904,경+중등도
0.07705190709524813,경+중등도
0.095240263676109,경+중등도
0.14524807759846747,경+중등도
0.39324331420766184,경+중등도
0.140867764912598,경+중등도
0.059935933140571586,중상
0.8440826173737994,경+중등도
0.2743197241546256,경+중등도
0.008895721139086986,경+중등도
0.09320285303978283,경+중등도
0.21870469102179058,경+중등도
0.13863784335335527,경+중등도
0.05413860417804978,경+중등도
0.089969565240701,경+중등도
0.5609569851787147,경+중등도
0.2341566631423659,경+중등도
0.16224079539528238,경+중등도
0.1462765403687469,경+중등도
0.04669952859112978,경+중등도
0.40506829471554395,경+중등도
0.8552846234526271,치명
0.04588226298489645,경+중등도
0.5007105684529575,중상
0.47129112608347595,경+중등도
0.2960627220109711,경+중등도
0.42806773658791447,경+중등도
0.28564980230455533,경+중등도
0.21485027414256472,경+중등도
0.166887756105052,경+중등도
0.05040356913151419,경+중등도
0.199578102120929,경+중등도
0.06061255965647541,경+중등도
0.3427694798794881,경+중등도
0.19844137114517255,경+중등도
0.8149996455866471,중상
0.035451579376507614,경+중등도
0.44909966589767664,경+중등도
0.39081251027807323,경+중등도
0.1189348100793789,경+중등도
0.5187174902730763,경+중등도
0.26025679941038277,경+중등도
0.20600237316049194,경+중등도
0.23585183270421148,경+중등도
0.2751810245189404,경+중등도
0.14776479186584887,중상
0.04514108172413999,경+중등도
0.17114430398074576,경+중등도
0.374976169217093,경+중등도
0.4540876427855347,경+중등도
0.1603415118610555,경+중등도
0.34028383836992043,경+중등도
0.5041891611899143,경+중등도
0.5448976905720625,경+중등도
0.2484558017021999,경+중등도
0.07381923591692098,경+중등도
0.17320808310459665,경+중등도
0.0924484289702892,경+중등도
0.048973626470918706,중상
0.2714311912217469,경+중등도
0.1293810091804248,경+중등도
0.5736837144613074,경+중등도
0.19489124128492005,경+중등도
0.03711992997685099,경+중등도
0.022865585826031428,경+중등도
0.23192042358396656,경+중등도
0.43898002841116873,경+중등도
0.11367090815311669,경+중등도
0.08613379628210742,경+중등도
0.2594654749050207,경+중등도
0.3481151559365738,경+중등도
0.2917058492634646,경+중등도
0.11426865784171426,경+중등도
0.051297730027119424,경+중등도
0.461126012735898,경+중등도
0.06653108300573701,경+중등도
0.07889194711840579,치명
0.0753623750504639,경+중등도
0.04432703556857034,경+중등도
0.37206437398841924,경+중등도
0.06806448567155292,경+중등도
0.5208695522470884,경+중등도
0.629157689948622,경+중등도
0.08741034554606485,경+중등도
0.1111723429175806,경+중등도
0.024255019806025496,경+중등도
0.11147827359553114,경+중등도
0.22995174693145803,경+중등도
0.042185311842246,경+중등도
0.16591780304442094,경+중등도
0.17443298956725575,경+중등도
0.038628831845956176,중상
0.08675514303760667,경+중등도
0.1871714420501911,경+중등도
0.20793876426959448,경+중등도
0.045639714041564444,경+중등도
0.3093869859852059,경+중등도
0.0776867377648654,경+중등도
0.09867248668146646,경+중등도
0.15559931044788014,경+중등도
0.269801981275645,경+중등도
0.12632159782480526,경+중등도
0.20034720072607035,경+중등도
0.2094785805231143,경+중등도
0.1816569112891615,경+중등도
0.09836692938593765,경+중등도
0.1374131305369426,경+중등도
0.16792384223637571,경+중등도
0.10071734868829789,경+중등도
0.21697939488921336,중상
0.0056638508265674905,중상
0.29492068581123565,경+중등도
0.4807082106786482,치명
0.4299023113941774,경+중등도
0.5972699267229,중상
0.058426734358698974,경+중등도
0.3451231285983302,경+중등도
0.43635239149387317,경+중등도
0.3257134675974694,경+중등도
0.19913727888005198,경+중등도
0.13096785383600387,치명
0.1541308895472182,경+중등도
0.19957894586308808,경+중등도
0.10135412674713491,중상
0.4967602550348304,경+중등도
0.17367609210455817,경+중등도
0.002517860934493816,중상
0.09413030213841539,경+중등도
0.08442399898501597,경+중등도
0.14565512012603798,경+중등도
0.386602723399563,경+중등도
0.10174335590646781,경+중등도
0.3096871941555587,경+중등도
0.048420571010225476,경+중등도
0.332031802546868,경+중등도
0.11023390021197556,경+중등도
0.45164872841062587,경+중등도
0.05794879866245295,경+중등도
0.7583643980736531,경+중등도
0.0452037424148368,경+중등도
0.015157868159538143,중상
0.1868425503992948,경+중등도
0.025154139952045504,경+중등도
0.016970175179122134,경+중등도
0.33210973099786884,경+중등도
0.0983296791300446,경+중등도
0.14396676215810467,경+중등도
0.03101059509929664,중상
0.5269786067939478,경+중등도
0.17454738389750127,경+중등도
0.03203656701104945,경+중등도
0.19862176969532275,경+중등도
0.1439959507014271,중상
0.1284627052895455,경+중등도
0.015442372250007072,경+중등도
0.0461759471797474,경+중등도
0.1697125207952885,경+중등도
0.581288795722365,경+중등도
0.021591296730717077,경+중등도
0.22724331672210576,경+중등도
0.006086972300094989,경+중등도
0.49765322595152256,중상
0.3165268090954753,경+중등도
0.5107122686570417,경+중등도
0.39784560063187807,치명
0.2450654699913887,경+중등도
0.3746405529305239,경+중등도
0.4792734604948056,중상
0.19564934685679822,경+중등도
0.02837661714843276,경+중등도
0.008680982355438618,중상
0.07997494084796658,경+중등도
0.6609193477711254,경+중등도
0.354141513008718,경+중등도
0.015375454814877945,경+중등도
0.4352687755244226,경+중등도
0.18945732495361045,경+중등도
0.014572429320921986,경+중등도
0.2670379679787262,경+중등도
0.15751967401577013,경+중등도
0.36515354929178584,경+중등도
0.0651914487208654,경+중등도
0.13466759277540027,경+중등도
0.4972763419204777,치명
0.23029879123412786,경+중등도
0.28936035640846575,경+중등도
0.3451477199136372,치명
0.3225246569779034,경+중등도
0.16360448220253884,경+중등도
0.04464155465566414,경+중등도
0.10278719898252081,경+중등도
0.07582951850964526,경+중등도
0.07198000697576805,경+중등도
0.1574053235237782,중상
0.008365622864074522,경+중등도
0.06726210381730922,경+중등도
0.2884553354261939,경+중등도
0.8961592262837228,경+중등도
0.6143448755145798,경+중등도
0.10046743762516765,경+중등도
0.41510505078551496,경+중등도
0.06749748734725819,중상
0.028720072169122122,경+중등도
0.13892072965296895,경+중등도
0.17094066923872964,경+중등도
0.1555912065194602,경+중등도
0.15478853405833967,경+중등도
0.39123270340108623,경+중등도
0.18541103058502661,경+중등도
0.1798268642258275,경+중등도
0.11096238917657834,경+중등도
0.06961184992036236,중상
0.15993135525864408,경+중등도
0.17918989067047408,경+중등도
0.05204734927569412,경+중등도
0.1429636467597383,경+중등도
0.2827030904410139,경+중등도
0.002120824406093107,중상
0.3902773378821638,경+중등도
0.1153567178495597,중상
0.458179185666054,경+중등도
0.11167894481853653,치명
0.2268086549948066,경+중등도
0.3098212730089111,경+중등도
0.8921063742605515,치명
0.19956331039074135,경+중등도
0.2762327383155403,경+중등도
0.04313311253860553,경+중등도
0.7933336351342946,치명
0.1180429993084895,경+중등도
0.030036121696103174,경+중등도
0.12463413371101133,경+중등도
0.44591346752943956,경+중등도
0.019379835319362153,경+중등도
0.20075270556574235,중상
0.50644918654992,경+중등도
0.06587817001467942,경+중등도
0.30228245533786813,경+중등도
0.4815455044062698,치명
0.2708760246362092,경+중등도
0.035872245376582394,경+중등도
0.09463701377533046,경+중등도
0.203546789598517,경+중등도
0.5814305888644147,경+중등도
0.4383757677681282,경+중등도
0.06943809800314767,경+중등도
0.0970598271926756,경+중등도
0.4624978906765464,경+중등도
0.27315302136499325,경+중등도
0.3408883781458279,경+중등도
0.10543289194877677,경+중등도
0.5370906418824547,경+중등도
0.4120555256532598,경+중등도
0.018997623841803295,중상
0.5441664165180793,경+중등도
0.077956267396553,경+중등도
0.29863259686190885,경+중등도
0.11229042194186722,경+중등도
0.10574043697120816,경+중등도
0.0338524434495446,경+중등도
0.008165657861806227,중상
0.0031665467292633295,중상
0.09075122436231998,경+중등도
0.32607923002645106,경+중등도
0.1767119392760738,경+중등도
0.23130704098072574,치명
0.18697194222163646,경+중등도
0.3082083613124023,경+중등도
0.027701717114525477,경+중등도
0.41077706511825385,경+중등도
0.13829396301257132,경+중등도
0.23546077999125067,경+중등도
0.2225316954186347,경+중등도
0.14909334480704675,경+중등도
0.19038928137466762,경+중등도
0.11532112143660944,경+중등도
0.11444079485664178,경+중등도
0.32391247642776905,경+중등도
0.09801470828640113,경+중등도
0.2373076139371074,경+중등도
0.19615914754928365,경+중등도
0.20255820585526416,경+중등도
0.041924539746699706,경+중등도
0.0332577506934044,중상
0.6069455511962011,경+중등도
0.4140319136106873,경+중등도
0.5314759219269002,경+중등도
0.4826943468707219,경+중등도
0.034258428003563886,경+중등도
0.5297653546994364,경+중등도
0.1292516858770745,경+중등도
0.329631807566187,경+중등도
0.04349772351474076,경+중등도
0.5895570930072899,경+중등도
0.0781829150343627,경+중등도
0.15845100313595886,경+중등도
0.37213966407943516,경+중등도
0.21999257072261236,경+중등도
0.014700850642261681,경+중등도
0.11548200053560564,중상
0.4252798197723974,경+중등도
0.13352365621724924,경+중등도
0.16764379055695544,경+중등도
0.3622754210721319,경+중등도
0.8091037247242555,경+중등도
0.20313154586174012,경+중등도
0.03941562018135755,경+중등도
0.1651982837347055,경+중등도
0.7609542497234735,경+중등도
0.13448879886245615,경+중등도
0.223880731026643,경+중등도
0.11494296371071266,치명
0.28900345384988224,경+중등도
0.19296073054120763,경+중등도
0.7619877307882779,경+중등도
0.4943474822048138,경+중등도
0.6004882656018325,치명
0.0486793967376912,경+중등도
0.09229672509112812,경+중등도
0.003923065331585144,중상
0.08653732484927011,경+중등도
0.03680498736196685,경+중등도
0.2083275963822492,경+중등도
0.23773202215727704,경+중등도
0.37849907113875975,경+중등도
0.27297414747251986,경+중등도
0.14996038243368973,경+중등도
0.13324805816686233,경+중등도
0.025734585847848993,경+중등도
0.0339282580954215,경+중등도
0.20680282683043996,경+중등도
0.4176995774420866,경+중등도
0.29985098712389663,경+중등도
0.039293471062346465,치명
0.13658177999448495,경+중등도
0.06339451292928579,중상
0.0541665493853829,경+중등도
0.3333441342323435,경+중등도
0.29420007960298006,경+중등도
0.14029012670777294,경+중등도
0.10309748590263539,경+중등도
0.5518623473441752,경+중등도
0.1204243053500752,경+중등도
0.7547109078497999,치명
0.19777008717915312,경+중등도
0.027284829363886404,경+중등도
0.11126685780885337,경+중등도
0.13078213337659078,경+중등도
0.054423384593448275,경+중등도
0.46870148655912747,중상
0.33927462020609384,경+중등도
0.7986857038124784,치명
0.3342467939423603,경+중등도
0.3008249483708428,경+중등도
0.029670022714022443,중상
0.16835924364147925,경+중등도
0.015955513591866952,중상
0.0956719686711996,중상
0.17098072126853137,경+중등도
0.10119215156223871,경+중등도
0.09676660935596171,경+중등도
0.20693536501981172,경+중등도
0.8311079176792712,경+중등도
0.03731496852244753,치명
0.12148703398106413,경+중등도
0.07360425220958457,경+중등도
0.07364981805442493,경+중등도
0.3062456311806739,경+중등도
0.07384338979192923,경+중등도
0.10810877436758802,경+중등도
0.4821913710781664,경+중등도
0.11844354941843731,경+중등도
0.28039389631434974,중상
0.292548258891939,경+중등도
0.04662337814455824,중상
0.10475694634223172,경+중등도
0.051147392092590054,경+중등도
0.1686808986314836,경+중등도
0.26374638196113737,경+중등도
0.7011905368836445,경+중등도
0.30246623882539664,경+중등도
0.13680841087536952,경+중등도
0.30712844423216706,경+중등도
0.4256458730160045,경+중등도
0.10733464399723709,경+중등도
0.08289274851197906,경+중등도
0.13241787471956099,경+중등도
0.21153218576564894,경+중등도
0.07969711580734792,중상
0.005160606878726173,경+중등도
0.15088046398110921,경+중등도
0.16391179304450487,경+중등도
0.2938063047762225,경+중등도
0.35513905845763105,경+중등도
0.12754111296462986,경+중등도
0.030024529356479823,중상
0.14738283411612582,중상
0.06362014348131072,경+중등도
0.27905481572334223,경+중등도
0.21610455602424028,경+중등도
0.18970032363756442,경+중등도
0.049627954932144856,경+중등도
0.7086796875757636,경+중등도
0.6449277878257441,경+중등도
0.0612611659796195,경+중등도
0.19440010836927732,경+중등도
0.025240596063903973,경+중등도
0.34607283239589925,경+중등도
0.7378463723043539,치명
0.12888682113915773,경+중등도
0.48644396665076917,경+중등도
0.17604567149589656,경+중등도
0.1503284066105115,경+중등도
0.1538785208858551,경+중등도
0.3525288860764226,경+중등도
0.5175253794721689,경+중등도
0.2140177163887833,경+중등도
0.11293665291104722,경+중등도
0.5274100474583737,경+중등도
0.07648725222538995,경+중등도
0.13963814084733184,경+중등도
0.40386642840858683,치명
0.016222770138993148,중상
0.1875846854643396,경+중등도
0.1289686158070808,경+중등도
0.10814722801701881,경+중등도
0.23655308286717192,치명
0.06626624251232703,경+중등도
0.03451747185832061,경+중등도
0.3525785095918967,경+중등도
0.10054319557712127,경+중등도
0.12340160632200776,경+중등도
0.04115495736416958,경+중등도
0.003537489479560365,중상
0.15035537614025235,경+중등도
0.07755133684859095,경+중등도
0.051269387899280705,중상
0.05259504196063508,경+중등도
0.08132846989835704,경+중등도
0.08489160667420914,경+중등도
0.2141440722198622,경+중등도
0.1596983325243879,경+중등도
0.3276318236183276,경+중등도
0.19031395754463562,경+중등도
0.019945508926895977,경+중등도
0.361968149011262,중상
0.05690961323902308,경+중등도
0.09727312443709384,경+중등도
0.14630164399430415,경+중등도
0.14657383969742538,경+중등도
0.7884716562739902,경+중등도
0.15804766189703293,경+중등도
0.3737552821599431,경+중등도
0.01397054661494515,중상
0.0660803074324076,경+중등도
0.0329967610704705,경+중등도
0.5934069705457775,중상
0.39595845806532143,경+중등도
0.2009875087201306,경+중등도
0.2853202806045309,경+중등도
0.16215988059335262,경+중등도
0.5823927242372158,치명
0.04888293164516614,경+중등도
0.1816428835069205,경+중등도
0.06853594474482161,경+중등도
0.1366975925500424,경+중등도
0.052340222608289994,경+중등도
0.4157282973534722,경+중등도
0.60777436908856,경+중등도
0.25910367390741507,경+중등도
0.5493220775179931,경+중등도
0.24376042389671113,경+중등도
0.25641614057703793,경+중등도
0.10804335720306779,경+중등도
0.10422004259980429,경+중등도
0.5339282575200328,치명
0.09998024397525644,경+중등도
0.024278974171157208,중상
0.8624181579243267,경+중등도
0.236176922653384,경+중등도
0.4249601894027479,경+중등도
0.04493699596750694,중상
0.18911219435547652,경+중등도
0.0036962857618279034,중상
0.005433015326059384,중상
0.10840750459570207,경+중등도
0.9193556189547061,치명
0.3672449247270578,경+중등도
0.8637183089687377,치명
0.1846938090112172,경+중등도
0.08158702676300539,경+중등도
0.1112517244728164,경+중등도
0.6476619590228758,경+중등도
0.1819293115585987,경+중등도
0.29720687758923053,경+중등도
0.09493684276863192,중상
0.24213621756716264,경+중등도
0.1371277208330629,경+중등도
0.07175381429914895,경+중등도
0.5315293722359296,경+중등도
0.2654765996446992,경+중등도
0.2781209761870776,경+중등도
0.1546085410258091,경+중등도
0.08493457216388993,경+중등도
0.11313467294714875,경+중등도
0.08190018984391151,경+중등도
0.41064875032623416,경+중등도
0.05282210904762948,경+중등도
0.0765314176125972,경+중등도
0.15623702066304654,경+중등도
0.17515893485922499,경+중등도
0.061699021309510695,경+중등도
0.35431874693815407,경+중등도
0.045614899522905296,중상
0.5835111010649593,경+중등도
0.08149557960056558,경+중등도
0.5364377001835594,경+중등도
0.08158508256539777,경+중등도
0.06790650729232701,경+중등도
0.18201821475781252,경+중등도
0.14952264292262407,경+중등도
0.35087608683301735,경+중등도
0.05878108228554208,경+중등도
0.4057746586823092,경+중등도
0.0936201309505113,경+중등도
0.14458785495067747,경+중등도
0.4650996036454907,경+중등도
0.23951245078762037,경+중등도
0.7869159854371791,경+중등도
0.1421585419338911,중상
0.25491686644744477,경+중등도
0.139472355202192,경+중등도
0.4182451271569327,경+중등도
0.010552264425888852,중상
0.19570189896180415,경+중등도
0.22916326728096906,경+중등도
0.34303064273968165,경+중등도
0.3102040800568748,경+중등도
0.13637885263484528,중상
0.2403316408909426,경+중등도
0.5083324483121264,경+중등도
0.051849491976716865,경+중등도
0.14583584579553308,경+중등도
0.21736269315302525,경+중등도
0.11802025188427323,경+중등도
0.04939605027062512,경+중등도
0.31056277989836234,경+중등도
0.11241665052410327,경+중등도
0.6269151743024874,경+중등도
0.4247084012896997,경+중등도
0.2793605114941757,경+중등도
0.3725427942045008,경+중등도
0.17435654748948756,경+중등도
0.643409144880292,치명
0.17498778901584777,경+중등도
0.12747281913835481,경+중등도
0.03164907412770699,경+중등도
0.08488499190914621,경+중등도
0.28182791649854233,경+중등도
0.21105526605233912,경+중등도
0.045231103925271444,경+중등도
0.11824320299799618,경+중등도
0.13630611743580653,경+중등도
0.07540704664925979,경+중등도
0.22420281951725393,경+중등도
0.042365979730594354,경+중등도
0.5156676311460039,경+중등도
0.03857086687638538,경+중등도
0.13102965185231424,경+중등도
0.09712288474731652,경+중등도
0.06868006334955476,경+중등도
0.10194977815660673,경+중등도
0.3222951976207251,경+중등도
0.5741885148776276,경+중등도
0.04774556246359409,경+중등도
0.14614970939754146,경+중등도
0.04223145972637011,경+중등도
0.09803749175158283,중상
0.13386706679764337,경+중등도
0.2568042674457605,경+중등도
0.13651539325382264,경+중등도
0.7662864758506028,경+중등도
0.26183137845892035,경+중등도
0.17739317543820796,경+중등도
0.12014469212014423,경+중등도
0.32828175332309256,경+중등도
0.41530595327748326,경+중등도
0.03654484904271276,경+중등도
0.6364605237811354,치명
0.5106701592326975,경+중등도
0.4751211454091339,경+중등도
0.24204223691954288,경+중등도
0.059509986006794136,경+중등도
0.23882636118152945,경+중등도
0.19686510135474203,경+중등도
0.8152856997043791,경+중등도
0.30890326445445426,경+중등도
0.004922135300190675,중상
0.09359197986241953,경+중등도
0.12626305913412184,경+중등도
0.04284206684887735,경+중등도
0.07226819219814552,경+중등도
0.24702998245721167,경+중등도
0.2768598407902216,경+중등도
0.14012803295488527,경+중등도
0.2816084930266548,경+중등도
0.3206118050871134,치명
0.07140530844764252,경+중등도
0.049223400906390456,경+중등도
0.022096678289373232,경+중등도
0.48877404894666904,치명
0.1097875462745097,경+중등도
0.42177499070533236,경+중등도
0.2406896002715362,중상
0.17083474370100538,경+중등도
0.08579614452922062,경+중등도
0.9158378974031999,치명
0.5015335275882039,경+중등도
0.036760496842211964,경+중등도
0.243979501219596,경+중등도
0.0563726869503566,경+중등도
0.13530548231286801,경+중등도
0.1459172567357126,경+중등도
0.46450957718116426,경+중등도
0.4173899801968251,경+중등도
0.40699152663890376,경+중등도
0.641557154383218,경+중등도
0.19626510222135485,경+중등도
0.062236996281248284,경+중등도
0.14640143071316827,경+중등도
0.03179932889502848,경+중등도
0.1440461513209799,경+중등도
0.8332592703593781,치명
0.22704936361832506,경+중등도
0.5478657911359514,경+중등도
0.11797196529139786,경+중등도
0.11355268681594484,경+중등도
0.05561453669337025,경+중등도
0.5297333639359142,경+중등도
0.12799131571695424,경+중등도
0.0029445039591497017,경+중등도
0.11769003493272916,경+중등도
0.3900607963180802,경+중등도
0.2146318906892877,경+중등도
0.14929354205712386,경+중등도
0.1955924959370771,경+중등도
0.09001907274221355,경+중등도
0.6928594149301955,중상
0.08446507526301165,경+중등도
0.8901714752640094,치명
0.07987197857729368,경+중등도
0.11217533683788021,경+중등도
0.024956665868671568,중상
0.20895644210484562,경+중등도
0.6821832539598464,경+중등도
0.3158505941809954,경+중등도
0.34522662386390063,경+중등도
0.3138285976347153,경+중등도
0.43202073045149963,경+중등도
0.28625954762774447,경+중등도
0.05383688124876105,경+중등도
0.4449448686999921,경+중등도
0.16404067970959976,경+중등도
0.4413344254377736,경+중등도
0.07931916109006658,경+중등도
0.16483792734533942,경+중등도
0.5371393763381607,경+중등도
0.037151820831830835,경+중등도
0.2798902256994515,중상
0.08464238694586972,경+중등도
0.23094897474349588,경+중등도
0.21043402716750495,경+중등도
0.36001737641895315,경+중등도
0.05239319557245164,경+중등도
0.178232452112524,경+중등도
0.0709481354089666,경+중등도
0.22277190455295118,경+중등도
0.05725774538354463,경+중등도
0.048284796840052414,경+중등도
0.1081427269368392,경+중등도
0.08664684361823831,경+중등도
0.09198471997050096,경+중등도
0.2867749678167488,경+중등도
0.13216648991494062,경+중등도
0.22667098442505373,경+중등도
0.10727206805132145,중상
0.3098956825319437,경+중등도
0.009915856361186541,경+중등도
0.09947610846514039,경+중등도
0.546583032116566,경+중등도
0.1285443957122999,경+중등도
0.19280665536147698,경+중등도
0.33052623056115576,경+중등도
0.1322824382791664,경+중등도
0.6641320854463508,경+중등도
0.045580872732220855,경+중등도
0.5588068516377073,경+중등도
0.21684235927963402,경+중등도
0.32538476245156767,중상
0.3747690620944481,경+중등도
0.8538588681887732,경+중등도
0.2951462052948617,경+중등도
0.07339020367440384,경+중등도
0.13828636613039755,경+중등도
0.31648220425073936,경+중등도
0.2389209893330333,경+중등도
0.035152008115159616,중상
0.18547731627047628,경+중등도
0.21399969521016135,경+중등도
0.13656061357909413,경+중등도
0.09025984443343542,경+중등도
0.034461502358469696,경+중등도
0.4282371550333011,경+중등도
0.39903346585440297,경+중등도
0.5587811339207288,치명
0.1442749941868761,경+중등도
0.22553782584294377,경+중등도
0.5710053589500547,치명
0.08866780678119113,중상
0.23814892680346414,경+중등도
0.0782989826225261,경+중등도
0.18229740923931956,경+중등도
0.04836333310831242,경+중등도
0.043933407889449744,경+중등도
0.11391557719406202,경+중등도
0.12806531230039941,경+중등도
0.4811560983858238,경+중등도
0.31762096485130503,경+중등도
0.5683115011100883,경+중등도
0.2549949407441739,경+중등도
0.12105070107192506,경+중등도
0.001605770998753168,중상
0.025405643539349015,경+중등도
0.6572848763430609,경+중등도
0.13898363006663003,경+중등도
0.937328406918482,치명
0.172725181924841,경+중등도
0.7980975697208952,치명
0.08176797758767836,경+중등도
0.1335515220674767,경+중등도
0.23915107177434666,경+중등도
0.44274073982616285,경+중등도
0.3758859847738418,경+중등도
0.09181442235239028,경+중등도
0.22147960929250587,경+중등도
0.25399652998820926,경+중등도
0.6196830683895366,경+중등도
0.18773637939389798,경+중등도
0.8775236515884989,경+중등도
0.3118888656872227,경+중등도
0.14951040465620877,경+중등도
0.04695221080302147,중상
0.134889483556025,경+중등도
0.22171685740829306,경+중등도
0.16775293559829452,경+중등도
0.30358523363299295,경+중등도
0.02013750546933331,경+중등도
0.35978070157432834,경+중등도
0.13547305500605292,경+중등도
0.3207799952310368,경+중등도
0.03417250153104175,경+중등도
0.35317912378584193,경+중등도
0.16442942308094657,중상
0.7414362910036391,경+중등도
0.3620097277269712,경+중등도
0.26188766512311745,경+중등도
0.6308303982758493,치명
0.18169260701969636,경+중등도
0.34787023206398765,경+중등도
0.20539594176687445,경+중등도
0.025486333496358798,경+중등도
0.1389831201343219,경+중등도
0.2426611017240825,경+중등도
0.13772990109573555,경+중등도
0.042226015212175304,중상
0.34635958374980885,경+중등도
0.005501953637485996,중상
0.24110986904580367,경+중등도
0.4972656983997741,치명
0.7884380913704189,경+중등도
0.06886243114455998,경+중등도
0.41486633228962083,경+중등도
0.07714442324944627,경+중등도
0.3001628130073363,경+중등도
0.19590983402725307,경+중등도
0.16965325421325236,치명
0.28035014317216156,경+중등도
0.029180146866398627,경+중등도
0.37683294674823525,경+중등도
0.04412570174635242,경+중등도
0.5002833581523155,경+중등도
0.10844571587359335,경+중등도
0.3274403696558505,경+중등도
0.16011120185700345,치명
0.028957169362779377,경+중등도
0.273242714748908,경+중등도
0.048431400128323095,경+중등도
0.0583402193560801,중상
0.11822548336320049,경+중등도
0.20572656017806143,경+중등도
0.05836636051167601,경+중등도
0.0937431968110703,치명
0.03664293084126661,경+중등도
0.10016372970991184,경+중등도
0.948535241761376,치명
0.2547281528017193,경+중등도
0.20507224902757407,경+중등도
0.2591949708148587,경+중등도
0.44252685716064083,경+중등도
0.18179118118794876,경+중등도
0.02065297107442345,경+중등도
0.05373379058469866,경+중등도
0.4331735114260889,경+중등도
0.024218365107307637,경+중등도
0.15349166213468765,치명
0.05664388560664144,경+중등도
0.11630108127388365,경+중등도
0.13696270515110623,경+중등도
0.0377693271230122,경+중등도
0.34023095179155877,중상
0.603473088112047,경+중등도
0.037059104853675445,경+중등도
0.083487537448801,경+중등도
0.06919438960669151,중상
0.26037596681187736,경+중등도
0.08951308977512344,경+중등도
0.3491548828035991,경+중등도
0.2949209379243891,중상
0.5786960527633077,경+중등도
0.2701922939042594,경+중등도
0.12819292186391731,경+중등도
0.19998061571987238,경+중등도
0.22256910811099825,경+중등도
0.5663486904837117,치명
0.21836827164277375,경+중등도
0.2131008498248558,경+중등도
0.5461106330146063,경+중등도
0.1847193157603876,경+중등도
0.21585059100861978,경+중등도
0.11310617140369002,경+중등도
0.872883363888796,치명
0.08798484490639637,경+중등도
0.8962452060962778,치명
0.02115409758612485,중상
0.21607451564779137,경+중등도
0.051384683089962885,경+중등도
0.48507795251485164,경+중등도
0.2269470672240169,경+중등도
0.04047294714960411,경+중등도
0.2823388267917755,경+중등도
0.5241106183056199,경+중등도
0.232223039286374,경+중등도
0.1023130211194118,경+중등도
0.009607098791556844,경+중등도
0.3517655024821889,경+중등도
0.08820883536841205,경+중등도
0.2519311034047844,경+중등도
0.1291244027626057,경+중등도
0.14257808690718118,경+중등도
0.6850133613421433,경+중등도
0.10851985131855846,경+중등도
0.18837071028324814,경+중등도
0.1179870587272166,경+중등도
0.24024107580285037,경+중등도
0.11393298712812416,경+중등도
0.023471105322977137,경+중등도
0.08191622349810855,경+중등도
0.0850896050334335,경+중등도
0.020035383930957353,경+중등도
0.18113743095659407,경+중등도
0.1630069959018919,경+중등도
0.12797331412819404,경+중등도
0.36263863604245067,경+중등도
0.08061350768465723,경+중등도
0.25252241636583445,경+중등도
0.5775765398033493,경+중등도
0.15172199667688976,경+중등도
0.08296879995251648,경+중등도
0.12493657149769617,경+중등도
0.7915815117066468,경+중등도
0.012616265491383866,경+중등도
0.21372715110965076,경+중등도
0.07618483960115044,경+중등도
0.1624743435312986,중상
0.08168249617382302,중상
0.40731984774307706,경+중등도
0.1386246692257662,치명
0.018587303194886228,경+중등도
0.051954609034522516,경+중등도
0.15005947149545243,경+중등도
0.08779771235276716,경+중등도
0.03662289433446638,경+중등도
0.25621102935247864,경+중등도
0.28761010168240825,경+중등도
0.277536545567519,경+중등도
0.09288931023573621,경+중등도
0.527969199618752,치명
0.15514084846797047,경+중등도
0.1126719405908622,경+중등도
0.027422995129372064,중상
0.23154180797163293,경+중등도
0.46732875760596576,경+중등도
0.049945636091760226,경+중등도
0.8307591418930844,치명
0.06319297921942117,경+중등도
0.2102897806463103,경+중등도
0.5479783812137341,경+중등도
0.28909167535236785,중상
0.0052858548852366205,중상
0.4518281239489245,경+중등도
0.1155863959248609,경+중등도
0.5101676026216304,경+중등도
0.8252119113282435,치명
0.624644025614166,경+중등도
0.09050340961043492,경+중등도
0.1261565273127831,경+중등도
0.7413497122605737,경+중등도
0.4206331941756704,경+중등도
0.25388536134104894,경+중등도
0.7637240007315859,경+중등도
0.003099873283289914,중상
0.41220831293874466,경+중등도
0.7305267700750221,치명
0.5053548916848495,중상
0.03638846339475164,중상
0.3051974797815762,경+중등도
0.3705738845548474,경+중등도
0.3022202588246234,경+중등도
0.5558850745958842,경+중등도
0.09859531052986205,경+중등도
0.15834102863254876,경+중등도
0.2988551600030361,경+중등도
0.30483970770940577,경+중등도
0.2996436286171697,경+중등도
0.004064094088246563,경+중등도
0.32839908599932016,경+중등도
0.35666561894831245,치명
0.011282104209833393,경+중등도
0.03232016808005934,경+중등도
0.13572463004810006,경+중등도
0.26314547230879515,경+중등도
0.023441132675795243,경+중등도
0.06119870293826251,경+중등도
0.22641574370020887,경+중등도
0.46534986406012707,경+중등도
0.3696675117345744,경+중등도
0.5162606682728813,경+중등도
0.019850239465367115,경+중등도
0.0412130629233112,경+중등도
0.27837379401769163,치명
0.1748541129210707,경+중등도
0.4597706999769577,치명
0.052525392007702766,경+중등도
0.11146873268998976,경+중등도
0.5410184341921628,경+중등도
0.4279567659678427,경+중등도
0.5980274478088313,치명
0.1501511212395997,경+중등도
0.2595010848829194,경+중등도
0.11143738260300044,경+중등도
0.2109827015278247,경+중등도
0.06752467096093254,경+중등도
0.46393171717915055,경+중등도
0.17299600512378668,경+중등도
0.7291116401906295,치명
0.3905485712015801,경+중등도
0.0504024360565923,경+중등도
0.01695942483690441,중상
0.44680465280691006,경+중등도
0.14526978185430794,치명
0.161434049574072,중상
0.02855204071035564,경+중등도
0.2681622569189836,경+중등도
0.6802068213643823,경+중등도
0.2917381466827582,경+중등도
0.08855589451588937,경+중등도
0.09129294945863342,경+중등도
0.10878721911333115,중상
0.6374688830487221,치명
0.14477116459540193,경+중등도
0.33584640087995193,경+중등도
0.022796911914647333,경+중등도
0.012303731674653864,중상
0.0023721743659855347,중상
0.03677001670657889,경+중등도
0.04881771168042335,경+중등도
0.47874190205848777,경+중등도
0.003209880800162185,중상
0.6209395564949882,중상
0.0035969182115938142,경+중등도
0.30510403284918036,경+중등도
0.03769542145050845,경+중등도
0.19631431753249381,경+중등도
0.11553158522839102,경+중등도
0.07911527007514728,중상
0.05093255101743425,경+중등도
0.4873155604949737,경+중등도
0.1491344431210335,경+중등도
0.03014813960360496,중상
0.24950112534335622,중상
0.8685813851549075,경+중등도
0.09674349009115824,경+중등도
0.06652272990519392,경+중등도
0.27971546235392847,경+중등도
0.15650509884476238,경+중등도
0.2919082537800018,경+중등도
0.1730307167797177,경+중등도
0.1428048773350785,경+중등도
0.08836606232523175,경+중등도
0.1045361806938158,중상
0.21081256044362848,경+중등도
0.5214439069439146,경+중등도
0.026650452390874508,경+중등도
0.5568412903636242,경+중등도
0.1790707359314084,경+중등도
0.3082494201301834,경+중등도
0.33966747010180415,경+중등도
0.14128120547717263,경+중등도
0.02797037287692213,경+중등도
0.2133046257922225,경+중등도
0.8163665368328242,경+중등도
0.20347955667648066,경+중등도
0.06242705187188948,경+중등도
0.17679545793997972,경+중등도
0.06688972152535623,경+중등도
0.09074867686049133,경+중등도
0.6229411703424442,경+중등도
0.02804121645041446,중상
0.026415555215481838,경+중등도
0.3030830447031834,경+중등도
0.051193510745262016,경+중등도
0.1572412914524198,경+중등도
0.2123782073769269,경+중등도
0.24842771008931205,경+중등도
0.021750282221457275,경+중등도
0.2886514380126405,경+중등도
0.12528957567900786,경+중등도
0.16525846507977335,경+중등도
0.09802336635228825,경+중등도
0.3959658850268464,경+중등도
0.10961002203258079,경+중등도
0.05270598750643324,중상
0.05756051908736811,경+중등도
0.0028831085229954535,경+중등도
0.22496426944376338,경+중등도
0.03421206605577406,중상
0.317089636155719,경+중등도
0.3903159273793782,경+중등도
0.15493192143035542,경+중등도
0.4590448346296685,경+중등도
0.33221566085898546,경+중등도
0.04283755914118936,경+중등도
0.19392634166641357,경+중등도
0.35039744328401506,경+중등도
0.12127818697927344,경+중등도
0.10339825870034368,경+중등도
0.9166333868134418,치명
0.24501707288900412,중상
0.31818336680212544,경+중등도
0.28864015992218595,경+중등도
0.407496350426432,경+중등도
0.11261240595780557,경+중등도
0.11649485118455427,경+중등도
0.40791527295158275,경+중등도
0.1758935132964071,경+중등도
0.03127528106646736,경+중등도
0.060456960316185505,경+중등도
0.11955256848693378,경+중등도
0.6129632667847678,치명
0.0674486123175791,경+중등도
0.018385104892927013,경+중등도
0.17623781576587974,경+중등도
0.05107750691366386,경+중등도
0.04885545257548951,중상
0.04790788099423229,중상
0.06573065242601635,경+중등도
0.6264061095132666,경+중등도
0.2406970662881821,경+중등도
0.07153780274981368,경+중등도
0.34179695694361634,경+중등도
0.029088836704262242,경+중등도
0.10695451081719175,경+중등도
0.34255638156434176,경+중등도
0.7776877140281487,경+중등도
0.14036049715004165,경+중등도
0.14119548381476135,경+중등도
0.11226763502004533,치명
0.10111105164710675,경+중등도
0.05203634084128004,경+중등도
0.19077014873801587,경+중등도
0.1675532387890456,경+중등도
0.39128284938242003,경+중등도
0.4825017969508913,경+중등도
0.3882362451019031,경+중등도
0.43190997810755877,경+중등도
0.17477085858058952,경+중등도
0.3481332381031112,중상
0.21013330254109067,경+중등도
0.04055878182459039,경+중등도
0.05732823753837269,경+중등도
0.10431394978226183,경+중등도
0.21131187334279267,경+중등도
0.369856255699421,경+중등도
0.04805538799096695,경+중등도
0.34831737862017736,중상
0.17784649407310663,경+중등도
0.31859255823224203,경+중등도
0.2880699947430856,경+중등도
0.09278469634525678,경+중등도
0.046326431704138304,중상
0.34233033327172663,경+중등도
0.14310214768033458,경+중등도
0.18148982397799993,경+중등도
0.25494537669544454,경+중등도
0.2143804891228722,경+중등도
0.005380135211442392,중상
0.2953553062842458,경+중등도
0.25645030747419034,치명
0.3453611344385217,경+중등도
0.08139368276455528,경+중등도
0.054832310723333284,경+중등도
0.21363968412104462,경+중등도
0.05913048069515973,경+중등도
0.08686457345951692,경+중등도
0.03962002152814148,경+중등도
0.4959783423296107,경+중등도
0.060735120500237154,경+중등도
0.13375581871794948,경+중등도
0.26359393591950747,경+중등도
0.004484460680004162,중상
0.09868409316995257,경+중등도
0.44458356868300014,경+중등도
0.1874148927143778,경+중등도
0.3617787556045115,경+중등도
0.43572123084155484,경+중등도
0.14718455435859432,경+중등도
0.19204507315853833,경+중등도
0.3800766914607265,경+중등도
0.007162116769339766,중상
0.06706320223841715,경+중등도
0.38319991638273215,경+중등도
0.061971563557613775,경+중등도
0.05164320790827742,경+중등도
0.16011291537305253,경+중등도
0.027959569647306576,경+중등도
0.12371984298089482,경+중등도
0.7043888781951649,치명
0.15274590287240494,경+중등도
0.05202937791898401,경+중등도
0.20419464953428412,경+중등도
0.034525626712795354,경+중등도
0.03759846235951592,중상
0.5001426396683045,경+중등도
0.14280480722690267,경+중등도
0.24944278617666868,경+중등도
0.650933355396592,경+중등도
0.11778075618273474,경+중등도
0.11049783545762586,경+중등도
0.4042555069194644,경+중등도
0.1279701355023113,경+중등도
0.0320916747653995,경+중등도
0.18442829262991642,경+중등도
0.42271087962164966,경+중등도
0.09257111776196913,경+중등도
0.44027339648390806,경+중등도
0.08417540024739027,경+중등도
0.40592865335670214,경+중등도
0.398070467331101,경+중등도
0.1394027373447257,경+중등도
0.3248572311486337,경+중등도
0.3227574743374911,치명
0.1470858177647261,경+중등도
0.12134494511718107,경+중등도
0.5126730896953352,경+중등도
0.17883630293551364,중상
0.11786657625106374,경+중등도
0.4965899154842637,경+중등도
0.33913735459390587,경+중등도
0.46226707711342935,경+중등도
0.29248112256240216,경+중등도
0.4769054294658102,경+중등도
0.6975407459983408,경+중등도
0.1496815571060651,경+중등도
0.1631994725988926,경+중등도
0.616608978989369,경+중등도
0.17580667075193912,중상
0.12777116701716607,치명
0.1359428468475772,경+중등도
0.13284067005375658,경+중등도
0.12584452059302684,경+중등도
0.20082343029001012,경+중등도
0.09684741635972864,경+중등도
0.5185994315879895,치명
0.18648626845014285,경+중등도
0.31963574801158307,경+중등도
0.2436707593049429,경+중등도
0.26900943874622296,경+중등도
0.03670974728041135,경+중등도
0.2424275257685018,경+중등도
0.6867001851764032,치명
0.2359685674825093,경+중등도
0.0792263206112601,경+중등도
0.08689196217128063,경+중등도
0.1236843953380038,경+중등도
0.1419159210005603,경+중등도
0.9083314960701848,경+중등도
0.24829626149930004,치명
0.30404190421144106,경+중등도
0.18737516870400442,경+중등도
0.09947144702489102,경+중등도
0.04237427898253796,경+중등도
0.4494718611640904,경+중등도
0.008604852503816299,경+중등도
0.24596760129913384,경+중등도
0.305874361734614,경+중등도
0.10621421288495214,경+중등도
0.36035647469296617,경+중등도
0.09568401933473136,경+중등도
0.06914801009465647,경+중등도
0.1713271395927102,경+중등도
0.16603132505097487,경+중등도
0.1532971309699885,경+중등도
0.1106581955896459,경+중등도
0.152635320196995,치명
0.21681082229371706,경+중등도
0.3064751118562304,경+중등도
0.12067232383035796,경+중등도
0.08798590709168645,경+중등도
0.2550656937463703,경+중등도
0.14033047102465923,경+중등도
0.1292644129596399,경+중등도
0.791631774628275,경+중등도
0.44045849581822855,경+중등도
0.04728233308104954,경+중등도
0.4104472633042014,치명
0.1314490502916212,경+중등도
0.0339468697153471,경+중등도
0.6792948301904115,치명
0.19572084121288383,경+중등도
0.11567901488948383,경+중등도
0.19342661769458291,경+중등도
0.03826610420991988,경+중등도
0.8795082406516581,치명
0.3301134231368192,경+중등도
0.008494412054821845,중상
0.1543059716761455,경+중등도
0.16199925341686083,경+중등도
0.38378301999282094,경+중등도
0.7454936549663408,경+중등도
0.8266786623081223,경+중등도
0.14402864729475376,경+중등도
0.05675833075675426,경+중등도
0.24825333870274838,경+중등도
0.4126562663233266,경+중등도
0.1515084552479836,경+중등도
0.15913610626353522,경+중등도
0.03027163256741523,경+중등도
0.11641505151014986,경+중등도
0.2581338943519976,경+중등도
0.09380353774353807,경+중등도
0.5393695791884799,경+중등도
0.30568115687163383,경+중등도
0.02461061404610082,경+중등도
0.45901682256313436,경+중등도
0.20296822006839355,경+중등도
0.07048632183483963,경+중등도
0.30112835141565997,경+중등도
0.5110822312310319,경+중등도
0.20015807926886584,경+중등도
0.24534741310713437,경+중등도
0.07262127613610522,경+중등도
0.03844530818225892,경+중등도
0.0888847622335241,경+중등도
0.2822250643022085,경+중등도
0.7799739368219832,경+중등도
0.11176859994681528,치명
0.033713048627033844,경+중등도
0.12851273733038823,경+중등도
0.2292415155985674,경+중등도
0.15213121182136757,경+중등도
0.20597186713940996,경+중등도
0.08035580490702733,경+중등도
0.11181758766578492,경+중등도
0.6031721382792732,경+중등도
0.09463647183203498,경+중등도
0.16717706376004612,중상
0.7402478310895537,중상
0.22910272252382133,치명
0.16215149812321308,경+중등도
0.17162249556533307,중상
0.08757742542857277,경+중등도
0.4938405752181961,치명
0.4411709859495349,치명
0.10756982241220654,경+중등도
0.1861203643794186,경+중등도
0.039583273915915256,경+중등도
0.06919373678923037,경+중등도
0.3459050716709438,경+중등도
0.3181330050594702,경+중등도
0.21788569960879697,경+중등도
0.09002271076288344,경+중등도
0.2568160089220531,경+중등도
0.21061024095975486,경+중등도
0.18320190873272688,경+중등도
0.25374885805732544,경+중등도
0.21862710731099866,경+중등도
0.05192011845139253,경+중등도
0.1296371197333339,경+중등도
0.17156616809590966,경+중등도
0.3539626827126665,경+중등도
0.06601414343198275,경+중등도
0.7228914117629396,경+중등도
0.8453043037902942,치명
0.043189330426644114,경+중등도
0.4103916409946829,경+중등도
0.3688060082785332,경+중등도
0.23412802264051744,중상
0.1447296109117821,경+중등도
0.17658446949804305,경+중등도
0.09873335193793638,경+중등도
0.08994984599156464,경+중등도
0.33106263731278573,경+중등도
0.1575119827182325,경+중등도
0.01188551443122632,중상
0.29248080115676556,치명
0.18827924328823284,경+중등도
0.055885800031528134,경+중등도
0.15520418145835002,경+중등도
0.25967200789731554,경+중등도
0.4472940414253745,경+중등도
0.21782797768183074,중상
0.24771842972792155,경+중등도
0.05814503962288419,경+중등도
0.3056992005479162,경+중등도
0.132975435904496,경+중등도
0.12838631445540366,중상
0.28359996464297405,경+중등도
0.8745035622026047,경+중등도
0.0034413910931151916,중상
0.028602513835930776,경+중등도
0.22466062890097885,치명
0.13822900421932377,경+중등도
0.2010098469057019,중상
0.0856774684795204,경+중등도
0.2199016609792116,경+중등도
0.10821635664200657,경+중등도
0.2812960655884261,경+중등도
0.2934647176013366,경+중등도
0.08769313008788204,경+중등도
0.30463605832417534,경+중등도
0.10601545280118106,경+중등도
0.20407577074371022,경+중등도
0.3717160594250844,경+중등도
0.12739169306246745,경+중등도
0.06287355179105125,경+중등도
0.5589894662245483,경+중등도
0.15699484187622045,경+중등도
0.31318577818088383,경+중등도
0.10952296948881816,경+중등도
0.15630380432494312,경+중등도
0.20075971865686357,경+중등도
0.1305957416155354,경+중등도
0.4515601381618633,경+중등도
0.4163812515039764,경+중등도
0.24712887877954104,경+중등도
0.07476907176681451,경+중등도
0.09596698614901229,경+중등도
0.42213968783210437,경+중등도
0.061584940468448424,경+중등도
0.14794536398304506,경+중등도
0.5156605422292136,경+중등도
0.08482563259541227,경+중등도
0.13586872100302708,경+중등도
0.16892252098194338,경+중등도
0.055427902921635054,경+중등도
0.13783805804208096,경+중등도
0.3683327287888534,경+중등도
0.0865137855851192,경+중등도
0.14643200691949596,경+중등도
0.2518999505536034,경+중등도
0.007978201236503063,중상
0.14275115635221758,경+중등도
0.03524906481436422,경+중등도
0.3184209136797988,경+중등도
0.24745067215318559,경+중등도
0.8173265669781834,치명
0.13618347690717905,경+중등도
0.001981130113101349,중상
0.5001641289476974,경+중등도
0.1861632712487246,치명
0.28291237069044856,경+중등도
0.048436254854488985,경+중등도
0.4869009810587137,경+중등도
0.1345570326754513,중상
0.16057376452772806,경+중등도
0.18552511900731047,경+중등도
0.07406129916844494,경+중등도
0.3098086987204552,경+중등도
0.4483249989864384,경+중등도
0.0854455951767034,경+중등도
0.07213692604855453,경+중등도
0.01918924935317781,경+중등도
0.22145986028193324,경+중등도
0.6754887739077194,경+중등도
0.03100840652856938,경+중등도
0.16059503514425225,경+중등도
0.22770058472253416,경+중등도
0.43804665408312937,경+중등도
0.343973969511242,경+중등도
0.12176677111932153,경+중등도
0.02517446593154705,경+중등도
0.2550312449050347,경+중등도
0.18580822408707467,경+중등도
0.027754085204897676,경+중등도
0.17700105785508777,경+중등도
0.32503841104086867,경+중등도
0.1395051018258069,경+중등도
0.11179092970879163,경+중등도
0.24593657583829195,경+중등도
0.5503416623928298,경+중등도
0.5560924688609685,경+중등도
0.04224825447680742,중상
0.09767150057142986,중상
0.11236401191496438,경+중등도
0.2291049261167251,경+중등도
0.4727154168431836,치명
0.4444092517077453,치명
0.4265627975813715,경+중등도
0.16603177409785083,경+중등도
0.40645022574757994,치명
0.11761894740026739,경+중등도
0.7696940627810944,경+중등도
0.20753121738529126,경+중등도
0.12855837192518269,경+중등도
0.13595746166164988,경+중등도
0.11323379390311827,치명
0.49232384030441373,경+중등도
0.12765416931110685,경+중등도
0.14167353843813268,경+중등도
0.8246764766925193,치명
0.2545765547708561,경+중등도
0.18307964632621307,경+중등도
0.018489076100559637,경+중등도
0.7472933310849661,중상
0.08656122977915344,경+중등도
0.493982310045827,경+중등도
0.5137807622526936,치명
0.05850378167726356,경+중등도
0.6077965411007383,치명
0.10112284091072193,경+중등도
0.24056675169638975,경+중등도
0.14189124306434409,경+중등도
0.3905814590360716,경+중등도
0.0995353025383996,경+중등도
0.13188684271021764,경+중등도
0.19184453295907256,경+중등도
0.4655859552001586,중상
0.1357208762913591,경+중등도
0.0054556798173297505,경+중등도
0.18589967604800106,경+중등도
0.4322774319956147,경+중등도
0.02106534831583602,중상
0.21691531832801733,경+중등도
0.25127299394878194,경+중등도
0.19337364826486217,경+중등도
0.002071447584761835,경+중등도
0.388600785596431,경+중등도
0.1961557577338778,경+중등도
0.18256058486534232,경+중등도
0.048514639238036415,경+중등도
0.07170474571724263,경+중등도
0.24198095511871523,경+중등도
0.1253251968657714,경+중등도
0.32292091756038904,경+중등도
0.016939842654746934,경+중등도
0.02231699306175421,중상
0.15702918180036615,경+중등도
0.2697273657987915,경+중등도
0.47313617939009434,경+중등도
0.03962703064422341,중상
0.4368483851655028,경+중등도
0.29087727074094677,경+중등도
0.24491150648915708,경+중등도
0.19123279357263892,경+중등도
0.6821674360236908,치명
0.24240610818309713,치명
0.06795411100274465,경+중등도
0.30010893621948403,경+중등도
0.11917233585307165,경+중등도
0.12574196021475936,경+중등도
0.15149582175915213,경+중등도
0.002709391752931067,중상
0.2817895596455941,중상
0.08426672357152869,경+중등도
0.1052850612710367,경+중등도
0.5149592744517079,경+중등도
0.17048399462576638,치명
0.6683158902476313,경+중등도
0.6126691017566158,치명
0.22652494718094185,경+중등도
0.39351117484726217,경+중등도
0.14508003121944915,경+중등도
0.617028723750233,경+중등도
0.10350201320982716,경+중등도
0.10583565924686479,경+중등도
0.645849483349652,경+중등도
0.06893918616613716,경+중등도
0.10189305000720378,경+중등도
0.002335008488606962,경+중등도
0.056858467168933634,경+중등도
0.1723252097358546,경+중등도
0.1656567131666027,경+중등도
0.033813634031318034,중상
0.10470958077199348,경+중등도
0.1786618209478575,경+중등도
0.04752087572690621,경+중등도
0.5198608610954164,경+중등도
0.025256156522988082,중상
0.1695590948192939,경+중등도
0.13247797174528805,경+중등도
0.546290246652858,경+중등도
0.1516416028702484,경+중등도
0.12826918458912384,경+중등도
0.30747659795149446,경+중등도
0.6471466394182191,경+중등도
0.12277753688327814,경+중등도
0.08302285758256504,경+중등도
0.3185450487717876,경+중등도
0.12480940688060528,경+중등도
0.534720052396029,경+중등도
0.18198563450872238,경+중등도
0.17930842089790686,경+중등도
0.15300833006762277,경+중등도
0.2739031195290847,경+중등도
0.02789140549442999,경+중등도
0.06996767717283868,경+중등도
0.19432147107755657,경+중등도
0.5476285414391463,치명
0.5685920400563299,치명
0.38671631804638745,경+중등도
0.05788520096759617,경+중등도
0.10091248659913743,경+중등도
0.43242200777775547,경+중등도
0.1628042075661503,경+중등도
0.6820730487894712,경+중등도
0.036758986816712816,중상
0.22165415179939849,경+중등도
0.3479239030867556,경+중등도
0.12753100238990842,경+중등도
0.059817406693121404,경+중등도
0.1801398367068093,경+중등도
0.04226238276811058,경+중등도
0.5328324377587689,경+중등도
0.23932726468604706,경+중등도
0.8569334382047687,치명
0.1649312189399985,경+중등도
0.059270428869962095,중상
0.07311454926593482,경+중등도
0.2217583524532433,경+중등도
0.15617035268830257,경+중등도
0.2107771550919564,중상
0.06001178925780026,경+중등도
0.18952645254289724,경+중등도
0.29579085460831217,경+중등도
0.04200331760257425,경+중등도
0.04388443632571413,경+중등도
0.010465787023702017,중상
0.20902775145403374,경+중등도
0.001870193431597257,경+중등도
0.46579075500277606,경+중등도
0.19666128112781356,경+중등도
0.08347137468549737,경+중등도
0.24670171053811166,경+중등도
0.045287255442065986,경+중등도
0.8556510771339331,경+중등도
0.40064444536676486,경+중등도
0.3132312148776625,경+중등도
0.3826399504436481,경+중등도
0.0343645555905038,중상
0.023157668895351088,중상
0.0678099532276029,경+중등도
0.45324893302619973,경+중등도
0.07664568971790252,경+중등도
0.4931716471179917,경+중등도
0.16024169535278276,경+중등도
0.539559297056659,경+중등도
0.6678649339749821,경+중등도
0.04857777314912257,경+중등도
0.8190794825867465,치명
0.52304046020236,경+중등도
0.3648719632327806,경+중등도
0.19811513990023025,경+중등도
0.09685595345407982,경+중등도
0.09787685161991766,경+중등도
0.043154662229720225,경+중등도
0.14520973643468363,치명
0.06700743087188898,경+중등도
0.0638823817248772,경+중등도
0.14061834070343363,경+중등도
0.33552562602541663,경+중등도
0.19529833612848746,경+중등도
0.27245775049045734,경+중등도
0.054428685726535385,경+중등도
0.15624681315474406,경+중등도
0.1541558933022811,경+중등도
0.6180404491006769,치명
0.24977943854349507,경+중등도
0.09029842829579869,경+중등도
0.13228187807648112,경+중등도
0.14940485443609594,경+중등도
0.450134082330145,경+중등도
0.28546205370117267,경+중등도
0.06676814599154761,경+중등도
0.05456061268235648,경+중등도
0.21263390532412196,경+중등도
0.0693353228350545,경+중등도
0.2818914039440579,경+중등도
0.09486431452375556,경+중등도
0.11058026071779299,경+중등도
0.027297853133952523,경+중등도
0.13117430787608675,경+중등도
0.3714226194695442,경+중등도
0.05910929725529116,경+중등도
0.44025473040553287,경+중등도
0.36403574633758695,경+중등도
0.6859259762751547,치명
0.12783324301633855,경+중등도
0.06055136540833262,경+중등도
0.003608419169639877,중상
0.2479102063267599,치명
0.12807697492914996,경+중등도
0.224907387025129,치명
0.07982664196873092,경+중등도
0.22146187776689538,경+중등도
0.1657288361090938,경+중등도
0.15971864857067622,경+중등도
0.050177573280038,경+중등도
0.07762883891926636,경+중등도
0.0862904805036137,경+중등도
0.05014596684628591,경+중등도
0.35791287841056557,경+중등도
0.006743050532737359,중상
0.09392281701757223,경+중등도
0.04863878811093367,중상
0.21937202129958636,경+중등도
0.5206587989942079,경+중등도
0.1591269908344166,경+중등도
0.11327295505447077,경+중등도
0.20939247066219824,경+중등도
0.10806794545093601,경+중등도
0.06749552963266263,경+중등도
0.0967330996046168,치명
0.06449261428187525,경+중등도
0.14387419984812397,경+중등도
0.03471034705475132,경+중등도
0.04108572879959812,경+중등도
0.014308206169455528,경+중등도
0.41323852099685504,경+중등도
0.05670758321753357,경+중등도
0.5689537681390656,경+중등도
0.06525722654047483,경+중등도
0.14415904577706193,경+중등도
0.6807722411071055,경+중등도
0.10190318053110758,경+중등도
0.1892212889731796,경+중등도
0.22889024550728745,경+중등도
0.5273742650357537,경+중등도
0.6159507677413469,치명
0.19355027929387847,경+중등도
0.3924836122450727,치명
0.14368066280007974,경+중등도
0.052334676372345845,경+중등도
0.6266185779212766,경+중등도
0.08873007421209715,경+중등도
0.049487387817330135,경+중등도
0.46667593150898456,경+중등도
0.45761749968917537,경+중등도
0.26493524686496805,경+중등도
0.04672641173961156,경+중등도
0.10069734004635268,경+중등도
0.23923422156187182,경+중등도
0.06480587462353388,경+중등도
0.3663723769147687,경+중등도
0.16195843335270363,경+중등도
0.21107683001958435,경+중등도
0.11955598689526888,경+중등도
0.14761233529996698,경+중등도
0.2863607382442204,경+중등도
0.48533132367767734,경+중등도
0.374924352491508,경+중등도
0.4844908976489212,경+중등도
0.0837581455812183,경+중등도
0.3276309984495065,경+중등도
0.11551722194033033,경+중등도
0.2673072538985612,경+중등도
0.6381100491213062,경+중등도
0.00591587401027718,중상
0.26281669227983256,경+중등도
0.600192571879643,경+중등도
0.10177862131756886,중상
0.20846957293194637,경+중등도
0.5331186748790363,경+중등도
0.1355220892800702,경+중등도
0.06748046696045283,경+중등도
0.009771903378709328,경+중등도
0.20876523231261535,경+중등도
0.07772355124582618,경+중등도
0.24845463002532275,경+중등도
0.35245196657004035,경+중등도
0.35261705561434425,경+중등도
0.07979014456281859,경+중등도
0.646303231149636,경+중등도
0.14796178586619846,경+중등도
0.4734471672925175,치명
0.08348526571108288,경+중등도
0.034848702888028674,경+중등도
0.6196324626744537,치명
0.024809567765189177,중상
0.07281925271952058,경+중등도
0.1478963894528871,경+중등도
0.20417004322498608,경+중등도
0.4049475287480693,경+중등도
0.07359780499224632,경+중등도
0.8766969740787375,치명
0.606212663067906,중상
0.5946952930966396,경+중등도
0.07919441703126372,경+중등도
0.38988578726072537,경+중등도
0.06599124799861912,경+중등도
0.177573282177566,경+중등도
0.07070065030603272,경+중등도
0.09435276791489562,경+중등도
0.28714385965372213,경+중등도
0.28262547196404514,경+중등도
0.16725366837701094,경+중등도
0.1975362082525399,경+중등도
0.3712091290057499,경+중등도
0.18495024566434162,경+중등도
0.25196623484735614,경+중등도
0.2338223872248952,경+중등도
0.4848729135255642,경+중등도
0.5890084778636454,경+중등도
0.3749055972288187,경+중등도
0.0301257591946045,경+중등도
0.2546181724202831,경+중등도
0.19285600781059276,경+중등도
0.6266749985510035,경+중등도
0.06293739813518251,경+중등도
0.8178985501437475,치명
0.11458884286622358,경+중등도
0.47920151365282426,경+중등도
0.27119545286752517,경+중등도
0.003955066129329429,경+중등도
0.08181232574219356,경+중등도
0.7704821618268829,치명
0.6805824167772437,경+중등도
0.3818824205044396,경+중등도
0.21296774307174812,경+중등도
0.3586026308146004,경+중등도
0.15391835594493689,경+중등도
0.08177699961916245,경+중등도
0.14579588106410515,경+중등도
0.04861107157657673,경+중등도
0.03872483788141415,경+중등도
0.18261690135444666,경+중등도
0.17767880355726665,경+중등도
0.14230378115781198,경+중등도
0.14806973373246737,경+중등도
0.3898007872655347,경+중등도
0.6923100722659329,경+중등도
0.2910264094765977,경+중등도
0.41100571444316936,경+중등도
0.04156159889950041,경+중등도
0.06511143407526788,경+중등도
0.12566429745973354,경+중등도
0.7565173156405957,경+중등도
0.16725917903837417,경+중등도
0.31579344705635953,경+중등도
0.1044995789154558,경+중등도
0.15460003246825807,경+중등도
0.009166834662542119,중상
0.03676596808004506,경+중등도
0.08364670274905077,경+중등도
0.16136985593833564,경+중등도
0.20498932811317064,경+중등도
0.0872095367287589,경+중등도
0.25551648380101005,경+중등도
0.3548470958903555,경+중등도
0.5057244626818865,경+중등도
0.007342114569498507,경+중등도
0.5481865664109428,경+중등도
0.0031244475735261825,경+중등도
0.18581666644122627,경+중등도
0.19590288456676141,경+중등도
0.47030369253009585,경+중등도
0.7654832351771974,경+중등도
0.060205089143264424,경+중등도
0.06808755911427607,경+중등도
0.42819549941085094,경+중등도
0.39201276732046475,경+중등도
0.17722641022216076,경+중등도
0.16240586490052264,경+중등도
0.12880488098986465,경+중등도
0.4536100440745902,경+중등도
0.20858595506546887,경+중등도
0.04080760640585706,경+중등도
0.2941414112316039,경+중등도
0.3266646978396149,경+중등도
0.003135387278980778,경+중등도
0.10245770898081923,치명
0.7773111233066224,경+중등도
0.09191221081815336,경+중등도
0.023572555687856656,경+중등도
0.44360167195711137,경+중등도
0.6909216087776269,경+중등도
0.38093638334783914,경+중등도
0.01533997733556979,중상
0.2840497683985144,경+중등도
0.33882307877270984,경+중등도
0.2133453541472984,경+중등도
0.09413049668148847,중상
0.2137493087315098,중상
0.0354505741290805,경+중등도
0.7784525575960582,경+중등도
0.14475263832929233,경+중등도
0.15903818600861927,경+중등도
0.11317994665104952,경+중등도
0.07406754325686683,경+중등도
0.09238892073813694,경+중등도
0.27764525356157405,경+중등도
0.35748971320850037,경+중등도
0.1238791308213264,경+중등도
0.6999205646900161,경+중등도
0.14039093809701672,치명
0.08128629995973487,경+중등도
0.1986151446143117,경+중등도
0.177932739460373,중상
0.08533832071138775,치명
0.22744932656381686,경+중등도
0.2220391211786875,경+중등도
0.7169449565041516,경+중등도
0.18159259013504805,경+중등도
0.5552840907842317,경+중등도
0.18071849630748948,경+중등도
0.09064042212845104,경+중등도
0.41361245859866763,경+중등도
0.4503285674772119,경+중등도
0.1677553763521522,경+중등도
0.1626029046991686,경+중등도
0.5944349660340134,치명
0.41042810569692295,경+중등도
0.18550452525342223,경+중등도
0.15237277009002986,경+중등도
0.2806011004556193,경+중등도
0.21886498831403634,경+중등도
0.650383738790936,치명
0.102867559736757,경+중등도
0.1801499890419355,경+중등도
0.37760557167697356,경+중등도
0.01443245938943275,중상
0.3824717469866816,경+중등도
0.15634379189316486,경+중등도
0.613312207616985,경+중등도
0.018789900271673658,중상
0.13694874262680498,경+중등도
0.512687179564896,치명
0.31978324682824305,경+중등도
0.14699895144164044,경+중등도
0.32681671365038095,경+중등도
0.10501417415341713,경+중등도
0.6227940416387683,치명
0.39419190245065333,경+중등도
0.13063616504349299,경+중등도
0.11477932899193455,경+중등도
0.3135797105738854,경+중등도
0.11460576072485518,경+중등도
0.16282459651896372,경+중등도
0.23834257169190273,경+중등도
0.601897257518639,경+중등도
0.18468489877237762,치명
0.056022190624943624,경+중등도
0.033350168087533105,경+중등도
0.246507228875928,경+중등도
0.010518804956439398,중상
0.04697657070507919,경+중등도
0.30715960907556705,경+중등도
0.6168464809136628,경+중등도
0.7957424479198149,치명
0.101425855353713,경+중등도
0.06997219703043588,경+중등도
0.08940073780543197,경+중등도
0.48684304663688244,경+중등도
0.07207471818132564,중상
0.8184054914919686,경+중등도
0.08410411912432718,경+중등도
0.0639450303885507,경+중등도
0.01984341635370485,중상
0.41931258170842467,치명
0.35994301360791026,경+중등도
0.27689431627165767,중상
0.5989649821683151,경+중등도
0.07320607093876526,경+중등도
0.007793708392057924,경+중등도
0.27708228892542336,경+중등도
0.3723235263546148,경+중등도
0.2544752728331265,경+중등도
0.20125526805129676,경+중등도
0.17651981891849614,경+중등도
0.18650205277632326,치명
0.7988862536322617,치명
0.12819717030285768,경+중등도
0.07881583556067723,경+중등도
0.23310527562172867,경+중등도
0.0927588101005898,경+중등도
0.3440660968789769,치명
0.013581111210747357,경+중등도
0.13810676099326633,경+중등도
0.3722189016207516,경+중등도
0.23041925296902466,경+중등도
0.4345860964093471,경+중등도
0.0872058605822228,경+중등도
0.3372902370476955,경+중등도
0.1058543587058877,경+중등도
0.1549784859684925,경+중등도
0.6914996029687636,경+중등도
0.5708811822396326,경+중등도
0.27765802588036465,경+중등도
0.45230465377567647,경+중등도
0.06897317241531047,경+중등도
0.1876446968989003,경+중등도
0.29736539394653333,경+중등도
0.113114684405695,경+중등도
0.2965616060196816,경+중등도
0.13988922863558395,치명
0.21426106127452957,경+중등도
0.30291429645585405,경+중등도
0.19476470140139632,경+중등도
0.23979369997789146,경+중등도
0.7272798146989312,경+중등도
0.16679634245592087,경+중등도
0.7006596224326246,중상
0.237898421903212,경+중등도
0.14951886373081583,경+중등도
0.22654437692926097,경+중등도
0.07551475788167884,중상
0.1357491265990053,경+중등도
0.6649656554128999,경+중등도
0.04121979562831165,치명
0.1805448196012768,경+중등도
0.12269815225732394,경+중등도
0.01692385309134622,경+중등도
0.8634667872413774,치명
0.015222023598008597,중상
0.051959935791853935,경+중등도
0.5701797218262227,경+중등도
0.20479751594804121,중상
0.3651819740522746,경+중등도
0.1424017566572149,경+중등도
0.4523854574569753,경+중등도
0.15880456786847305,경+중등도
0.18083911086523177,경+중등도
0.3699820486636943,경+중등도
0.30898284477622245,경+중등도
0.02036157684763926,중상
0.7067497620787945,경+중등도
0.14063873741175462,경+중등도
0.30592103153177924,경+중등도
0.4198608463265517,경+중등도
0.1428004311334309,중상
0.43804611494009843,경+중등도
0.2633932493586075,경+중등도
0.0331163596577814,경+중등도
0.12440336801832046,경+중등도
0.2255717471331965,경+중등도
0.2215839771555869,경+중등도
0.11627743375381146,경+중등도
0.47512380995256204,경+중등도
0.55330969668703,경+중등도
0.23002558027121953,경+중등도
0.48714981371716215,경+중등도
0.3529833974575654,경+중등도
0.2167881972049758,경+중등도
0.4847059730731693,중상
0.3018299101422463,경+중등도
0.16835359251460982,경+중등도
0.10877258210422684,경+중등도
0.28424844777270314,경+중등도
0.2221075777299231,치명
0.4306463549098359,경+중등도
0.04374327858323415,중상
0.021134739956977792,경+중등도
0.19254137701170895,경+중등도
0.251520466788584,경+중등도
0.5001900270739968,경+중등도
0.18163917273908328,경+중등도
0.08343920476755484,경+중등도
0.35007163072419295,경+중등도
0.061545641561335934,경+중등도
0.30588816120546825,경+중등도
0.5949510107959383,경+중등도
0.09635351464393005,경+중등도
0.05120379618879587,중상
0.032853151248360156,경+중등도
0.09520874386202167,경+중등도
0.2056025797917045,경+중등도
0.02716521389542223,경+중등도
0.9082812429070889,경+중등도
0.07671065937763433,경+중등도
0.5949909175345924,경+중등도
0.12683688773197568,경+중등도
0.5046258765451964,경+중등도
0.14278901014734433,경+중등도
0.06454977599475845,중상
0.026837551371488463,경+중등도
0.144578317634016,경+중등도
0.22754625262926362,경+중등도
0.11753877430006587,경+중등도
0.2895985496288042,경+중등도
0.15373454383948087,중상
0.09696539542362126,경+중등도
0.038437431657744874,경+중등도
0.458008151754051,경+중등도
0.5590816578135547,경+중등도
0.15450737625320402,경+중등도
0.12987957790684512,경+중등도
0.0663522380568796,치명
0.10250497572349022,경+중등도
0.24851723691713037,경+중등도
0.6603478488160301,경+중등도
0.010586065044965771,경+중등도
0.3105610865337997,경+중등도
0.14133299135876073,경+중등도
0.276993012349151,경+중등도
0.09691333382886284,경+중등도
0.037675886979490474,치명
0.11824358500269198,경+중등도
0.15212056040823732,경+중등도
0.23050734870361134,경+중등도
0.1698321330939939,경+중등도
0.002138095838327251,중상
0.08717921919922267,경+중등도
0.022561447311594693,경+중등도
0.2563708895935047,경+중등도
0.15873060782542325,경+중등도
0.08403120044908531,경+중등도
0.23868567545124061,경+중등도
0.03402411892333162,경+중등도
0.2633962782597114,경+중등도
0.1158366520176783,경+중등도
0.06209063252214401,경+중등도
0.02063438130768467,경+중등도
0.12598624548003343,치명
0.1055514682404069,경+중등도
0.09072567233554525,경+중등도
0.032201724120682375,경+중등도
0.21523977510972114,경+중등도
0.5433341290746733,경+중등도
0.11192216475822836,치명
0.2615323896704791,경+중등도
0.08440002051447078,경+중등도
0.11708095586042651,경+중등도
0.037221594346195125,경+중등도
0.3391848837717144,경+중등도
0.1510311328963869,경+중등도
0.20558670266392887,경+중등도
0.039214853582726146,경+중등도
0.44032910302548417,치명
0.224512976419,경+중등도
0.11517090828357184,경+중등도
0.06431554840083581,경+중등도
0.06656507276946748,경+중등도
0.46149410907209454,경+중등도
0.030406447660401775,경+중등도
0.4296955360152566,경+중등도
0.2585759001488317,경+중등도
0.5562405167621061,경+중등도
0.03563412435288698,경+중등도
0.25376447410835185,경+중등도
0.1276925949840376,중상
0.16431463238980334,경+중등도
0.12863457367654504,경+중등도
0.19529189838648534,경+중등도
0.07598921928034455,경+중등도
0.6713559479498704,치명
0.011675223583963995,중상
0.01916817003195372,경+중등도
0.16038992602138305,중상
0.16736006982707566,경+중등도
0.09461170207481695,경+중등도
0.1611717960133037,경+중등도
0.056052427523334315,경+중등도
0.7369916369184795,치명
0.012160647673483389,중상
0.21262177098824075,경+중등도
0.09898168662404681,경+중등도
0.12611961683737039,경+중등도
0.9103775077207578,치명
0.24869849835491778,경+중등도
0.1194116012192777,경+중등도
0.16227266878325283,경+중등도
0.1614789703481103,경+중등도
0.24821106520059297,경+중등도
0.08239779035470156,경+중등도
0.8073438009751207,치명
0.18411735175011934,치명
0.2988298056870638,경+중등도
0.1634923137326937,경+중등도
0.12456926485883317,경+중등도
0.005944700992374374,경+중등도
0.18347795132564393,경+중등도
0.059621765230037295,경+중등도
0.02967664535123714,경+중등도
0.4007599628948964,경+중등도
0.025603877456604834,경+중등도
0.41032396390694315,경+중등도
0.4106405805195354,경+중등도
0.39519241346882605,중상
0.06838766005404791,경+중등도
0.03552248085895447,중상
0.03582686747711732,경+중등도
0.14010251322282374,경+중등도
0.25208929170597716,경+중등도
0.27995936704967067,중상
0.092920513618121,중상
0.4744212164756873,경+중등도
0.5238273690726225,경+중등도
0.31964745938749695,경+중등도
0.055217630298478926,중상
0.3084983772845363,경+중등도
0.49780413034241916,경+중등도
0.0028598692482899413,경+중등도
0.3599213272206945,경+중등도
0.3532833066884488,경+중등도
0.21078332901378202,경+중등도
0.10099409279951911,경+중등도
0.24431814634889978,경+중등도
0.18418769216205777,경+중등도
0.03059664407523001,경+중등도
0.10069944200563113,경+중등도
0.13734727593208323,중상
0.06315792257277768,경+중등도
0.21713245515981416,경+중등도
0.051197329420974096,경+중등도
0.22040521411954428,경+중등도
0.2808256751726073,경+중등도
0.07297387622623352,경+중등도
0.011402694890889783,경+중등도
0.7661325284750151,경+중등도
0.30570957128687876,경+중등도
0.399596477413308,치명
0.22038006763517384,경+중등도
0.12033282227799487,경+중등도
0.34518114255864746,경+중등도
0.15997108023514273,경+중등도
0.1679344242177944,경+중등도
0.11123869900013211,경+중등도
0.187053436306053,경+중등도
0.09226397750203358,경+중등도
0.06441798451464593,경+중등도
0.26953154856238065,경+중등도
0.06822747885032542,경+중등도
0.11758617380496648,경+중등도
0.1927890827790687,경+중등도
0.5178524078027252,경+중등도
0.16307421632807415,경+중등도
0.060433871106217514,경+중등도
0.4128414919425043,경+중등도
0.14651123561106927,경+중등도
0.5641702055579083,경+중등도
0.4428303361959692,치명
0.05978051225839365,경+중등도
0.21640665864235972,경+중등도
0.29123386753163216,경+중등도
0.41404389448016937,경+중등도
0.12514024116575806,경+중등도
0.11044937053920678,경+중등도
0.029026598969922972,경+중등도
0.23835961305662293,경+중등도
0.05255511882644929,경+중등도
0.1861662207040253,경+중등도
0.4943065521073528,경+중등도
0.12316029757644938,경+중등도
0.19101723615692748,경+중등도
0.1840376219678547,경+중등도
0.11132216777718475,경+중등도
0.23105515539086594,경+중등도
0.4625442847917825,경+중등도
0.14689763361724859,경+중등도
0.07423862341951096,중상
0.11489018206448949,경+중등도
0.3785590436539141,중상
0.05584266837188315,경+중등도
0.04658808410602235,중상
0.26931633720416687,경+중등도
0.2011648154948318,중상
0.13294031939834852,경+중등도
0.43815568965781876,경+중등도
0.12528523530949007,경+중등도
0.37908347489906946,경+중등도
0.12899356435249013,경+중등도
0.08314184575525863,경+중등도
0.8251098932411557,경+중등도
0.47277081874983146,경+중등도
0.10493461861421438,경+중등도
0.5204633360709734,경+중등도
0.35370731758529317,경+중등도
0.051947758083296935,경+중등도
0.7970250645212871,경+중등도
0.13752731266972024,경+중등도
0.20524555800109204,경+중등도
0.23280588259100887,경+중등도
0.05927327274069059,경+중등도
0.005199635115627266,경+중등도
0.12021519062760251,경+중등도
0.006552029214157369,중상
0.05416748168968572,경+중등도
0.03380320277097978,경+중등도
0.20024383662470532,경+중등도
0.18599313737696077,경+중등도
0.10712909661278029,경+중등도
0.21262265945841782,경+중등도
0.6495436380480251,경+중등도
0.8086141082010205,경+중등도
0.19033284036964937,경+중등도
0.08866647208091638,경+중등도
0.05340090622139387,경+중등도
0.14337340761432607,경+중등도
0.037507279225031984,경+중등도
0.13552380575136722,경+중등도
0.08814664077345458,경+중등도
0.12159550629756932,경+중등도
0.265623866745704,경+중등도
0.04579006054060505,경+중등도
0.03272581840440356,경+중등도
0.17690645208596356,경+중등도
0.16586932777000185,경+중등도
0.01591226515316904,경+중등도
0.7388456100083679,경+중등도
0.07533620644294367,경+중등도
0.08371863455372597,중상
0.18815719414439902,경+중등도
0.09563282453694051,경+중등도
0.10977862079775307,경+중등도
0.06336723184182703,경+중등도
0.27424338649920715,치명
0.023906870543313086,중상
0.8350049098236764,치명
0.04909610333836689,경+중등도
0.647926448672976,경+중등도
0.3038649811007218,경+중등도
0.19762785571783617,경+중등도
0.10689545024454994,중상
0.23768711772730655,경+중등도
0.08613879619093512,경+중등도
0.15496061648156145,중상
0.16857546654684244,경+중등도
0.0914206642669327,경+중등도
0.20237013525755557,경+중등도
0.38785040939287024,경+중등도
0.050939114231231965,경+중등도
0.0966654136561208,경+중등도
0.3786438524485238,경+중등도
0.4160355793001758,중상
0.07914410658821132,경+중등도
0.19858536919758082,경+중등도
0.2068014831935218,경+중등도
0.7336907335821831,경+중등도
0.5354680252565026,경+중등도
0.128901750239875,경+중등도
0.0699506181618262,경+중등도
0.3236258910741355,경+중등도
0.12498927187018682,경+중등도
0.10059166401213863,경+중등도
0.01904339937690833,경+중등도
0.07156475143028433,경+중등도
0.02610914841094932,경+중등도
0.14077688985540085,경+중등도
0.13120097987694612,경+중등도
0.37224746713992324,경+중등도
0.07914277828153272,경+중등도
0.2895147332711226,경+중등도
0.25358568025229644,경+중등도
0.14415241177168558,경+중등도
0.43773395279900057,경+중등도
0.1976389993221601,경+중등도
0.23005018042131217,경+중등도
0.030462141717287117,경+중등도
0.35880421569699655,중상
0.46206054103356603,경+중등도
0.6222861810939991,경+중등도
0.3663109837449374,경+중등도
0.16446021006264452,경+중등도
0.7294520693829925,경+중등도
0.13358499466225685,경+중등도
0.04601074293120088,경+중등도
0.1261838597548847,경+중등도
0.20561113569122727,경+중등도
0.2007443697582911,중상
0.5810950644382938,치명
0.2967361309103781,경+중등도
0.0847569834634349,경+중등도
0.3024548791610105,경+중등도
0.8095885962529555,경+중등도
0.5110303567584584,경+중등도
0.4495113685567076,경+중등도
0.5052026092508545,경+중등도
0.23145386855309558,경+중등도
0.14898579655488253,경+중등도
0.047282702373534324,경+중등도
0.2427383648749251,경+중등도
0.20550120531930668,경+중등도
0.1091543176560248,경+중등도
0.7373656254105662,치명
0.3833852273162994,경+중등도
0.28641524912833755,경+중등도
0.2225365344398299,경+중등도
0.22682362775399953,경+중등도
0.6891567045151498,경+중등도
0.36590551711107805,경+중등도
0.09035174465332814,경+중등도
0.6105222194035953,경+중등도
0.636539285539288,치명
0.1531222623142333,경+중등도
0.1096098531464822,경+중등도
0.13162541749645862,경+중등도
0.12043948880910299,경+중등도
0.2016557856541149,경+중등도
0.5753880762080548,치명
0.4076835421598645,경+중등도
0.34946075000560084,경+중등도
0.0724673092626101,경+중등도
0.3080270545340594,경+중등도
0.023334432073617822,경+중등도
0.06378557663142491,경+중등도
0.028419223500494067,경+중등도
0.5184700790247017,경+중등도
0.13292795413600825,경+중등도
0.14289110742361896,경+중등도
0.011093477702851712,경+중등도
0.3497451543066126,경+중등도
0.01885232353231112,경+중등도
0.04466807194610006,경+중등도
0.392804089864445,경+중등도
0.17247232393191345,경+중등도
0.10773447076693991,경+중등도
0.06908158766507148,경+중등도
0.18624230880864232,치명
0.20391912497235196,경+중등도
0.09013813198843855,경+중등도
0.1356785970123863,경+중등도
0.36776923851861554,경+중등도
0.2023293883314429,경+중등도
0.007430878506494632,중상
0.308036813584412,치명
0.06782508255163237,경+중등도
0.05062279399338033,경+중등도
0.3024173385612469,치명
0.0951500136603603,경+중등도
0.5506630877310726,경+중등도
0.12562113509257405,경+중등도
0.23954841226045856,경+중등도
0.3158590531533419,경+중등도
0.15199967565269343,중상
0.376688172130529,경+중등도
0.22261651231061794,경+중등도
0.08468073480294558,경+중등도
0.1451458841861805,경+중등도
0.09951446741112006,경+중등도
0.008587349031016487,경+중등도
0.605036541843895,경+중등도
0.1473097024655964,경+중등도
0.099673861818863,경+중등도
0.10787660152015245,경+중등도
0.03855474974469406,경+중등도
0.012421890099743793,중상
0.0755272811375441,경+중등도
0.13496455279435482,경+중등도
0.1496943682078379,경+중등도
0.33100050446250656,경+중등도
0.10034677652764039,경+중등도
0.27357560184484025,중상
0.3866092812226789,경+중등도
0.2551583696119906,중상
0.04172132633054948,경+중등도
0.11123929308155821,경+중등도
0.3448355857771521,중상
0.49371242207634297,경+중등도
0.23656980226017335,경+중등도
0.34904870950902245,경+중등도
0.29815160116286393,치명
0.19955759548565358,경+중등도
0.0483215135977571,경+중등도
0.4355422345433815,경+중등도
0.0591832917872421,경+중등도
0.12186188618411775,경+중등도
0.060967081371286154,경+중등도
0.3768363003956745,경+중등도
0.07798934354682814,중상
0.07194038774827825,경+중등도
0.12435135047086698,경+중등도
0.03951776753984108,중상
0.09685086759793093,중상
0.04318010404657326,경+중등도
0.07933106767451835,경+중등도
0.15468506810727184,치명
0.1004099219924459,경+중등도
0.010991147115704777,중상
0.5699409914144167,경+중등도
0.003508125120624326,중상
0.053774154292431375,경+중등도
0.04855785588284223,경+중등도
0.12925804628284912,경+중등도
0.15309347658946051,경+중등도
0.34346860308664146,치명
0.043682453789167984,경+중등도
0.05410692323118397,경+중등도
0.9029378070813839,치명
0.00622792351357537,경+중등도
0.12123384981577516,경+중등도
0.042532813152547526,경+중등도
0.5319275705974816,경+중등도
0.6940941188956966,경+중등도
0.179867851278008,경+중등도
0.5098797262741824,치명
0.16500536919375905,경+중등도
0.09554251103290012,경+중등도
0.24986445097514584,경+중등도
0.04750096640801774,경+중등도
0.41363920394666415,경+중등도
0.46574258732797835,경+중등도
0.15686750022621423,경+중등도
0.13359911602057875,경+중등도
0.019983358262832134,경+중등도
0.017489037895355494,경+중등도
0.14045462379539472,경+중등도
0.10191419942092765,경+중등도
0.09387489853154028,중상
0.729900332052552,경+중등도
0.1429489945946043,경+중등도
0.34286863674947116,경+중등도
0.5649246506394962,경+중등도
0.09476425521825249,경+중등도
0.030411020118457147,경+중등도
0.42546711706714885,경+중등도
0.11604708546530045,경+중등도
0.4274596393484817,경+중등도
0.054743917658809794,경+중등도
0.0316222565994362,경+중등도
0.08636007213905705,중상
0.41294192069120034,중상
0.05785980857545148,경+중등도
0.16121891328211502,경+중등도
0.1599908115421095,경+중등도
0.3281042341821175,경+중등도
0.014203412254026543,중상
0.11904385572277802,경+중등도
0.13929717312320314,경+중등도
0.06406296054993983,경+중등도
0.461937316037698,경+중등도
0.5255353461897042,경+중등도
0.08127460425755093,경+중등도
0.032813323631267134,경+중등도
0.34331126904639736,경+중등도
0.16826895323825738,경+중등도
0.2799514063072845,경+중등도
0.3423330095809618,경+중등도
0.3926534384976779,경+중등도
0.1427691844275847,치명
0.41567177354905244,경+중등도
0.21498968651900285,경+중등도
0.07674867034172052,중상
0.28031812972717246,경+중등도
0.03456652188871232,경+중등도
0.4909939350380485,경+중등도
0.48627822192367215,경+중등도
0.03839123940515459,경+중등도
0.08762029437066905,경+중등도
0.20556857313401836,경+중등도
0.2956641268128763,경+중등도
0.18995069827242395,경+중등도
0.06704429147671925,경+중등도
0.8962452060962778,치명
0.018605559424254056,경+중등도
0.3937743257317969,경+중등도
0.4226813572618498,경+중등도
0.2648050268660171,경+중등도
0.10233318201628865,경+중등도
0.2986542356972374,경+중등도
0.20288184075674898,경+중등도
0.4064118412742319,치명
0.01715266760567619,경+중등도
0.08360406382327812,경+중등도
0.06860931825365646,경+중등도
0.23239340658908678,경+중등도
0.15774982290112996,경+중등도
0.02103957326501965,경+중등도
0.564236940811012,경+중등도
0.7444635838227568,경+중등도
0.05744134534000748,중상
0.16800033670725711,경+중등도
0.18558005924211665,경+중등도
0.07046152185215578,경+중등도
0.0914145438933927,경+중등도
0.22429250883348853,중상
0.432376270356192,경+중등도
0.009800933190573414,중상
0.17555066866535274,경+중등도
0.07139530466511444,경+중등도
0.6345666977159116,경+중등도
0.12868404195633198,경+중등도
0.0796200244485998,경+중등도
0.25899701789297086,경+중등도
0.5199729513472405,경+중등도
0.10860192429901855,경+중등도
0.5515063018031285,경+중등도
0.1574336205425149,치명
0.17017590645603212,경+중등도
0.06360509083179068,경+중등도
0.11121556343516222,경+중등도
0.014675528192245477,중상
0.15587529096476843,경+중등도
0.05543936581465569,경+중등도
0.02238934363069932,경+중등도
0.18311657665333636,경+중등도
0.03606680258382575,중상
0.4693831708651801,경+중등도
0.3654772770961716,경+중등도
0.2355010873270811,경+중등도
0.23995955744255493,경+중등도
0.43733834760809764,경+중등도
0.09152995659978584,경+중등도
0.19737015516467685,중상
0.33431134891011327,경+중등도
0.025777437710077178,경+중등도
0.16681266711578555,경+중등도
0.4212359450329998,중상
0.13082690470704186,경+중등도
0.14505367589002474,중상
0.1532797418731703,경+중등도
0.3940115600285239,경+중등도
0.07842061009243952,경+중등도
0.16452953475910326,경+중등도
0.6328868127864703,경+중등도
0.2814814926535072,경+중등도
0.08101437089371412,경+중등도
0.386346683836738,경+중등도
0.0032098599571281096,경+중등도
0.251684859957434,경+중등도
0.16761477150516443,경+중등도
0.04774342563292191,경+중등도
0.2769371451957136,경+중등도
0.098181336079835,경+중등도
0.4680982739405624,경+중등도
0.060347458943955996,중상
0.15413938257412263,경+중등도
0.09230846937037529,경+중등도
0.3143680321681037,경+중등도
0.1779300087349276,경+중등도
0.044503834955366806,경+중등도
0.03849809480447862,경+중등도
0.04438993683733931,경+중등도
0.032294374607353314,경+중등도
0.629497966453195,치명
0.07107984473244845,경+중등도
0.180932403782734,경+중등도
0.023711184349923937,중상
0.5405566286679204,경+중등도
0.05054113562510449,경+중등도
0.192982969525889,경+중등도
0.18375575998020918,경+중등도
0.10886445743990324,경+중등도
0.27024024986723744,치명
0.0029569003899296248,경+중등도
0.17209755366378718,경+중등도
0.18031254669444574,경+중등도
0.10960507527409281,경+중등도
0.0701645183482739,경+중등도
0.4813564798647496,경+중등도
0.29419065466709293,경+중등도
0.1522667903973193,경+중등도
0.09850410283322676,경+중등도
0.13725935097977168,경+중등도
0.14798046761458472,경+중등도
0.11819317275780351,경+중등도
0.35778594984039763,경+중등도
0.0026764026278210166,중상
0.08300120891780903,경+중등도
0.1380799881035383,중상
0.2826018489674294,경+중등도
0.13083306924392202,경+중등도
0.14210657111202643,경+중등도
0.3839567946407733,경+중등도
0.22022559077839088,경+중등도
0.3796786141999604,경+중등도
0.05445730478840196,경+중등도
0.09229404299805771,경+중등도
0.4455774220208366,경+중등도
0.012807894159350195,경+중등도
0.003619170574434729,경+중등도
0.39728708859848716,경+중등도
0.08545847258357568,경+중등도
0.12404392048009664,중상
0.024182100527571315,경+중등도
0.2491533003532668,경+중등도
0.6086697546569937,경+중등도
0.13477809455514825,경+중등도
0.6583172642096122,경+중등도
0.19902293268468454,경+중등도
0.038679423560236896,중상
0.053585461721607656,경+중등도
0.05648947120289427,경+중등도
0.2976363547143137,경+중등도
0.7479516938689953,치명
0.4939143280139109,경+중등도
0.10224518932577382,중상
0.18320447485131722,경+중등도
0.4224940369290027,경+중등도
0.19311796496223568,경+중등도
0.18678861638532732,경+중등도
0.37994905336883233,경+중등도
0.17099971317614213,경+중등도
0.17078482370106854,경+중등도
0.03811830937679981,경+중등도
0.20289370206304713,경+중등도
0.008965587489463543,중상
0.08269831628805939,치명
0.39137693383428385,경+중등도
0.23531811029407224,경+중등도
0.3803816580395003,경+중등도
0.9122547089644092,치명
0.1391140753727889,중상
0.0926998901928922,중상
0.07323989696487809,경+중등도
0.3534945881176304,경+중등도
0.004923526369329395,경+중등도
0.9114548628284677,치명
0.9246965314925945,치명
0.271818288469418,경+중등도
0.41617908875373577,경+중등도
0.09883526017400616,경+중등도
0.6570966678450864,경+중등도
0.19684421277703057,경+중등도
0.48414613505619664,경+중등도
0.24381024625923928,경+중등도
0.05064952326132091,경+중등도
0.1385894408531808,경+중등도
0.04804483976448241,중상
0.2793733294756448,경+중등도
0.2117530776177483,경+중등도
0.2539986124495364,경+중등도
0.31265766575497694,경+중등도
0.3814446464185357,치명
0.03491594376001594,경+중등도
0.1635603857763227,경+중등도
0.2068119323198049,경+중등도
0.06218979083777621,경+중등도
0.2396356185489952,경+중등도
0.0699885966554374,경+중등도
0.10857794639103245,경+중등도
0.5302984430272178,경+중등도
0.10534856630369938,경+중등도
0.1316255014930439,경+중등도
0.030302265003090925,경+중등도
0.7411834748904128,치명
0.15165206904909703,경+중등도
0.23724057078685848,경+중등도
0.1434584037851699,경+중등도
0.2912943873605534,경+중등도
0.0033163875910208994,경+중등도
0.2192224846987695,경+중등도
0.20520595714790654,경+중등도
0.1620627018177295,경+중등도
0.2715127638933394,경+중등도
0.5363952440628749,경+중등도
0.714125424590299,치명
0.03434759453052745,경+중등도
0.24636675585207654,경+중등도
0.17712573583017077,경+중등도
0.0430023748923948,경+중등도
0.04820028649103488,경+중등도
0.12247617178160375,경+중등도
0.17209178072753803,경+중등도
0.6262198180682517,경+중등도
0.17224085961499427,경+중등도
0.15166891468358742,경+중등도
0.1921745446593369,경+중등도
0.027549324397465103,경+중등도
0.1332147676786659,경+중등도
0.5224112670449709,경+중등도
0.13598981757522607,중상
0.18622116296857108,경+중등도
0.016956743890405617,경+중등도
0.18217504216327382,경+중등도
0.08978150646910717,경+중등도
0.08024438838783653,경+중등도
0.36573209368710247,경+중등도
0.11841554873718414,경+중등도
0.1729761132376508,경+중등도
0.09250302376520887,중상
0.11341996824886814,경+중등도
0.4285709038226799,경+중등도
0.7910624908964468,경+중등도
0.048052719472918094,경+중등도
0.08323610091346996,경+중등도
0.5780809836167248,경+중등도
0.42096177720630634,경+중등도
0.04010755519088282,중상
0.07822904523274891,경+중등도
0.02276025321501098,경+중등도
0.12272975769292808,경+중등도
0.49230527132542234,경+중등도
0.08517956383292657,경+중등도
0.587810033476722,경+중등도
0.33913735459390587,경+중등도
0.38647088199639107,경+중등도
0.28168620923377247,경+중등도
0.0650236527273858,경+중등도
0.7097489296103118,경+중등도
0.07805346494824073,경+중등도
0.4014852249767926,경+중등도
0.07927964613310974,경+중등도
0.16327521387588267,경+중등도
0.4403713976208074,경+중등도
0.12987592575897766,경+중등도
0.6800287143566338,경+중등도
0.004938978307889562,경+중등도
0.05879297665820512,중상
0.04945635802803452,경+중등도
0.12496536521081052,경+중등도
0.17481515514331183,중상
0.34959828033775836,경+중등도
0.006973971700274066,경+중등도
0.06100481886613285,경+중등도
0.17870030592903463,경+중등도
0.3401613335951223,경+중등도
0.21609631483475308,경+중등도
0.2163725171096946,경+중등도
0.23300174485203237,경+중등도
0.036729952358152206,경+중등도
0.21558483015052357,경+중등도
0.17933792266098458,경+중등도
0.1937916853962216,경+중등도
0.1661301495998506,경+중등도
0.5158331104000502,경+중등도
0.20855352425138163,경+중등도
0.05177392176996193,경+중등도
0.18333321477355832,경+중등도
0.2781192463575245,경+중등도
0.8618400277712851,치명
0.1346129720732607,경+중등도
0.2627650039548792,경+중등도
0.12376256843128909,경+중등도
0.2131351851197326,경+중등도
0.07592942487624926,경+중등도
0.42883379596785165,경+중등도
0.09304731196017497,중상
0.6061775670823824,경+중등도
0.1168573260956343,경+중등도
0.02140745067632242,경+중등도
0.3783239030115608,경+중등도
0.49866568242399284,경+중등도
0.25536559280002963,경+중등도
0.23541820383145443,경+중등도
0.03398175477325923,경+중등도
0.8214316786293225,경+중등도
0.3664924112522914,경+중등도
0.2763804054093887,경+중등도
0.02541638509935143,중상
0.48677743016627195,경+중등도
0.3596383533834861,경+중등도
0.054862388556235785,경+중등도
0.011587873629604062,경+중등도
0.34121061876317044,경+중등도
0.16036761264507657,경+중등도
0.9669459269571602,치명
0.5248268057360996,치명
0.09162090682187614,경+중등도
0.2375395589574134,경+중등도
0.22139570250822568,경+중등도
0.16391634795402696,경+중등도
0.057271377342284775,경+중등도
0.30767936775724297,경+중등도
0.10162001111155412,경+중등도
0.06772786428255119,경+중등도
0.4134687928305458,경+중등도
0.14262157196596736,경+중등도
0.29615575613443945,경+중등도
0.1062999769344029,중상
0.052537037098060596,경+중등도
0.054176036116307995,경+중등도
0.2521423845450234,경+중등도
0.24076459755389412,경+중등도
0.23365503417029498,경+중등도
0.059335857312366756,경+중등도
0.20514010523318882,경+중등도
0.15115056588880849,경+중등도
0.08644711240965015,경+중등도
0.322559941128375,경+중등도
0.029165722484784152,경+중등도
0.036121563108002075,중상
0.903609890222789,치명
0.18174377045186105,경+중등도
0.09118978491005662,경+중등도
0.13190937984914938,경+중등도
0.09356799717572382,경+중등도
0.07500456497939452,중상
0.12920072151625614,경+중등도
0.09063413821795448,경+중등도
0.08467051951095049,경+중등도
0.2791401452076611,경+중등도
0.03082190927776474,경+중등도
0.22153567538415028,경+중등도
0.2857922740719585,치명
0.2450999732404675,경+중등도
0.09007841505316806,경+중등도
0.5517662788282914,경+중등도
0.3105782614045867,경+중등도
0.17891964149744957,경+중등도
0.039830138002761,경+중등도
0.16171983440769624,경+중등도
0.08353457268406546,경+중등도
0.3775018464220869,경+중등도
0.3293368895515798,경+중등도
0.051667192460001954,경+중등도
0.20554518302547628,중상
0.6023126455948659,경+중등도
0.09980808656765101,경+중등도
0.3252598823879216,치명
0.7846668877891553,경+중등도
0.34327078743377726,경+중등도
0.21976225302660782,경+중등도
0.5285812463745426,치명
0.5000700756283326,경+중등도
0.13772239723932445,경+중등도
0.0422189957422062,경+중등도
0.020775145666857633,경+중등도
0.202200285182054,경+중등도
0.08325774845881939,경+중등도
0.6440295189456512,경+중등도
0.24196659271068485,경+중등도
0.08676908941860333,경+중등도
0.781638912967051,경+중등도
0.062382681086303876,치명
0.5812298329229658,경+중등도
0.441440417959951,경+중등도
0.022644393785442543,경+중등도
0.025762869927254833,경+중등도
0.0677935351792333,경+중등도
0.01777582774072681,경+중등도
0.20029541926089056,경+중등도
0.051518006836365704,경+중등도
0.22836661093692764,경+중등도
0.3161108110244923,경+중등도
0.9543448479414304,경+중등도
0.27000692612209093,중상
0.16688269047600324,경+중등도
0.5538119062239839,중상
0.6690437617584308,경+중등도
0.16728137461955148,경+중등도
0.12595609671901267,경+중등도
0.5444331695368533,경+중등도
0.10230282159239247,경+중등도
0.030049569726759328,경+중등도
0.4164766843643177,경+중등도
0.14715862414983913,경+중등도
0.13235228330077653,경+중등도
0.1110299331427889,경+중등도
0.5646242112761491,경+중등도
0.6630979883599859,경+중등도
0.5855871103583737,경+중등도
0.21764497295947352,경+중등도
0.17766142612493796,경+중등도
0.04613997506519099,경+중등도
0.18254757752457876,경+중등도
0.027688633573662608,경+중등도
0.2140688999769269,경+중등도
0.11533691308278683,경+중등도
0.32023802257859474,경+중등도
0.2804625493613541,경+중등도
0.1466789044424352,경+중등도
0.06746272786796348,경+중등도
0.250286727529418,경+중등도
0.21826561819092397,경+중등도
0.11868933135602999,경+중등도
0.9246965314925945,치명
0.19807277422673894,경+중등도
0.1195983842592213,경+중등도
0.3616024955028924,경+중등도
0.0728650938102794,경+중등도
0.048124408550102006,경+중등도
0.19476895183231444,경+중등도
0.1862923964953834,경+중등도
0.014127147290794522,중상
0.20787138904550936,중상
0.10637383071136164,경+중등도
0.08079850201591769,경+중등도
0.03515658105393064,경+중등도
0.14444350485116006,경+중등도
0.23445599464761027,경+중등도
0.6771293330820743,경+중등도
0.09183150773341137,경+중등도
0.09870733632251653,치명
0.022997188438297178,경+중등도
0.1879050967128059,경+중등도
0.05508976729727963,경+중등도
0.046442370143181345,경+중등도
0.5775790116843719,경+중등도
0.1633712641281816,경+중등도
0.10068200512506063,중상
0.08412423709010781,경+중등도
0.36095325935935607,경+중등도
0.11213169973542868,경+중등도
0.37292433576356604,경+중등도
0.08003741082869563,경+중등도
0.4672288309782749,경+중등도
0.09278710640611197,경+중등도
0.10233410352464804,경+중등도
0.13001083330766416,경+중등도
0.5620851930040426,경+중등도
0.03007364134885626,경+중등도
0.31255669438173234,경+중등도
0.26178574185713804,경+중등도
0.00754563032977901,경+중등도
0.10130144655363404,경+중등도
0.17413410758891787,경+중등도
0.4269609123072328,치명
0.04236939453090272,경+중등도
0.14005905215875236,경+중등도
0.1511032894284078,중상
0.07014838222419317,경+중등도
0.05984596686302868,경+중등도
0.03128472243528656,경+중등도
0.04596924941452391,경+중등도
0.19056187015270498,경+중등도
0.1642720256059271,경+중등도
0.2933331284334832,경+중등도
0.0785408555221732,경+중등도
0.12894155874757288,경+중등도
0.3129826228069876,경+중등도
0.13844944257212569,경+중등도
0.24631392992472634,경+중등도
0.23743000315928656,경+중등도
0.27972986671872685,경+중등도
0.6363323060794135,경+중등도
0.2896594376431063,경+중등도
0.11749117281709864,경+중등도
0.11795669591531632,경+중등도
0.0215517214497509,경+중등도
0.24279050989016024,경+중등도
0.08430809871950817,경+중등도
0.9121055970993172,치명
0.5634123802038524,경+중등도
0.09936638050781023,경+중등도
0.0767648662484614,중상
0.12764482982236716,경+중등도
0.07918908206230994,경+중등도
0.043243463737099086,중상
0.4190008078799538,경+중등도
0.13724910905396914,경+중등도
0.1939298369476065,치명
0.02821446573133159,중상
0.6650381751647357,중상
0.03649482931037276,경+중등도
0.035699888219576544,경+중등도
0.3133816891316925,경+중등도
0.36959189444205665,경+중등도
0.4455912169930816,경+중등도
0.08994698951703815,경+중등도
0.1219701341520857,경+중등도
0.241930354554591,경+중등도
0.15548608047130255,경+중등도
0.6876097333454432,치명
0.09903636806941359,경+중등도
0.29986560567019244,경+중등도
0.08862907178564448,경+중등도
0.5944221061114536,경+중등도
0.0055773266018995515,중상
0.013372005554963989,경+중등도
0.23865721033101353,경+중등도
0.14017343599913726,경+중등도
0.11543501459806159,경+중등도
0.05923620463504808,경+중등도
0.23396842768688622,경+중등도
0.03170996823995028,경+중등도
0.2666021781207447,경+중등도
0.9375740304184997,치명
0.39230633924184666,경+중등도
0.4249894067632886,치명
0.3456797292346517,경+중등도
0.528372075815529,경+중등도
0.0510432147206229,치명
0.07597290510922193,경+중등도
0.05826489944880889,경+중등도
0.23740437542595438,경+중등도
0.22204519649499277,경+중등도
0.12326505198735309,경+중등도
0.0800645746710204,경+중등도
0.49265929426103955,경+중등도
0.181928134123826,경+중등도
0.20230964703193344,경+중등도
0.24069814402718323,경+중등도
0.0033525710646216075,경+중등도
0.5906332617777387,경+중등도
0.04847519637409642,경+중등도
0.19688680354447707,경+중등도
0.051072389984537225,경+중등도
0.605886590023618,경+중등도
0.2204543395600442,경+중등도
0.09140723661495065,경+중등도
0.09841812600292503,경+중등도
0.23656826036155265,경+중등도
0.04801158970000911,중상
0.5296141766175904,경+중등도
0.15040838544833438,경+중등도
0.4543016837993867,치명
0.3579120047557948,경+중등도
0.29531100231196566,경+중등도
0.20493311722627774,경+중등도
0.005058421649031767,중상
0.04858115537118798,경+중등도
0.16066960637231895,중상
0.04551241661025426,경+중등도
0.14223619008320257,경+중등도
0.04357471428328597,경+중등도
0.20319518205740703,경+중등도
0.127004884390737,경+중등도
0.02433191348720574,경+중등도
0.028209637522502107,경+중등도
0.0503589135813606,경+중등도
0.3998887269719036,경+중등도
0.5886588697290739,경+중등도
0.3218595865873611,경+중등도
0.02003238572084198,경+중등도
0.4164103894006579,치명
0.5806647150042136,경+중등도
0.18220179450936955,경+중등도
0.05790086096331668,경+중등도
0.1450525368885444,경+중등도
0.0300406522331149,경+중등도
0.23069090057920671,경+중등도
0.08323433575404904,경+중등도
0.03893184188003316,경+중등도
0.09688135965531693,경+중등도
0.27832041197778334,경+중등도
0.3361585386686102,경+중등도
0.10021166024904604,경+중등도
0.03945529877489769,중상
0.2230445011988099,경+중등도
0.1776756064726631,경+중등도
0.05923386585795929,경+중등도
0.250986248003181,중상
0.2553561188844297,경+중등도
0.011426588993305653,경+중등도
0.1512513934241864,경+중등도
0.24896253589366277,경+중등도
0.24625876630393276,경+중등도
0.9626917348709846,치명
0.09128264328613674,경+중등도
0.26355013508393155,경+중등도
0.28978802140511833,중상
0.23802349800746825,경+중등도
0.18166120599169125,경+중등도
0.3914059011044155,경+중등도
0.03004967896763662,중상
0.06649198701913893,경+중등도
0.066699504791235,경+중등도
0.1551621353268148,경+중등도
0.3128235192154662,경+중등도
0.16955848549571098,경+중등도
0.12079395481109101,경+중등도
0.3476032332511408,치명
0.4554147159393119,경+중등도
0.20908556263177577,치명
0.15368173867583643,경+중등도
0.1426641148782725,경+중등도
0.2847458679610411,경+중등도
0.4764807831929758,중상
0.6736807751362752,경+중등도
0.2841285024318689,경+중등도
0.1746509332699456,경+중등도
0.3372078105429819,경+중등도
0.37993315270861533,경+중등도
0.31874363493246965,경+중등도
0.4423463175832045,경+중등도
0.15820824810591397,경+중등도
0.45690140833068243,치명
0.38364139736127073,경+중등도
0.010093573270680545,중상
0.30451023262723087,치명
0.5803198831490758,치명
0.02152681562837752,경+중등도
0.11766988472222335,중상
0.15199378410670647,치명
0.49554904436773733,경+중등도
0.1151857482424307,경+중등도
0.0054693820497805495,중상
0.05860219778970133,경+중등도
0.02852316962671202,경+중등도
0.6257031230385742,경+중등도
0.4616267283883813,경+중등도
0.09814708216141164,경+중등도
0.15517365999742921,경+중등도
0.5943010943702566,경+중등도
0.11135748612346123,경+중등도
0.08277493528706635,경+중등도
0.002012334115425222,경+중등도
0.059755455486872056,경+중등도
0.16551458168997282,경+중등도
0.4784978456822291,경+중등도
0.2874288847159839,경+중등도
0.1947466417433239,경+중등도
0.4325888792228449,경+중등도
0.5160704423825191,경+중등도
0.041665403854065065,경+중등도
0.5336374849095955,경+중등도
0.07834109519272935,경+중등도
0.5956579139300809,치명
0.08564884748523484,경+중등도
0.6611108235339204,치명
0.19697394096029527,경+중등도
0.31210260486320235,경+중등도
0.31127689282824156,경+중등도
0.1299806228571969,경+중등도
0.609361502137484,경+중등도
0.05303275413813153,경+중등도
0.02736930707884305,경+중등도
0.22422883855539558,경+중등도
0.11015884018951988,경+중등도
0.35313495326600175,경+중등도
0.071304154941267,경+중등도
0.05828738018093991,경+중등도
0.12931766503770295,경+중등도
0.769307763077908,경+중등도
0.04797212885821046,경+중등도
0.4784994114450596,경+중등도
0.006954785969209921,경+중등도
0.5737956486712861,경+중등도
0.7362593395943288,경+중등도
0.5437165985531022,경+중등도
0.6052327384067197,경+중등도
0.5654153317388854,경+중등도
0.09593785631424738,경+중등도
0.19985425260293468,경+중등도
0.08351990319397921,중상
0.6471996518344257,경+중등도
0.019128180415770486,경+중등도
0.11017629340752844,경+중등도
0.060322406598022606,경+중등도
0.022041774903078213,경+중등도
0.10691570560320247,경+중등도
0.0522848950327106,경+중등도
0.37830039900647555,경+중등도
0.33939483620911176,경+중등도
0.020412852252710657,경+중등도
0.1529343278472659,경+중등도
0.43089535167043663,경+중등도
0.35805557768596347,경+중등도
0.38040789501444716,경+중등도
0.4132019516221373,경+중등도
0.40320044870997634,경+중등도
0.01720465587274947,경+중등도
0.039785021716478595,경+중등도
0.21191723369855975,경+중등도
0.007385394687503326,경+중등도
0.09020808018871496,경+중등도
0.13875248517530323,경+중등도
0.08096986843735644,경+중등도
0.40800892043200304,경+중등도
0.08727199190121804,경+중등도
0.43346346195119717,경+중등도
0.47484432623561174,경+중등도
0.25040457050351,경+중등도
0.16068980967683502,중상
0.14322634034103043,경+중등도
0.10539630894785358,경+중등도
0.1523721430756451,경+중등도
0.43006636992211167,경+중등도
0.09756241046236418,경+중등도
0.9245300628810597,치명
0.9204061355177457,치명
0.499470226020059,경+중등도
0.5166870468185719,경+중등도
0.16125364676447962,경+중등도
0.18154977740697267,경+중등도
0.010120459705792603,경+중등도
0.008141409730681413,경+중등도
0.05108197635487866,중상
0.10623708994710397,치명
0.05882395703025598,경+중등도
0.5003405000743136,경+중등도
0.0810099129961085,중상
0.19252029406256024,경+중등도
0.13974095971547953,경+중등도
0.03976063923096541,경+중등도
0.16971099193245262,경+중등도
0.2611848339322684,경+중등도
0.19164284934869213,경+중등도
0.20195158050885653,경+중등도
0.7364008050108332,경+중등도
0.8445138695640569,경+중등도
0.0483582571501687,중상
0.28073960033978,경+중등도
0.34109624837211205,치명
0.40883586328380556,치명
0.18349197834260841,경+중등도
0.25977329235726737,중상
0.18374704959425983,경+중등도
0.08425109851361938,경+중등도
0.20099639300814412,경+중등도
0.004199798419303866,경+중등도
0.1698403303478148,경+중등도
0.1360198918135466,경+중등도
0.04052622567406706,경+중등도
0.08003216455614448,경+중등도
0.04709619499278778,경+중등도
0.09269329122712,경+중등도
0.06247212223884365,경+중등도
0.3150498394620774,경+중등도
0.5952872042068197,경+중등도
0.07279302708237317,중상
0.3319713027022366,경+중등도
0.38537571151748357,경+중등도
0.2846435204945514,경+중등도
0.44808608046225307,경+중등도
0.16747302658292407,경+중등도
0.017489526745478354,경+중등도
0.27643759171653276,경+중등도
0.3350258120096125,중상
0.1927880562763099,경+중등도
0.25861880044450963,경+중등도
0.04134284562694362,중상
0.10053598437073379,경+중등도
0.07708426526477845,경+중등도
0.08344630465909092,경+중등도
0.2042844237040169,중상
0.15598099915701438,경+중등도
0.1410916034976675,경+중등도
0.15256452181063207,중상
0.05320962840028077,경+중등도
0.3778015461396491,경+중등도
0.08690039286329744,중상
0.09150162096009291,경+중등도
0.02948818001544563,중상
0.0046897626094306874,경+중등도
0.050728798118454606,경+중등도
0.14251030366262815,경+중등도
0.14505785494483867,경+중등도
0.06563694210752559,경+중등도
0.14841717051237543,경+중등도
0.14254312351804385,경+중등도
0.15889298728785892,경+중등도
0.08388838194678742,경+중등도
0.06276635731850616,경+중등도
0.2957820430268047,경+중등도
0.19380011786749055,경+중등도
0.7369609412266898,치명
0.018556882779461614,중상
0.29415380202504576,경+중등도
0.6086592635227894,경+중등도
0.06467661233180728,경+중등도
0.31064980439830187,경+중등도
0.24377479077245243,경+중등도
0.31990207572718937,경+중등도
0.23375623931452735,경+중등도
0.10552350495855602,경+중등도
0.13367801043107386,경+중등도
0.3349361936921005,경+중등도
0.006212347323826885,경+중등도
0.3856666971964107,경+중등도
0.2265025875768986,경+중등도
0.01471857179871257,중상
0.243130915668429,경+중등도
0.09158348592570874,경+중등도
0.1803289676733921,경+중등도
0.6522608012209723,경+중등도
0.07243439184893376,경+중등도
0.01888987985167172,중상
0.6796149093739324,경+중등도
0.013085043910965979,경+중등도
0.6746579744718287,중상
0.3652507379522914,경+중등도
0.19160011261462717,경+중등도
0.10234089743547788,경+중등도
0.09000520315580623,경+중등도
0.16572257572955257,경+중등도
0.013970677950200383,중상
0.6258248033258458,경+중등도
0.15930700908857148,경+중등도
0.47507808514992894,경+중등도
0.16996674460775543,경+중등도
0.19532709340445198,경+중등도
0.40737612999665584,경+중등도
0.14096987788412094,경+중등도
0.10056705249565022,경+중등도
0.57770945579341,치명
0.18815639658622163,경+중등도
0.33002685204837306,경+중등도
0.20076932927084845,경+중등도
0.04950626210123354,경+중등도
0.017400984426693727,중상
0.3978645090402213,경+중등도
0.05911492127601892,중상
0.4834750161150498,치명
0.2587992630787956,경+중등도
0.11664698892928393,경+중등도
0.16986608133754863,치명
0.1852310397556142,경+중등도
0.11165145867482662,중상
0.46450257293406655,경+중등도
0.028768357958729382,경+중등도
0.055918046239595565,중상
0.18295981293803443,경+중등도
0.5064605634925486,치명
0.38193942398642927,경+중등도
0.08055985490195178,경+중등도
0.27557883840061864,경+중등도
0.3310096560698061,경+중등도
0.3792638308391494,경+중등도
0.08098090246602302,경+중등도
0.13585284393887356,경+중등도
0.17279752119930483,중상
0.20665051392782172,경+중등도
0.3264090286312386,경+중등도
0.40109081280696895,경+중등도
0.08711758144087782,경+중등도
0.7239195891752667,치명
0.3144715950549005,치명
0.07096942419892166,경+중등도
0.10865690616860112,경+중등도
0.03960244053014136,경+중등도
0.04366822573757643,경+중등도
0.4457695877887516,경+중등도
0.11321301591151205,경+중등도
0.08088798047063027,경+중등도
0.4072294518738881,경+중등도
0.31274515961498667,경+중등도
0.20615490928186697,치명
0.23120086630041406,경+중등도
0.07533069455976454,경+중등도
0.1743527855703774,경+중등도
0.22323442006923633,경+중등도
0.2653361876959499,경+중등도
0.21374140812904951,경+중등도
0.2010893334276408,경+중등도
0.03232339314062995,경+중등도
0.10796566488999543,경+중등도
0.08294075092767142,경+중등도
0.456329346454415,경+중등도
0.3537815407581009,경+중등도
0.12703721631855525,경+중등도
0.1506092728928162,경+중등도
0.05694909164993419,경+중등도
0.06513599611240052,경+중등도
0.4431715445715712,경+중등도
0.4353878596819001,경+중등도
0.303953418461172,경+중등도
0.06646563368021834,경+중등도
0.13122227288818086,경+중등도
0.21545580035976095,경+중등도
0.5220216784736399,경+중등도
0.4330937364032847,경+중등도
0.005384964054438875,중상
0.203937021615525,경+중등도
0.1214908550114106,경+중등도
0.008587349031016487,경+중등도
0.13207444071395477,경+중등도
0.32004921553110405,경+중등도
0.12229553151010182,경+중등도
0.21344073929397225,경+중등도
0.03716551297909388,중상
0.19825536801874125,경+중등도
0.14388652934350454,경+중등도
0.13439751374750106,경+중등도
0.2520518832951863,경+중등도
0.521271783323507,경+중등도
0.06306639244483363,경+중등도
0.5168942685571768,경+중등도
0.18311477184842465,경+중등도
0.533385260960655,치명
0.5569987988285616,치명
0.3144795858823316,경+중등도
0.14410167498825113,경+중등도
0.027153121201739572,경+중등도
0.09077053215111304,경+중등도
0.15859340027086044,경+중등도
0.12769709725605918,경+중등도
0.0063448870052298725,중상
0.2495937970061645,경+중등도
0.587207389720749,치명
0.7415129585456235,경+중등도
0.30269810839457506,경+중등도
0.14023610824011076,경+중등도
0.22109882925849475,경+중등도
0.0731036059435133,경+중등도
0.22313460117661754,경+중등도
0.10904861000253878,경+중등도
0.15683226735026162,중상
0.016559271726316948,중상
0.08903919959283313,경+중등도
0.08635725452814678,중상
0.383502828703769,경+중등도
0.21967801902055592,중상
0.37691642648840507,경+중등도
0.07942441326102845,경+중등도
0.1038886729149582,경+중등도
0.15853867842127445,치명
0.4064326957666193,경+중등도
0.20933334505558454,경+중등도
0.2078058546759496,치명
0.034039647460305494,경+중등도
0.200251476002423,경+중등도
0.7975956263410326,치명
0.46792743652738794,경+중등도
0.12085226959997693,경+중등도
0.23082935272509367,치명
0.7992444132349105,치명
0.14487599033434786,경+중등도
0.05459272761235232,경+중등도
0.07914693844290052,경+중등도
0.15128531532346634,경+중등도
0.1074406064680808,경+중등도
0.5626267989834202,중상
0.4071319230600627,경+중등도
0.25721850541905894,경+중등도
0.2469079705847299,경+중등도
0.2153169897441393,경+중등도
0.16176890394772125,중상
0.21673374518327973,치명
0.9381582911509545,치명
0.5179122182670922,경+중등도
0.06684444268770841,경+중등도
0.05552459038110406,경+중등도
0.3225431628154431,경+중등도
0.18076856518949416,경+중등도
0.12375068660698975,경+중등도
0.18123786850703238,경+중등도
0.16946798326995802,경+중등도
0.24644397203499868,경+중등도
0.2436592996792826,경+중등도
0.2548815941505502,경+중등도
0.17773214476604404,경+중등도
0.012313760092194093,경+중등도
0.19395454653910482,경+중등도
0.04504038253478093,경+중등도
0.2076883840635374,경+중등도
0.11471162205569647,경+중등도
0.10965659447402203,중상
0.22406180217420632,경+중등도
0.10429267080332695,경+중등도
0.3852547912262832,경+중등도
0.40236412357328755,경+중등도
0.13740999304284623,경+중등도
0.12845764565963144,경+중등도
0.10779488660779833,경+중등도
0.09165416862383442,경+중등도
0.08201109672930186,경+중등도
0.142959483606072,경+중등도
0.1742463106447696,경+중등도
0.06439816217755089,중상
0.002693844601414907,경+중등도
0.19562885964740226,경+중등도
0.3149057127802201,경+중등도
0.2888851150105403,경+중등도
0.11638671682471004,경+중등도
0.3264085483837949,중상
0.2873870624608122,경+중등도
0.04834212650874056,경+중등도
0.240749000902966,중상
0.14214679759667723,경+중등도
0.12420364319697326,경+중등도
0.407728353222951,경+중등도
0.6482308373171692,치명
0.10565770069186466,경+중등도
0.3661711454180335,경+중등도
0.15310644352275207,경+중등도
0.10840724232198784,경+중등도
0.6208518568586993,중상
0.060351285796538236,중상
0.3356400289555728,중상
0.12118173582170606,경+중등도
0.5680320204290245,경+중등도
0.15830212726312637,경+중등도
0.13518832519045965,경+중등도
0.071451724986398,경+중등도
0.1036642155097708,경+중등도
0.6578325610099397,경+중등도
0.5232314370378962,경+중등도
0.6233055933375314,치명
0.08698605860825415,경+중등도
0.02839516407267174,경+중등도
0.03288500201082177,경+중등도
0.07111713741902997,경+중등도
0.29794303947187356,경+중등도
0.48386578532245156,경+중등도
0.05541125595961008,경+중등도
0.23438313599637609,경+중등도
0.10991534643403307,경+중등도
0.22814787142099271,경+중등도
0.8222721887837108,경+중등도
0.19342327391751926,경+중등도
0.11323804341038372,경+중등도
0.20650900431664887,경+중등도
0.004469394568924448,경+중등도
0.45956541437727666,경+중등도
0.7587079242327616,경+중등도
0.278054389458261,경+중등도
0.20402787354615845,경+중등도
0.3197377657575708,경+중등도
0.13888364757594165,경+중등도
0.4104196131543955,경+중등도
0.2362836803655878,치명
0.1780135477621946,경+중등도
0.4147272785673884,경+중등도
0.19106628510071466,경+중등도
0.10932090656665205,경+중등도
0.45909551543105637,경+중등도
0.09778047205667324,경+중등도
0.06305879676497227,경+중등도
0.10449004739953821,중상
0.018006961512497453,중상
0.24577710240281778,경+중등도
0.20701610579865068,경+중등도
0.3810370484006755,경+중등도
0.8483543149930396,치명
0.025643800079763617,경+중등도
0.1615820611683081,경+중등도
0.02608087553019951,경+중등도
0.051437827048155936,경+중등도
0.3335942637941874,경+중등도
0.37091581783900684,치명
0.02844401647359665,경+중등도
0.3908154995135193,중상
0.08951239355881808,경+중등도
0.06239955624616361,경+중등도
0.04119440612894298,경+중등도
0.03351433113172681,경+중등도
0.20786484856824194,경+중등도
0.07241614783712201,경+중등도
0.09308104586523162,경+중등도
0.19792443381391522,경+중등도
0.05512382570767368,경+중등도
0.6830957290446539,경+중등도
0.2361627913002332,경+중등도
0.20155161812920885,경+중등도
0.37089692895736875,경+중등도
0.1197715415617524,경+중등도
0.2770306359218118,경+중등도
0.2552179298598863,경+중등도
0.1523315319789762,경+중등도
0.18209322601745984,경+중등도
0.13983081749464862,경+중등도
0.040537080155573245,경+중등도
0.06553152045500418,경+중등도
0.08355621277376647,경+중등도
0.041638264873329923,경+중등도
0.2829842614647459,경+중등도
0.05110843063149023,중상
0.05044023241007759,중상
0.5157385846077446,경+중등도
0.21902284774073966,치명
0.45211653754339204,치명
0.03873130036526788,경+중등도
0.11069659935190895,경+중등도
0.18047451721235586,경+중등도
0.42515803441690264,경+중등도
0.05448473949983886,경+중등도
0.19326676098204457,경+중등도
0.048256502576357004,중상
0.11496218819762855,경+중등도
0.3624125250689469,경+중등도
0.06440040482479208,경+중등도
0.7817939628270437,경+중등도
0.04700108228874503,경+중등도
0.08239920482652109,경+중등도
0.18927250408298116,경+중등도
0.23774705920962527,경+중등도
0.6729485148691984,경+중등도
0.044074164231300804,경+중등도
0.6850963782215281,중상
0.00330901040240447,경+중등도
0.03623650987037954,경+중등도
0.009607171849787386,중상
0.666178218734555,경+중등도
0.14533283620257098,경+중등도
0.2893305178632697,경+중등도
0.5816917436138009,경+중등도
0.2231549990918732,경+중등도
0.3342810736185961,경+중등도
0.015177004631869698,경+중등도
0.08610768956673702,경+중등도
0.1831065046019937,치명
0.04952323331166336,경+중등도
0.7765385510339357,치명
0.1081680523298348,경+중등도
0.5194352487432311,경+중등도
0.159300620267111,경+중등도
0.1580890042098322,경+중등도
0.1387699938761652,경+중등도
0.05997062469289018,경+중등도
0.5532260684551873,치명
0.6232361778709062,경+중등도
0.2359688114934981,치명
0.3617528275313251,경+중등도
0.14710800809920854,경+중등도
0.2965057537477223,경+중등도
0.12402536641650534,경+중등도
0.11791469945678307,경+중등도
0.8590516717793338,경+중등도
0.12576396285958283,경+중등도
0.2876544508700589,경+중등도
0.13451293938694536,경+중등도
0.22118794053719268,경+중등도
0.04350423463269674,경+중등도
0.10084192949389455,경+중등도
0.2772536505951082,경+중등도
0.18901874117365525,경+중등도
0.006262430897458899,중상
0.9053482341844775,경+중등도
0.42374039540235686,경+중등도
0.18886520188844214,경+중등도
0.16698012008604346,경+중등도
0.06561418868144452,경+중등도
0.17321601578647536,경+중등도
0.10837224587109628,중상
0.6999440953696787,치명
0.31215348108137014,경+중등도
0.014689634217981163,경+중등도
0.07964200485648347,경+중등도
0.003886579841447361,중상
0.11955964006371532,경+중등도
0.09929609519000797,경+중등도
0.1360293173469224,경+중등도
0.11986338375986012,경+중등도
0.3753136824083398,경+중등도
0.37867468469622395,경+중등도
0.2798497986157304,경+중등도
0.20599374977223714,경+중등도
0.4173080766480377,경+중등도
0.39232513281206766,치명
0.18096323871388412,경+중등도
0.22103907186318486,경+중등도
0.4034057669959263,경+중등도
0.1361254272263082,경+중등도
0.1433524710532025,경+중등도
0.2543099396779865,경+중등도
0.5668895922060176,경+중등도
0.13854575045457238,경+중등도
0.3527155613101411,경+중등도
0.2838941029400905,경+중등도
0.3335095069860403,경+중등도
0.05763920929887261,경+중등도
0.1813304401190254,경+중등도
0.2255052282826935,경+중등도
0.5251333723669734,경+중등도
0.02458328835640375,중상
0.45649080736673814,경+중등도
0.4422588367630458,경+중등도
0.31409253523358954,경+중등도
0.11149903865309811,경+중등도
0.08070313930017049,경+중등도
0.02131579569877357,경+중등도
0.03278699672837273,중상
0.2342008885521202,중상
0.43937444388684427,경+중등도
0.2793691912747971,경+중등도
0.08589840885800652,경+중등도
0.12460604726229862,경+중등도
0.23523090370056723,경+중등도
0.521542696130544,경+중등도
0.32636716850050984,중상
0.005476357830448682,경+중등도
0.10277673398186786,경+중등도
0.24392566025011683,경+중등도
0.13949882636906777,경+중등도
0.22191707160635707,경+중등도
0.12177536696713931,경+중등도
0.22095329321378301,경+중등도
0.27493333200893355,경+중등도
0.15009714570993962,경+중등도
0.3699884842241911,경+중등도
0.06422373425551747,경+중등도
0.21619430821311117,경+중등도
0.01146797176976304,경+중등도
0.1417561073204687,경+중등도
0.20361927256479628,경+중등도
0.2975893098427059,경+중등도
0.18213650729935785,경+중등도
0.2508560311697026,중상
0.5558843531948185,경+중등도
0.4436261807673927,경+중등도
0.03074521132187504,경+중등도
0.11603824500155809,경+중등도
0.1384419405566607,경+중등도
0.06080141330430915,경+중등도
0.22965493955855978,경+중등도
0.4403171619173567,경+중등도
0.3094125271312249,경+중등도
0.650668386249758,경+중등도
0.17771899143209788,경+중등도
0.010128628494191817,중상
0.07138722756009137,경+중등도
0.005853279929316169,중상
0.09052083705054885,경+중등도
0.4624328236981962,경+중등도
0.12017195624788202,경+중등도
0.29974282984174666,경+중등도
0.12917456073023545,경+중등도
0.1796933220046828,경+중등도
0.8079768900272694,경+중등도
0.13661052127530496,경+중등도
0.20180565029893863,경+중등도
0.5494718848366282,경+중등도
0.024545028681548408,경+중등도
0.14281191373081775,경+중등도
0.24753393550898486,경+중등도
0.26283609180530254,경+중등도
0.13316992630590233,경+중등도
0.04760230099218842,중상
0.038506502358484004,치명
0.5989724846122908,경+중등도
0.19137960252015915,경+중등도
0.050116538160677716,경+중등도
0.3926410378956285,경+중등도
0.3568372638507469,경+중등도
0.19396538999890403,경+중등도
0.31826538001079197,경+중등도
0.0929724401830338,경+중등도
0.12067490430974036,경+중등도
0.17564098371385306,경+중등도
0.30504909705518185,경+중등도
0.26301525121167696,중상
0.19622478180497396,경+중등도
0.033197352990467756,경+중등도
0.1055172003703916,중상
0.08398127015252681,경+중등도
0.18307442476043692,경+중등도
0.014732780596405764,중상
0.445133240402175,치명
0.1809359391452977,중상
0.4639073616999149,경+중등도
0.2239057699199919,경+중등도
0.03996238627837327,경+중등도
0.1541807812324609,경+중등도
0.06486486829461331,경+중등도
0.2126498752965844,경+중등도
0.359088611641877,경+중등도
0.10764837100674929,경+중등도
0.2902236244023834,경+중등도
0.5893468669006422,치명
0.2545714596593607,경+중등도
0.6804365746101628,경+중등도
0.640054464424157,경+중등도
0.5119802658969207,경+중등도
0.1513830148201699,경+중등도
0.15796249670220755,경+중등도
0.11586402253299825,경+중등도
0.12385721366707463,경+중등도
0.22466139364244544,경+중등도
0.22054477885953136,경+중등도
0.0533976254572206,경+중등도
0.24768117748212481,경+중등도
0.1062844509608117,경+중등도
0.0928232664746143,경+중등도
0.17925224331892387,경+중등도
0.006142070060126942,경+중등도
0.08148347927677807,경+중등도
0.12243427443706656,경+중등도
0.17129278831305952,경+중등도
0.04873090922867768,경+중등도
0.4592611196128258,경+중등도
0.6127626302886547,중상
0.35061242234572365,경+중등도
0.46169274697839474,경+중등도
0.16397840193602384,경+중등도
0.05935630584508328,경+중등도
0.039946933230720905,경+중등도
0.04125820569110245,경+중등도
0.24127411508249627,중상
0.13287071042022536,경+중등도
0.05729372276089284,경+중등도
0.16825464791576838,중상
0.05987383791877263,경+중등도
0.07488417461331216,경+중등도
0.5545757149245385,경+중등도
0.33874501902251125,중상
0.10950394072924596,경+중등도
0.3866215028357689,경+중등도
0.2825220755656814,경+중등도
0.06980908317517738,경+중등도
0.1870822150722833,경+중등도
0.4708313135814488,치명
0.07371506088068279,중상
0.10722697893000516,경+중등도
0.35589999274085987,경+중등도
0.4401549413025017,경+중등도
0.21567336842297227,경+중등도
0.7092148860713174,치명
0.23261347814460132,경+중등도
0.48463114434563054,치명
0.17306427983162884,경+중등도
0.24372492017400224,경+중등도
0.07667373609184307,경+중등도
0.22377096264504312,경+중등도
0.6790106114616205,경+중등도
0.07280284512907403,경+중등도
0.1624235058347531,경+중등도
0.09677086535044772,경+중등도
0.34404165059231456,경+중등도
0.15924880394202348,경+중등도
0.13879485248878223,경+중등도
0.15522395430651353,경+중등도
0.47987324043342133,중상
0.33283673131319635,경+중등도
0.3951929259100872,경+중등도
0.04377629209654055,경+중등도
0.10380940689691538,경+중등도
0.5982397926859921,경+중등도
0.30336448775910646,경+중등도
0.41530134519452205,경+중등도
0.0778609544574863,경+중등도
0.025687527635434342,중상
0.053565815925755884,경+중등도
0.7600570294920059,치명
0.43807947396147756,경+중등도
0.15751688373882003,경+중등도
0.47346945564176196,경+중등도
0.09214757874643638,경+중등도
0.8036131061153302,경+중등도
0.08295856735642773,경+중등도
0.3947027805890862,경+중등도
0.03539208826955708,경+중등도
0.14352850910522474,경+중등도
0.03727774888099155,중상
0.005737320669957084,경+중등도
0.2847551648363713,경+중등도
0.011815731136889973,경+중등도
0.08472163957710405,경+중등도
0.42716875409334043,치명
0.018703144854526798,경+중등도
0.042318130644726004,경+중등도
0.13369473656241196,경+중등도
0.043235108969056496,경+중등도
0.40092222378954423,경+중등도
0.23274093803470905,경+중등도
0.009882996281427674,중상
0.28257016045881506,경+중등도
0.20392321804059554,경+중등도
0.045166091760274786,경+중등도
0.15579145832357874,치명
0.15566699863172748,경+중등도
0.22621702218709397,경+중등도
0.6758943754763594,경+중등도
0.04303226792146997,중상
0.143142686068357,경+중등도
0.0708604225073788,경+중등도
0.1672528090136999,경+중등도
0.20167444717605218,경+중등도
0.08872890384930486,경+중등도
0.5876578128463851,치명
0.07190821075899884,경+중등도
0.1629986221717041,경+중등도
0.25530378738933196,경+중등도
0.040721363527198025,경+중등도
0.0601551599161057,경+중등도
0.11660223091792603,경+중등도
0.313100435685044,경+중등도
0.21004756591058305,경+중등도
0.5448855843441093,경+중등도
0.8343639542412182,치명
0.21584088669168375,경+중등도
0.2456281393963541,경+중등도
0.1476002400946829,경+중등도
0.3086292075170691,경+중등도
0.18084165550499853,경+중등도
0.07189976122528428,경+중등도
0.16390500202014924,경+중등도
0.2197911695071483,경+중등도
0.08958565344391715,경+중등도
0.26021283139570606,경+중등도
0.1400726706426294,경+중등도
0.20165506483375858,경+중등도
0.376450994467642,중상
0.7252425453800999,경+중등도
0.20192536345916565,경+중등도
0.141495418404212,경+중등도
0.2410608226431854,경+중등도
0.6920126794137658,치명
0.2041670356388683,경+중등도
0.05047091993528623,중상
0.2855893322910891,경+중등도
0.288407134059341,경+중등도
0.29184158029268764,중상
0.28423224708092326,경+중등도
0.09554602981700089,치명
0.010633996545523466,중상
0.1537850844068194,경+중등도
0.3742441278467421,경+중등도
0.22202701181249332,경+중등도
0.2694698111993275,경+중등도
0.045006495293360906,경+중등도
0.8571277587896772,경+중등도
0.21916938440421319,경+중등도
0.25806346865748436,경+중등도
0.03192597736614499,경+중등도
0.7259984529018947,치명
0.45517652093912714,경+중등도
0.060876339805750294,경+중등도
0.0437490230648091,중상
0.2280547819649378,경+중등도
0.21870697182947793,경+중등도
0.3719870361317669,경+중등도
0.3404456220782266,경+중등도
0.23512500564772296,경+중등도
0.3584592480545483,경+중등도
0.13353334106216852,경+중등도
0.23154494351183316,경+중등도
0.5633630016076948,경+중등도
0.07854849738902019,경+중등도
0.16828657405683325,경+중등도
0.20005283181190503,경+중등도
0.15201496798818814,경+중등도
0.07407528221873459,경+중등도
0.06201776853839719,경+중등도
0.12862084813593244,경+중등도
0.86399746683367,치명
0.5017645032845183,경+중등도
0.05830432540446929,경+중등도
0.5023461741392921,경+중등도
0.07239106388797265,경+중등도
0.02632635461547178,중상
0.21998500263029633,경+중등도
0.2888621336838227,경+중등도
0.04940654495779121,경+중등도
0.17722876266180662,치명
0.1367180139346932,경+중등도
0.09765516895366466,경+중등도
0.1965080529843691,경+중등도
0.05164621044115622,경+중등도
0.052111203468286134,경+중등도
0.07972529768769562,경+중등도
0.12526576385927332,경+중등도
0.3094257837390728,경+중등도
0.5625682361808109,경+중등도
0.056626419791511916,경+중등도
0.14069812019566616,경+중등도
0.6707502478742202,경+중등도
0.1386923453666329,경+중등도
0.5483740102789335,경+중등도
0.21993906216501202,경+중등도
0.05719551987298863,중상
0.10842315133163376,경+중등도
0.17333547919804085,경+중등도
0.47755848540253965,경+중등도
0.2462295824419615,경+중등도
0.19029733350142672,경+중등도
0.04305905182996778,경+중등도
0.17056557194129848,경+중등도
0.013988134024636932,중상
0.3296300588053762,중상
0.23460098833637302,중상
0.4734051686352059,치명
0.14209936043375904,경+중등도
0.25090254789789246,경+중등도
0.10884213047305362,경+중등도
0.05677336741401829,경+중등도
0.10073285741215025,경+중등도
0.12068970917944856,중상
0.030919574639491954,경+중등도
0.07398694064565114,경+중등도
0.6597558578674327,경+중등도
0.4173591394111394,경+중등도
0.6799016131015515,경+중등도
0.6292079813894237,경+중등도
0.026762813208360662,경+중등도
0.06641596054554773,경+중등도
0.2730237214439408,경+중등도
0.34318115493432216,치명
0.6093468768467442,경+중등도
0.19237071590617183,중상
0.13357894447991228,경+중등도
0.11193143382594799,경+중등도
0.09117047682279651,경+중등도
0.11316969780006954,경+중등도
0.051622301519796916,경+중등도
0.17977428692322786,경+중등도
0.23745347544334153,경+중등도
0.08631870432280513,경+중등도
0.1739479476350119,경+중등도
0.0644861437740768,경+중등도
0.0991311963639583,경+중등도
0.17740848681500634,경+중등도
0.15663522628248602,경+중등도
0.014863343320181875,경+중등도
0.03745467858835483,경+중등도
0.3780908689816185,경+중등도
0.5070295404763799,경+중등도
0.16566296065709799,경+중등도
0.16969965913704424,중상
0.031200322433361415,중상
0.564514608696761,경+중등도
0.2238400429667109,경+중등도
0.3904356178804311,경+중등도
0.26732155993581297,경+중등도
0.7549360791044814,경+중등도
0.24603936428544326,경+중등도
0.08715061600368801,경+중등도
0.6041340050417549,경+중등도
0.24353606865155794,경+중등도
0.06723786022934111,경+중등도
0.01958930780045408,중상
0.016844727853077463,경+중등도
0.3332820200742718,경+중등도
0.012793619923753453,경+중등도
0.36615995717987365,경+중등도
0.7844720590208366,치명
0.35237790865123914,경+중등도
0.2688872804321258,치명
0.9364986564489278,치명
0.19835341459497002,경+중등도
0.5704586478892518,경+중등도
0.336261170461771,경+중등도
0.00250960656435351,중상
0.5252573441840035,경+중등도
0.29870106977795163,경+중등도
0.2921056907533201,경+중등도
0.2794075163749483,경+중등도
0.3908793330285673,경+중등도
0.2771037746298173,경+중등도
0.03574412417504754,경+중등도
0.29859508811457364,치명
0.10784595966436795,경+중등도
0.0839613202761547,중상
0.0837579238268578,경+중등도
0.49026330870724655,경+중등도
0.2388677579588434,경+중등도
0.2783323534204909,치명
0.08379668164160603,경+중등도
0.17343865112942694,경+중등도
0.5459204760398969,경+중등도
0.42634763737277154,경+중등도
0.05444867091028246,경+중등도
0.11577050924709505,경+중등도
0.158679315322428,경+중등도
0.4011200258544338,경+중등도
0.13854052800274033,경+중등도
0.5012245335481734,치명
0.1415241641833064,경+중등도
0.24765580821773514,경+중등도
0.21636904488369044,경+중등도
0.6021904543736575,중상
0.6615891877969243,경+중등도
0.47988013000717417,경+중등도
0.060810059253828076,경+중등도
0.14962271483597467,경+중등도
0.32889844431130905,경+중등도
0.016224392145772582,경+중등도
0.012276578340249316,중상
0.09502482035872827,경+중등도
0.2906145381800645,경+중등도
0.20000569941688762,중상
0.20151032916675704,치명
0.3300557816371709,경+중등도
0.18500249318602488,경+중등도
0.08746598418809286,경+중등도
0.16475425331275526,경+중등도
0.04773599059153497,경+중등도
0.08146155836752861,경+중등도
0.2960393512670703,경+중등도
0.279600502268407,경+중등도
0.21264946725925118,경+중등도
0.05293096341978898,경+중등도
0.1621388988517907,경+중등도
0.09290149073944709,경+중등도
0.45110545255289675,경+중등도
0.004999014770662328,중상
0.3027448071500243,경+중등도
0.04548934496937296,경+중등도
0.054757369553102175,경+중등도
0.10438142150788308,경+중등도
0.5591872230371046,경+중등도
0.18348928666409273,경+중등도
0.1757490419470197,경+중등도
0.5592005283476391,치명
0.13430451577513808,경+중등도
0.13035576748523253,경+중등도
0.00690547946649779,중상
0.22940666238199794,경+중등도
0.11432444466456576,경+중등도
0.4589272408449408,경+중등도
0.22356693390126017,경+중등도
0.2168461713651412,경+중등도
0.1745130137657318,경+중등도
0.0438969350420706,경+중등도
0.5195467502821688,치명
0.1991832542597336,경+중등도
0.12327958305937219,경+중등도
0.21046184783050048,경+중등도
0.17560260040665102,경+중등도
0.12537388387009266,경+중등도
0.15578252042886667,경+중등도
0.5724081124729942,치명
0.16283567432774168,경+중등도
0.070893284146082,경+중등도
0.15605095723677367,경+중등도
0.07726381248724808,경+중등도
0.9128940738706529,경+중등도
0.2325417978795464,경+중등도
0.3127756621753672,경+중등도
0.20015468614225654,경+중등도
0.14591274206225766,경+중등도
0.1411572893261631,경+중등도
0.11344733277032575,경+중등도
0.1131107723266657,경+중등도
0.07178645820804998,경+중등도
0.2751029677217449,치명
0.24164548041100278,경+중등도
0.039333301617496756,경+중등도
0.3356197302987494,경+중등도
0.08324815230026662,경+중등도
0.8159398659194839,치명
0.09191267428200585,경+중등도
0.054037414886164224,경+중등도
0.36898801477635385,경+중등도
0.8837171236213203,치명
0.15296473694819154,경+중등도
0.21147634073684451,경+중등도
0.3229266359178779,경+중등도
0.07481427757788316,경+중등도
0.28721941409465973,경+중등도
0.3177820221861533,경+중등도
0.5584979549418007,치명
0.5519819208163964,경+중등도
0.2625946867220932,경+중등도
0.11853470646959853,경+중등도
0.24871829543998522,경+중등도
0.09049176817369263,경+중등도
0.3656801895854244,경+중등도
0.11281759277627039,경+중등도
0.5208909449312168,경+중등도
0.19038808037723587,경+중등도
0.003967409462683266,경+중등도
0.19193958113659462,경+중등도
0.05879090402759294,경+중등도
0.6603865415897255,경+중등도
0.24338958729649485,경+중등도
0.37849365843756866,경+중등도
0.3528407167798501,치명
0.297560192396912,경+중등도
0.25037490035212234,경+중등도
0.002408662803876563,중상
0.3861998845379913,경+중등도
0.06784535751222485,경+중등도
0.04942906091582785,경+중등도
0.6456429911969211,치명
0.06030606292261914,경+중등도
0.15072073971928082,경+중등도
0.09485353054564916,경+중등도
0.2119023729562084,경+중등도
0.34080110814671577,경+중등도
0.4153981643005973,경+중등도
0.1374449615919944,경+중등도
0.4099285055713186,경+중등도
0.13625686189030348,경+중등도
0.5384139002399487,치명
0.1150894432671196,경+중등도
0.2033670195255215,경+중등도
0.4342045276581088,경+중등도
0.3099632791296514,경+중등도
0.17223557911256626,경+중등도
0.04101602141838865,경+중등도
0.3127330566252861,경+중등도
0.7403574452897853,치명
0.007161832596773591,경+중등도
0.4432246214567066,경+중등도
0.3409928571919609,경+중등도
0.1975117341909437,경+중등도
0.06713903351911309,경+중등도
0.004624939306613173,경+중등도
0.14453516597552798,경+중등도
0.13258363956514654,경+중등도
0.0219156305723829,경+중등도
0.08517177550702709,경+중등도
0.10096350463687875,경+중등도
0.13902112852262935,경+중등도
0.05962749163853067,경+중등도
0.08293904187501405,치명
0.0441056615250155,경+중등도
0.8666229066177991,치명
0.19616163034748632,경+중등도
0.7291962951702268,경+중등도
0.2906822355104454,경+중등도
0.5445597069749932,중상
0.3956066008783375,경+중등도
0.06716259474528391,경+중등도
0.3982514365790048,경+중등도
0.2541780245452997,경+중등도
0.31775921644355987,경+중등도
0.10193794235760485,중상
0.32732438977632516,치명
0.047083478748425424,경+중등도
0.19945152110070796,경+중등도
0.06880717863725881,경+중등도
0.04838180890612411,경+중등도
0.01696418960924656,경+중등도
0.2961239664601971,경+중등도
0.20798406254976223,경+중등도
0.03934815372373978,중상
0.17311578215975962,경+중등도
0.014843409864319658,경+중등도
0.2149642446124729,경+중등도
0.3684524505208839,경+중등도
0.26854047387381313,경+중등도
0.34931252658204975,경+중등도
0.10228970773954497,경+중등도
0.7435251156231336,경+중등도
0.08496045971958534,경+중등도
0.2075185239617848,경+중등도
0.218431728922,치명
0.19415095390632178,중상
0.28073584171071647,경+중등도
0.2750879704514899,경+중등도
0.24312362381362843,경+중등도
0.3636213220679203,경+중등도
0.1145355988981243,경+중등도
0.06328962628787847,중상
0.005914409324961294,중상
0.39176957101274024,경+중등도
0.3611818265090469,경+중등도
0.23991452146844328,경+중등도
0.1954257827427713,경+중등도
0.012971060027862925,중상
0.23398954095100677,경+중등도
0.2347380676963479,경+중등도
0.09554396605267079,경+중등도
0.19475205743565926,경+중등도
0.2717868744398118,중상
0.4257885895565064,경+중등도
0.08355744358362133,경+중등도
0.318816304076623,중상
0.15684026453056366,경+중등도
0.5796343040974103,치명
0.46803076754358036,경+중등도
0.6808067604446993,치명
0.02407383184924314,중상
0.04507748006429003,경+중등도
0.06731766074995832,경+중등도
0.15237879137778193,중상
0.5116151963646539,경+중등도
0.2757098214008871,경+중등도
0.12000392282938509,경+중등도
0.062113278470718236,경+중등도
0.15315263622167954,경+중등도
0.19109057809501748,경+중등도
0.19033106331181107,경+중등도
0.14830140336626998,경+중등도
0.33693951812447304,경+중등도
0.17297198926109314,치명
0.12966667043228022,경+중등도
0.06097954346917365,경+중등도
0.069879960547734,경+중등도
0.10483767600073303,경+중등도
0.2245478292919512,경+중등도
0.03485773730344191,중상
0.1179647816767722,경+중등도
0.038537445562611024,중상
0.04680322999427535,경+중등도
0.01687073209433584,중상
0.029179878892532637,경+중등도
0.4168336204792848,경+중등도
0.7003713042809561,치명
0.9020333306491836,치명
0.4488254608638411,경+중등도
0.22818878154999656,경+중등도
0.6139589303961462,경+중등도
0.5186672424624396,경+중등도
0.10617309503230217,경+중등도
0.02226615964581742,경+중등도
0.5933447088480809,경+중등도
0.0068265054634484386,경+중등도
0.38758645555921567,중상
0.05504529754435542,경+중등도
0.10923115175436086,경+중등도
0.047875355471736186,경+중등도
0.05174500309740555,중상
0.2537560384215744,경+중등도
0.5135047879524635,경+중등도
0.10343126142404462,경+중등도
0.17990640507094488,경+중등도
0.0785640606100799,중상
0.09621692256449786,경+중등도
0.19117850427854685,경+중등도
0.002092974816939862,중상
0.03227385006357544,중상
0.00268039581886689,중상
0.06781244078298336,경+중등도
0.15361916318054417,경+중등도
0.06803313120825485,경+중등도
0.5571125201174051,경+중등도
0.1846582733739545,경+중등도
0.4249111606876888,경+중등도
0.24102931305958086,경+중등도
0.06548322344156837,경+중등도
0.03118168517945119,경+중등도
0.007332879939313867,경+중등도
0.025557616850189663,경+중등도
0.039065679354172204,경+중등도
0.06744756007085373,경+중등도
0.1440938131187779,경+중등도
0.0667459898545698,경+중등도
0.2720293857274302,경+중등도
0.035434244996930875,경+중등도
0.2059211890229841,경+중등도
0.1078332374807847,경+중등도
0.10108280513468655,경+중등도
0.1782437116936543,경+중등도
0.41054497062262413,중상
0.20589747952532578,경+중등도
0.5193413496843566,경+중등도
0.37916444193578797,경+중등도
0.5379001146341807,경+중등도
0.1467439266519527,경+중등도
0.4474471151240523,경+중등도
0.3584497367249806,경+중등도
0.2545234856808169,중상
0.17312652778184298,경+중등도
0.4357163648727304,경+중등도
0.031765718806660355,경+중등도
0.47529151230469463,경+중등도
0.18454658417675943,경+중등도
0.11821227053868476,경+중등도
0.33469085690468964,경+중등도
0.2050963283369518,경+중등도
0.3897054389723882,치명
0.19439550815036735,경+중등도
0.30944239917449934,중상
0.07157899297356363,경+중등도
0.05787750442654203,경+중등도
0.20272683701246863,경+중등도
0.296874447971897,경+중등도
0.15832584266040792,경+중등도
0.0528764698302287,중상
0.25722735998208685,경+중등도
0.1119023350839553,경+중등도
0.11969410196362666,경+중등도
0.10864578632054607,경+중등도
0.2753408103481731,경+중등도
0.17081503921989427,경+중등도
0.23003586713636925,경+중등도
0.135816912806314,경+중등도
0.09901540951072019,경+중등도
0.4118789991467047,경+중등도
0.1172629882020862,경+중등도
0.4306706960099855,경+중등도
0.01558479556118634,중상
0.2580978016748183,경+중등도
0.15288786390619077,경+중등도
0.6734817602945847,경+중등도
0.16032543270338714,경+중등도
0.28498982723944577,경+중등도
0.9445842570781952,치명
0.0641171797008735,경+중등도
0.0436025944883414,경+중등도
0.5528844715336504,경+중등도
0.29032669562431174,경+중등도
0.29758991683213176,치명
0.1250228920495621,경+중등도
0.4686782860146659,치명
0.8132800617508047,치명
0.5493505480234291,경+중등도
0.5751643780060722,경+중등도
0.08870895179060607,경+중등도
0.006770689828816799,경+중등도
0.17958743526811993,치명
0.3292587436489964,경+중등도
0.3674998084874533,경+중등도
0.5630559582987983,경+중등도
0.17051386912540015,중상
0.6442308566249512,치명
0.1732042771099721,경+중등도
0.17246183940412815,경+중등도
0.614329098638016,경+중등도
0.23738063462387723,경+중등도
0.14865560579994733,경+중등도
0.12321408638116449,경+중등도
0.044843260060083746,경+중등도
0.19324079274282427,중상
0.349257690904267,경+중등도
0.13025239792566734,중상
0.12265845671959442,경+중등도
0.23461850750159532,경+중등도
0.04242808792603849,경+중등도
0.09040107950342087,경+중등도
0.13279309116155183,경+중등도
0.43597580397098873,경+중등도
0.11845006014368002,경+중등도
0.2943797908642026,경+중등도
0.03243900872505889,경+중등도
0.3399962484329455,경+중등도
0.1743430164468033,경+중등도
0.06438951550337713,경+중등도
0.5015147759711693,경+중등도
0.23083173479965025,경+중등도
0.16862706686284226,경+중등도
0.06095902476905666,경+중등도
0.038172247810879835,경+중등도
0.8104607658821003,치명
0.029620334071957688,경+중등도
0.8147098052783357,경+중등도
0.32483519374078695,경+중등도
0.2665052828881973,경+중등도
0.33626679275223204,경+중등도
0.7881662174084774,경+중등도
0.3228514154592099,경+중등도
0.06681741986230162,경+중등도
0.04698559828260964,경+중등도
0.8270350829829116,경+중등도
0.13064156802899415,경+중등도
0.19116780889867616,경+중등도
0.6288908997327144,경+중등도
0.0520791842268157,경+중등도
0.05801006942587287,경+중등도
0.024216094666089653,경+중등도
0.1741719350347233,중상
0.2495137539881048,경+중등도
0.34677935858777026,경+중등도
0.203698327038608,경+중등도
0.22369913700761815,경+중등도
0.06141596364796722,경+중등도
0.1591291980770985,치명
0.008693678899669715,중상
0.35433174654216854,경+중등도
0.24941346727686364,경+중등도
0.4653422169032017,경+중등도
0.07302883165637801,경+중등도
0.506125528376637,경+중등도
0.17452882306715936,경+중등도
0.15490998887011964,경+중등도
0.15162068402719323,경+중등도
0.8294210164780235,경+중등도
0.09189290149486702,치명
0.12550064304963326,경+중등도
0.07041066403522278,경+중등도
0.05427515742442371,경+중등도
0.13344211930920583,치명
0.11043052498839297,경+중등도
0.6096999096496774,경+중등도
0.5070103242911744,경+중등도
0.3071549689655466,치명
0.28696871393708984,경+중등도
0.038891015341325344,경+중등도
0.1987618600297915,경+중등도
0.0027279699791610914,중상
0.09277131593903114,경+중등도
0.360988383941598,중상
0.10998278378619479,경+중등도
0.24304704490018011,치명
0.23553012004305274,경+중등도
0.07171138384205339,경+중등도
0.49962301065089837,경+중등도
0.015125006295870115,중상
0.47363315644965165,치명
0.24111795746455453,경+중등도
0.060057569786326474,경+중등도
0.26164391921594027,경+중등도
0.05954081845926038,경+중등도
0.00926070774098422,경+중등도
0.8173265669781834,치명
0.1635304777602793,경+중등도
0.2686076492486447,경+중등도
0.749059897157028,경+중등도
0.05128628586024566,경+중등도
0.44612904409485377,경+중등도
0.006285562886973816,경+중등도
0.09478593326457813,경+중등도
0.13512514174257714,경+중등도
0.39878837704366904,경+중등도
0.04382598347843097,경+중등도
0.3658028860641826,경+중등도
0.5292913873997976,경+중등도
0.25315274039791485,경+중등도
0.09566361102930476,경+중등도
0.32100066242325986,경+중등도
0.2385785049763277,경+중등도
0.9221724412577842,치명
0.15855736399740106,중상
0.42003934059901976,경+중등도
0.8276031611053809,경+중등도
0.16801328392797657,경+중등도
0.05005029574906433,경+중등도
0.32110732884450793,경+중등도
0.28465582519464133,경+중등도
0.04029195254445691,경+중등도
0.04946886397765008,경+중등도
0.06364078130125028,경+중등도
0.11659831059224927,경+중등도
0.847936255172031,경+중등도
0.048587312586940844,경+중등도
0.35910049965166074,경+중등도
0.165728355963035,경+중등도
0.10268044117477164,경+중등도
0.5118472045389278,경+중등도
0.3407996582652002,경+중등도
0.05381478399061771,경+중등도
0.07886128028736641,경+중등도
0.04372259128902659,경+중등도
0.03640821334495429,경+중등도
0.019701540059158026,경+중등도
0.05603400526595039,경+중등도
0.13935664750116064,경+중등도
0.25281483291702356,경+중등도
0.20209410457492938,경+중등도
0.1871908215711419,경+중등도
0.4038379385607513,경+중등도
0.09057180925602099,중상
0.06597620255549948,경+중등도
0.7243661597796903,치명
0.21001882828162635,경+중등도
0.2157472800195741,경+중등도
0.29641161439036484,경+중등도
0.008712011829451938,중상
0.6024789324747108,경+중등도
0.14323279830603666,경+중등도
0.059358762960201726,경+중등도
0.15644126169732514,경+중등도
0.3018057537862823,경+중등도
0.04187016758624612,경+중등도
0.11497411583408562,경+중등도
0.18933694141377208,경+중등도
0.2714907783303923,경+중등도
0.09465434403145606,경+중등도
0.4557149402071155,치명
0.07165124259607304,경+중등도
0.8542592644040563,경+중등도
0.5783021560416092,경+중등도
0.22517455278554688,경+중등도
0.3513385838706376,경+중등도
0.09597166726533352,치명
0.20912629386515227,경+중등도
0.08518918207888325,경+중등도
0.2018522527060884,중상
0.11602271867865203,경+중등도
0.17126608138208277,중상
0.424250803567443,경+중등도
0.12197993924689265,경+중등도
0.6423401827016372,치명
0.09751119210215664,치명
0.2748434088939496,경+중등도
0.04515573067202066,경+중등도
0.11722380999535065,경+중등도
0.39024274879936716,경+중등도
0.07588508917470295,경+중등도
0.16922834588197064,경+중등도
0.25381938370091256,경+중등도
0.2187160031764985,경+중등도
0.03763775230243882,경+중등도
0.19817717264497722,경+중등도
0.6442616258480981,치명
0.25017344836342365,경+중등도
0.42257642885217983,경+중등도
0.38540066658463323,경+중등도
0.021306423639871813,중상
0.04382915530005336,경+중등도
0.3184053588965097,경+중등도
0.08308886565145801,경+중등도
0.7813812243357541,치명
0.02031392040548005,중상
0.16352386578703304,경+중등도
0.005255771280164763,중상
0.15929132662891035,경+중등도
0.25666668863506537,치명
0.050231065973326626,경+중등도
0.6219440616883657,경+중등도
0.36614705698396915,경+중등도
0.034072080409322004,경+중등도
0.30908885967008576,경+중등도
0.13277432043388937,경+중등도
0.2305528803056193,경+중등도
0.08293187027311505,경+중등도
0.04814704014061603,경+중등도
0.21229004379000124,경+중등도
0.5687853306248122,치명
0.08979126574114736,경+중등도
0.1005578004299843,경+중등도
0.1390003457138315,경+중등도
0.09728934842851582,경+중등도
0.10422728501399686,경+중등도
0.4253354882459118,경+중등도
0.17326569776558498,경+중등도
0.25886263000102055,경+중등도
0.11944771972009675,경+중등도
0.07252237602650101,경+중등도
0.3422983394169161,경+중등도
0.1730725438403278,경+중등도
0.034903580068839896,경+중등도
0.27828250838473906,경+중등도
0.018432682981505213,경+중등도
0.07040433464114039,경+중등도
0.669949322197725,경+중등도
0.08839699628108035,경+중등도
0.43599551033387307,경+중등도
0.09521414536785015,경+중등도
0.24983814669742163,경+중등도
0.23514085538603033,경+중등도
0.02860825631518732,경+중등도
0.14124768866240547,중상
0.04846600010135548,경+중등도
0.21909357401424737,경+중등도
0.02625547654693573,경+중등도
0.7051037257124436,경+중등도
0.7955584888973667,경+중등도
0.08201238707962026,경+중등도
0.41048311539954824,경+중등도
0.735782811276032,경+중등도
0.20065320266213282,경+중등도
0.11574840312875075,경+중등도
0.2444711587874866,경+중등도
0.10537897519908136,경+중등도
0.19190553176414907,경+중등도
0.03169469438256941,중상
0.222529068522353,경+중등도
0.04523269103441822,경+중등도
0.4071431015758118,경+중등도
0.05487821917923932,경+중등도
0.13631552770690541,경+중등도
0.12564766736872043,중상
0.07081715067700754,경+중등도
0.09883782984771976,경+중등도
0.1672616537276447,경+중등도
0.17525694844360507,경+중등도
0.039832022358136765,경+중등도
0.11188986667284355,경+중등도
0.054271002650037314,경+중등도
0.10995044583203754,경+중등도
0.08885793519264908,경+중등도
0.26934498882985913,경+중등도
0.3106640438660978,경+중등도
0.10340645789532764,경+중등도
0.12786162752405228,중상
0.03961836449398232,경+중등도
0.17301124637318563,경+중등도
0.29000785052225475,치명
0.005629369734103238,중상
0.0715059789772617,경+중등도
0.25222873097229276,경+중등도
0.14583581659941394,중상
0.17673647494615188,경+중등도
0.3252119630754257,경+중등도
0.3615093390036053,경+중등도
0.1470920702734809,경+중등도
0.04839871071419685,경+중등도
0.8061589761358086,경+중등도
0.17861046493687752,경+중등도
0.15175923548929174,경+중등도
0.2704933423996359,경+중등도
0.11584095076390989,경+중등도
0.3255946146262781,경+중등도
0.11490567381701151,경+중등도
0.006166536704915825,경+중등도
0.028953485577311606,경+중등도
0.657310260894932,치명
0.05917722442796817,경+중등도
0.03195564552737909,중상
0.054709750518640764,경+중등도
0.008779133360516575,중상
0.4951411907228895,경+중등도
0.32036518103354644,경+중등도
0.2138520426953435,경+중등도
0.12057184243131874,경+중등도
0.13304519155231312,경+중등도
0.11512328715328639,경+중등도
0.8416031933147242,치명
0.16182311217283366,경+중등도
0.0037937313578029104,중상
0.09302407069637834,경+중등도
0.30101130193786885,경+중등도
0.1352097113843159,경+중등도
0.03368124723236147,치명
0.06178188349978193,경+중등도
0.21812830870287958,경+중등도
0.0027189613227422992,경+중등도
0.32631516714719416,경+중등도
0.27916592574758226,경+중등도
0.11171062236662242,경+중등도
0.08000930782152449,경+중등도
0.4517611300220463,경+중등도
0.3566583084031683,경+중등도
0.03404427995546739,경+중등도
0.038651744987907244,경+중등도
0.017583743951453314,중상
0.2122840017282629,경+중등도
0.5933306844947853,경+중등도
0.11170997549371164,경+중등도
0.24648240323951262,경+중등도
0.08464203436534813,경+중등도
0.7270813438573246,경+중등도
0.9117078985977547,경+중등도
0.6540222123996725,경+중등도
0.26642699574455647,중상
0.27327724750451504,경+중등도
0.09525147489016067,경+중등도
0.021355337492032663,경+중등도
0.18893528187521347,경+중등도
0.3198337056688481,경+중등도
0.44349984177028756,경+중등도
0.2274348259679573,경+중등도
0.048332209687851346,경+중등도
0.16016991338909092,경+중등도
0.8495910228865987,경+중등도
0.19809498924903765,경+중등도
0.47469529387274734,경+중등도
0.04673763382803534,중상
0.10613697638540509,경+중등도
0.03959975281185097,경+중등도
0.12881964228558615,경+중등도
0.14795725671709714,경+중등도
0.06942102851044156,경+중등도
0.12453390275557386,경+중등도
0.33919215807307307,경+중등도
0.051957490765571566,경+중등도
0.10420256766857916,경+중등도
0.30851728850800697,중상
0.01828487461642869,경+중등도
0.12447591018005723,경+중등도
0.04899850436149486,경+중등도
0.6013258787535047,치명
0.2646517239564045,치명
0.2561039542548906,경+중등도
0.07603212121545778,경+중등도
0.2929226672767324,경+중등도
0.12944623291095772,경+중등도
0.21195789170403723,중상
0.03975583027557148,경+중등도
0.09976154677465231,경+중등도
0.1448917519119064,경+중등도
0.039900737035871346,경+중등도
0.05295852787421096,경+중등도
0.3703629630212335,경+중등도
0.1552999922971413,경+중등도
0.030661042883617973,경+중등도
0.08531618347370212,경+중등도
0.06451352896316624,경+중등도
0.4653159669386158,경+중등도
0.37981548154371025,경+중등도
0.14626677832468302,경+중등도
0.10074063589631822,경+중등도
0.3005617906622036,경+중등도
0.06629664521333102,경+중등도
0.060622817642956385,경+중등도
0.08089440887243045,중상
0.2813521551889208,경+중등도
0.0727591786325575,경+중등도
0.140783366854102,경+중등도
0.031811932274742,경+중등도
0.2781661991954288,경+중등도
0.268004814194244,경+중등도
0.9246965314925945,치명
0.377630518076216,경+중등도
0.4772820571650603,경+중등도
0.22056565556233765,경+중등도
0.20339257768257687,경+중등도
0.33845888488357523,경+중등도
0.22622023685727,경+중등도
0.20858028854690422,경+중등도
0.03507362496264298,경+중등도
0.07851418552741078,경+중등도
0.10656838005691027,경+중등도
0.1025047556430459,중상
0.1691904620247664,경+중등도
0.34654583508474907,치명
0.10442400757199037,경+중등도
0.1603228689107082,경+중등도
0.04753687216150829,경+중등도
0.31626661937768746,치명
0.3068850284608079,경+중등도
0.28613194130997743,경+중등도
0.2208167428507235,경+중등도
0.12107999102011317,경+중등도
0.17452695428289325,경+중등도
0.17624783138765995,경+중등도
0.22311308666853372,경+중등도
0.21407591658429712,경+중등도
0.13530472527198578,경+중등도
0.3289654232810177,중상
0.08875106003730442,경+중등도
0.6267365536818936,경+중등도
0.12284484123789156,경+중등도
0.5503798605386917,경+중등도
0.16386484729325626,경+중등도
0.18879872293944322,경+중등도
0.04910282531524168,경+중등도
0.05648002746144729,경+중등도
0.221197205265134,경+중등도
0.23720576123919815,경+중등도
0.22439245660902138,경+중등도
0.08048413836153138,경+중등도
0.004539366808675522,중상
0.292330611535026,경+중등도
0.38268680184040554,경+중등도
0.4115216449281984,경+중등도
0.743950643208724,경+중등도
0.19909411975879202,경+중등도
0.25401100824832373,경+중등도
0.08170275377561838,경+중등도
0.19729262469809047,경+중등도
0.27366802351198233,경+중등도
0.08118575756867588,경+중등도
0.12581851896473573,경+중등도
0.04803768905947797,경+중등도
0.19070045785746634,경+중등도
0.111273454259469,치명
0.5468255465197999,경+중등도
0.12348278689319626,경+중등도
0.41156692890065855,경+중등도
0.2003157652102284,경+중등도
0.3336306685625973,경+중등도
0.5164488065203403,경+중등도
0.46920894586672063,경+중등도
0.01885103850419904,경+중등도
0.4284629478531408,치명
0.111595253215293,경+중등도
0.6441680169532654,경+중등도
0.18830241138537981,치명
0.12536695569929876,중상
0.3461106844108326,경+중등도
0.08331683649307457,경+중등도
0.33864498815521177,경+중등도
0.3779459245733818,경+중등도
0.8178545886090305,경+중등도
0.06190505999145026,중상
0.2257392586942694,경+중등도
0.07670011682855696,경+중등도
0.39211235308352427,중상
0.07066212831861528,경+중등도
0.086574035143454,경+중등도
0.07971667673270504,경+중등도
0.07377328380515284,경+중등도
0.20541576675012674,경+중등도
0.041533476470392065,경+중등도
0.08426074185975789,경+중등도
0.3634976695002658,경+중등도
0.10699473094465455,치명
0.03173173757777885,경+중등도
0.09446714591835774,경+중등도
0.07604645590544533,경+중등도
0.15490859263934278,경+중등도
0.1337039808106513,경+중등도
0.11982627224784193,경+중등도
0.03835762778511193,경+중등도
0.06803022404139064,경+중등도
0.28785723709797356,경+중등도
0.09177182432594938,경+중등도
0.19664760240865262,경+중등도
0.30121006655831956,경+중등도
0.5038514904404217,경+중등도
0.3065891636210918,경+중등도
0.005993921341444723,경+중등도
0.09321514628555032,경+중등도
0.259369663759279,경+중등도
0.13809425744277115,경+중등도
0.2585773174410329,경+중등도
0.25994224478201744,경+중등도
0.11299869427330343,경+중등도
0.1151190045285486,경+중등도
0.31822424298720214,경+중등도
0.312549277749838,경+중등도
0.11230238039702141,경+중등도
0.14008041538210983,경+중등도
0.34857376981434873,경+중등도
0.27742256939650267,경+중등도
0.8164146586166656,경+중등도
0.19082084226077747,경+중등도
0.10245637896350451,경+중등도
0.7590553424616147,치명
0.40871843804482744,경+중등도
0.40100652191128616,중상
0.16695100788192244,경+중등도
0.14932186943896808,경+중등도
0.24645131376289084,경+중등도
0.39553972130323795,경+중등도
0.34445025976244176,경+중등도
0.2993232649645074,경+중등도
0.3677772245353477,경+중등도
0.1840823390608393,경+중등도
0.8172316340990978,경+중등도
0.1392891622051473,경+중등도
0.4383699788676743,경+중등도
0.48151416150482823,치명
0.12960963877327572,경+중등도
0.11715593950580137,경+중등도
0.24088404207941014,경+중등도
0.12612256865075852,경+중등도
0.25290911829354945,경+중등도
0.27622643266657126,경+중등도
0.5492006902263168,중상
0.09226642219352053,경+중등도
0.22984392042390264,경+중등도
0.03510755552328248,경+중등도
0.06815798338697823,경+중등도
0.1339670408519866,경+중등도
0.11571568698885722,경+중등도
0.06898287953249688,경+중등도
0.18767106222240568,경+중등도
0.06093091635867313,중상
0.12117648210564023,중상
0.588392626811881,경+중등도
0.02225200236513054,경+중등도
0.19846602720671638,중상
0.15581775435174397,경+중등도
0.04196626156426453,경+중등도
0.5169712357838713,경+중등도
0.8163256123016002,치명
0.14429345935449023,경+중등도
0.07375822998738357,경+중등도
0.12620645895892682,경+중등도
0.07331343030485395,경+중등도
0.08634748017824283,경+중등도
0.2134478356684784,경+중등도
0.2910290068040189,경+중등도
0.36824064337895684,경+중등도
0.301931646977811,경+중등도
0.31488801203851274,경+중등도
0.5041137464651463,경+중등도
0.09859122511938008,경+중등도
0.0758841979902561,경+중등도
0.17270678876412418,경+중등도
0.873588426156832,치명
0.10937958714542212,경+중등도
0.08139140792896479,경+중등도
0.2546388502320835,경+중등도
0.04640054129531487,경+중등도
0.11178757224918212,중상
0.25467311323726655,경+중등도
0.10328870956973613,경+중등도
0.4689486893285773,경+중등도
0.8420951931738662,치명
0.09808601488875436,경+중등도
0.28113381232383516,중상
0.5315102391615317,경+중등도
0.3536790289420964,경+중등도
0.2587564926318115,경+중등도
0.38648899916840107,경+중등도
0.11985215402059302,경+중등도
0.5362297302612106,경+중등도
0.2426189189035254,경+중등도
0.1880208972670634,경+중등도
0.1479127856238429,경+중등도
0.2671761147685321,경+중등도
0.2524786963726234,경+중등도
0.302082776338954,경+중등도
0.2136505735277757,경+중등도
0.09444919895844495,경+중등도
0.007916741817556172,경+중등도
0.11289890820158122,경+중등도
0.20349910748435532,경+중등도
0.8687992314462614,치명
0.16218812465105378,경+중등도
0.20006068140692415,경+중등도
0.06386900848285451,경+중등도
0.1957904004634556,중상
0.26492936781914916,중상
0.533166926447937,경+중등도
0.04493020425591034,경+중등도
0.21408471843840401,경+중등도
0.20485122535211467,경+중등도
0.15861059688946913,경+중등도
0.25044967823216724,중상
0.5029087324664901,경+중등도
0.17340763377695145,경+중등도
0.1489122312541939,치명
0.20195543848898181,경+중등도
0.05986110925123913,경+중등도
0.03037720581915686,중상
0.5936865389880416,경+중등도
0.06730187030217498,경+중등도
0.11056254591970277,경+중등도
0.05606213799591436,경+중등도
0.18277440028004455,경+중등도
0.18094387514426358,경+중등도
0.4864292606249632,경+중등도
0.24401293168899732,경+중등도
0.01893657743117286,경+중등도
0.06959195798058382,경+중등도
0.3374266948080515,경+중등도
0.005012418912483725,경+중등도
0.15562747600359758,치명
0.5382729073344564,경+중등도
0.22323409609373357,경+중등도
0.11154777747806761,경+중등도
0.009683318678476445,중상
0.05538105520386142,경+중등도
0.3139051800040566,치명
0.16424096090385182,경+중등도
0.32752240969794144,경+중등도
0.06507901219475233,경+중등도
0.34883918980157813,경+중등도
0.2963075973809594,경+중등도
0.25799962604113585,경+중등도
0.7332064586551671,경+중등도
0.059282173586444685,경+중등도
0.11381736971776939,경+중등도
0.0529482917880921,경+중등도
0.16596897637464217,경+중등도
0.2432061291653277,경+중등도
0.26059402250199276,경+중등도
0.2314155613380994,경+중등도
0.3158518895823322,경+중등도
0.767653075159553,경+중등도
0.1272470801313048,경+중등도
0.15852095500419314,경+중등도
0.40306872225825857,경+중등도
0.1568438922256277,경+중등도
0.052529245957661945,경+중등도
0.03562958249527675,경+중등도
0.49407237031557916,경+중등도
0.10108183474472654,경+중등도
0.17318778065850435,경+중등도
0.13325684953988692,경+중등도
0.0073635852508366325,중상
0.7355054562623624,치명
0.0650295048403056,경+중등도
0.19890542074560566,경+중등도
0.37384252751296665,치명
0.11046256443106683,경+중등도
0.2720040853088962,치명
0.056277259696074576,경+중등도
0.3522833037381399,중상
0.25034857869472255,경+중등도
0.1470971668614078,경+중등도
0.23956373999979305,경+중등도
0.013802293549798594,중상
0.5524613618165762,경+중등도
0.12219516287079941,경+중등도
0.5017780763084078,경+중등도
0.14957463478951347,경+중등도
0.3491032230985584,경+중등도
0.08186454756939494,경+중등도
0.5830698770861336,경+중등도
0.30337806097009395,경+중등도
0.024889741295382104,경+중등도
0.5450559207841811,경+중등도
0.4427150516352392,경+중등도
0.08808873125557552,치명
0.044638496545775515,중상
0.0874342621549045,경+중등도
0.1328343639000895,경+중등도
0.7896946020786911,경+중등도
0.3551243773796962,경+중등도
0.38805791617099206,경+중등도
0.41438946681470545,경+중등도
0.05665335721988696,중상
0.08525767536356867,중상
0.11778603439786035,경+중등도
0.5405912641169436,경+중등도
0.04671230907412532,경+중등도
0.07503062595083483,경+중등도
0.38290411744745073,경+중등도
0.07519771536757074,중상
0.061312747304896074,경+중등도
0.03718270273636678,경+중등도
0.03635768706592965,경+중등도
0.21063480667215476,경+중등도
0.635077003920347,치명
0.14378917556835316,경+중등도
0.25960524869991325,경+중등도
0.06819153155941114,경+중등도
0.10129069906251888,경+중등도
0.0844783335301143,경+중등도
0.11172619876438646,경+중등도
0.1533635606326678,경+중등도
0.4183689416824919,경+중등도
0.5986409891593576,경+중등도
0.10342406932927006,경+중등도
0.07494677515202691,경+중등도
0.1648639330759445,경+중등도
0.2543301350289184,경+중등도
0.12647518256840048,경+중등도
0.16579985251089682,경+중등도
0.0644093793676306,경+중등도
0.07827476143492144,경+중등도
0.09968958721179515,경+중등도
0.07908579126324329,경+중등도
0.23383340548078838,경+중등도
0.018620350010410746,경+중등도
0.3849606569098136,경+중등도
0.23244479637669005,경+중등도
0.07331332906164734,경+중등도
0.05186113309761246,경+중등도
0.11126107150279933,경+중등도
0.7569187568104313,경+중등도
0.3394852098540961,경+중등도
0.12734200242623264,경+중등도
0.6834529755073159,경+중등도
0.2589570682817153,경+중등도
0.045825162546226796,경+중등도
0.2918296303889049,경+중등도
0.04686642319295631,경+중등도
0.4078830335069192,치명
0.2023297291373738,치명
0.04113105385449805,경+중등도
0.3234176568485925,경+중등도
0.05777504110783468,경+중등도
0.09239721733689314,경+중등도
0.10841692502600318,경+중등도
0.12110615723995011,경+중등도
0.4067024955391632,중상
0.8040790507229444,경+중등도
0.08328818890125575,중상
0.2907449207665635,경+중등도
0.13694090751318566,경+중등도
0.3108670797842654,경+중등도
0.21674157047803708,경+중등도
0.4012597873490486,경+중등도
0.3249506729262825,경+중등도
0.04031204599653505,경+중등도
0.19992019883770765,경+중등도
0.11658864831161724,경+중등도
0.13910500434941567,경+중등도
0.2613092772439979,경+중등도
0.12296907532349595,경+중등도
0.3276640243324333,경+중등도
0.10959199278408276,경+중등도
0.22679074988038364,경+중등도
0.21522203159256373,경+중등도
0.006463797698604235,경+중등도
0.20965261375067104,경+중등도
0.5241178086910181,경+중등도
0.49463796750449385,경+중등도
0.21603719702325286,경+중등도
0.22849749522707452,경+중등도
0.032347090418359384,경+중등도
0.16663657271478166,경+중등도
0.056712075671751704,경+중등도
0.5229147962097747,경+중등도
0.31719743763211733,경+중등도
0.1580395080354696,치명
0.033376067515560714,경+중등도
0.3944538641296704,경+중등도
0.12802433908943855,경+중등도
0.23161896434162207,경+중등도
0.32140810276488757,치명
0.11463757628996434,경+중등도
0.054221541240004036,경+중등도
0.20164723385411654,경+중등도
0.11107914805998635,경+중등도
0.3030581487213565,경+중등도
0.004391463065197717,중상
0.1544534252412013,경+중등도
0.33294757188064866,치명
0.2906269676641019,경+중등도
0.08766932578918589,경+중등도
0.127622153167425,경+중등도
0.7850401981709266,치명
0.4281748177729918,경+중등도
0.0938174661990341,경+중등도
0.03323800557594893,경+중등도
0.21419496664742077,경+중등도
0.2432588094096471,경+중등도
0.3162165743688509,경+중등도
0.3397347945108951,경+중등도
0.5219939452575922,경+중등도
0.2747737796530137,치명
0.20707771420430757,경+중등도
0.032767488241565855,경+중등도
0.020288805227481516,경+중등도
0.13221850169107482,경+중등도
0.44960451339896546,치명
0.12892580748462135,경+중등도
0.31228156190557144,경+중등도
0.23732396028061487,경+중등도
0.11456862134792785,경+중등도
0.1272653629254229,경+중등도
0.11291361889127653,경+중등도
0.11255612939118693,경+중등도
0.10264829554633288,경+중등도
0.4679068806927981,경+중등도
0.143525181084923,경+중등도
0.30976766726775756,경+중등도
0.044270785122484474,경+중등도
0.06035654951698562,경+중등도
0.190849557509828,치명
0.7866258790276778,치명
0.23078108614805115,경+중등도
0.14633117339474191,경+중등도
0.5424416584041309,경+중등도
0.14413368570662627,경+중등도
0.09376730325258797,경+중등도
0.07437957898691383,경+중등도
0.11400086898883127,경+중등도
0.10624542133375724,경+중등도
0.3874469601240576,경+중등도
0.41082258385786036,경+중등도
0.17824842279108646,경+중등도
0.2106001679916496,경+중등도
0.2517351029125977,경+중등도
0.46415305567975934,경+중등도
0.2117229810341149,경+중등도
0.6165699289686,치명
0.3267217917966396,경+중등도
0.16472424935965718,경+중등도
0.30596747851412237,경+중등도
0.07633414888748374,경+중등도
0.07520709644280126,경+중등도
0.3741309000748017,경+중등도
0.15255292431980824,경+중등도
0.14922918294385965,경+중등도
0.12124890098400846,경+중등도
0.9251224763868072,치명
0.08869613221851208,경+중등도
0.03401057481730494,경+중등도
0.09670702088059346,경+중등도
0.08820165658231709,경+중등도
0.09285160968678845,경+중등도
0.15317197925946088,경+중등도
0.23605729075010154,경+중등도
0.07101192201907193,경+중등도
0.3139444664437098,경+중등도
0.2541767359450902,경+중등도
0.16257981795473472,경+중등도
0.18013860617496724,경+중등도
0.08412772649677551,경+중등도
0.2218079013813011,경+중등도
0.08610303383734576,경+중등도
0.3950248984381763,경+중등도
0.2414104110393734,경+중등도
0.4942624379922751,치명
0.5435191653439186,경+중등도
0.21508454896059023,경+중등도
0.0983420835852915,경+중등도
0.4545084918535487,치명
0.19827548760674482,경+중등도
0.2613617409622475,중상
0.5726597998399332,경+중등도
0.028691702031275478,경+중등도
0.03598904253500998,경+중등도
0.8645955148509684,치명
0.1887122075767875,경+중등도
0.08587647388018077,경+중등도
0.13611099693554923,경+중등도
0.26780242892427203,경+중등도
0.03840257676931333,경+중등도
0.25332347931528537,경+중등도
0.06351149679851273,경+중등도
0.25235694932025715,경+중등도
0.6283871396878441,경+중등도
0.0794248148017156,경+중등도
0.032225522006243595,경+중등도
0.1173480990500843,경+중등도
0.5489446834672586,경+중등도
0.06094383410583335,경+중등도
0.3665818166278671,경+중등도
0.09277092611783666,경+중등도
0.17397848095344237,경+중등도
0.1143067237991392,경+중등도
0.7169542448596858,경+중등도
0.06526209924806417,경+중등도
0.038887847481242376,경+중등도
0.25512857368923975,경+중등도
0.08946442631658887,경+중등도
0.1567724253850574,경+중등도
0.07314273927859599,경+중등도
0.5497713831034616,경+중등도
0.16576954110961173,경+중등도
0.262526352089064,경+중등도
0.19390526832610852,경+중등도
0.24482873876082709,경+중등도
0.2987689366281125,경+중등도
0.15615406232892995,경+중등도
0.43396925937688197,경+중등도
0.14388087034509833,경+중등도
0.0972645836629036,경+중등도
0.8614989235123103,치명
0.36498287660827544,경+중등도
0.22264775658589678,경+중등도
0.3303049121332859,경+중등도
0.13019480554759164,경+중등도
0.1184478850454932,경+중등도
0.0714694618030344,경+중등도
0.29411009814942696,경+중등도
0.07010666726132768,중상
0.4092130927416804,치명
0.2267255845235672,경+중등도
0.04100929538033541,경+중등도
0.019663345561616894,중상
0.2607315208265939,경+중등도
0.17078054830526823,경+중등도
0.0777076129679565,경+중등도
0.6322056885582826,경+중등도
0.3354658538612001,경+중등도
0.18526742283971256,경+중등도
0.8014903644719716,경+중등도
0.07351563825588926,경+중등도
0.09139628405050755,중상
0.027796389965395837,경+중등도
0.16646291326622784,경+중등도
0.39924740325269964,경+중등도
0.26108678051617445,경+중등도
0.23136779176848496,경+중등도
0.36374318655370574,경+중등도
0.7842879395929487,경+중등도
0.026271621637891245,경+중등도
0.11794752825076317,경+중등도
0.3065960773586287,경+중등도
0.0493608526773917,경+중등도
0.04427971900302297,경+중등도
0.2765442917113626,중상
0.35817454287609,경+중등도
0.5740234675306273,경+중등도
0.11157437410741887,경+중등도
0.11952789301181337,경+중등도
0.09881446883692335,경+중등도
0.714125424590299,치명
0.1607088398510568,경+중등도
0.41469626774736673,경+중등도
0.23635493845119185,경+중등도
0.07160196756551353,경+중등도
0.004963301374060445,중상
0.12424779725837932,경+중등도
0.6501426046802293,경+중등도
0.08768504448921387,경+중등도
0.7747210428464081,경+중등도
0.3868332687471548,경+중등도
0.009137233129683247,중상
0.17186179149923106,경+중등도
0.45909572903175366,경+중등도
0.09156408979598013,경+중등도
0.5976318077181976,경+중등도
0.1466759890314225,치명
0.32027855324885585,경+중등도
0.34959895977831584,경+중등도
0.08460166585063396,경+중등도
0.7706275306339626,경+중등도
0.36496211042329313,경+중등도
0.3229794015715566,경+중등도
0.40911082654037756,경+중등도
0.6951401260961328,경+중등도
0.23940181264864324,경+중등도
0.23487724461939666,치명
0.02087944709719161,경+중등도
0.34297991442526304,경+중등도
0.21025731080781307,경+중등도
0.12924654825524898,중상
0.31675982363650346,경+중등도
0.18260640245742255,경+중등도
0.6625838652582816,경+중등도
0.06656878038509666,경+중등도
0.1967782433482864,경+중등도
0.049963232101220036,경+중등도
0.12566449762238166,경+중등도
0.26513975807262874,경+중등도
0.24419888360864928,중상
0.3105543385150209,경+중등도
0.17832892510976803,치명
0.39703521328877756,경+중등도
0.09279741324446567,경+중등도
0.09206954160541315,경+중등도
0.2333499087202978,경+중등도
0.2859597035268253,치명
0.1120695774891759,치명
0.085352764752379,경+중등도
0.10458285886501723,경+중등도
0.017480364438334815,경+중등도
0.190454794392075,경+중등도
0.14888976041987453,경+중등도
0.24642163471841516,경+중등도
0.08630733767754185,경+중등도
0.330886804851425,경+중등도
0.22746083985951915,경+중등도
0.03448683060624156,경+중등도
0.16350736543902197,경+중등도
0.11769605118486308,경+중등도
0.16512894379890958,경+중등도
0.15962274044238203,경+중등도
0.2970484073325182,경+중등도
0.290504878002468,경+중등도
0.08935784198565072,경+중등도
0.8405953606622091,경+중등도
0.20382738301820758,치명
0.4269768110273171,경+중등도
0.13073042807426138,경+중등도
0.1394239908540282,경+중등도
0.1363370005944717,경+중등도
0.07441847934036645,경+중등도
0.2470069364942373,경+중등도
0.016663139938113285,경+중등도
0.3627482939797124,경+중등도
0.10596886895792408,경+중등도
0.15987527327043502,경+중등도
0.16438255748207428,경+중등도
0.9353765778404594,치명
0.5570637019207598,경+중등도
0.08714074116648418,경+중등도
0.017235613509558222,중상
0.05891477509459614,경+중등도
0.379987605684663,경+중등도
0.2470182794834249,경+중등도
0.3398324727719339,경+중등도
0.05767048574173559,경+중등도
0.14964849594646998,경+중등도
0.4915293479745972,경+중등도
0.2703151448161499,경+중등도
0.2011027657878095,경+중등도
0.5419218306931938,경+중등도
0.06654422863764409,경+중등도
0.02126755633858228,경+중등도
0.2124272095567142,경+중등도
0.048202609619342585,경+중등도
0.05450574954734966,경+중등도
0.06636268964613008,경+중등도
0.0595010599243358,경+중등도
0.09997121308970004,경+중등도
0.22274323934698306,경+중등도
0.6609224466144247,치명
0.16258433282145388,경+중등도
0.3145498115851522,경+중등도
0.06330231205836802,경+중등도
0.06659342250001,경+중등도
0.1856582607508603,경+중등도
0.03517955409152356,경+중등도
0.10020835858651794,경+중등도
0.11443962491703945,경+중등도
0.39502650581206417,경+중등도
0.09318798786349174,경+중등도
0.598473181066531,경+중등도
0.18795752489799625,경+중등도
0.1609466010987953,경+중등도
0.06648678360039391,경+중등도
0.10883733080910792,경+중등도
0.07946795713590779,경+중등도
0.26278045752912543,경+중등도
0.7174526435658688,치명
0.36322077273197967,경+중등도
0.27545697055488083,경+중등도
0.35358642612192076,경+중등도
0.6860859608486637,중상
0.2463224091224255,경+중등도
0.6056201507355861,치명
0.4867657508021452,치명
0.2947582696035416,경+중등도
0.12927197953032318,경+중등도
0.18130432399445015,경+중등도
0.23196870704644068,경+중등도
0.06738873098448567,경+중등도
0.0947980593654356,경+중등도
0.20438119936522495,경+중등도
0.14943260241409617,경+중등도
0.2624001896891144,경+중등도
0.31848028371131326,경+중등도
0.09155609604434628,경+중등도
0.2580701641085908,경+중등도
0.12165278418291159,경+중등도
0.2537006560398334,경+중등도
0.4233358240168826,경+중등도
0.09603769061090657,경+중등도
0.5002826671259571,경+중등도
0.2946487003408018,경+중등도
0.039553298632212935,경+중등도
0.020664182578215423,경+중등도
0.11191012143938933,경+중등도
0.7148482927806451,경+중등도
0.21197624407614413,경+중등도
0.6238918152875476,경+중등도
0.1209221032299312,경+중등도
0.36799005194418727,경+중등도
0.043872999820662284,경+중등도
0.8816530818863358,치명
0.21979091903191464,경+중등도
0.37849652210176205,경+중등도
0.1523671081702382,경+중등도
0.1279959848167408,치명
0.7444997979915614,치명
0.3711668251310374,중상
0.11823622948204192,경+중등도
0.4079418013081773,경+중등도
0.008503793881637682,경+중등도
0.002826825647118225,중상
0.4727307260670533,경+중등도
0.06434676513757714,경+중등도
0.22636490466095424,경+중등도
0.46799536167681527,경+중등도
0.5165853809283848,경+중등도
0.2916175750396454,치명
0.13191047502951633,중상
0.21995443563074044,경+중등도
0.13792368433815524,경+중등도
0.12181643446125252,경+중등도
0.12091647358949652,경+중등도
0.12913799151450103,경+중등도
0.03978983320730158,경+중등도
0.1648693657506878,경+중등도
0.10132997405728113,경+중등도
0.7112220057594772,치명
0.08426737215294937,경+중등도
0.08804947333307651,경+중등도
0.10202128220795414,경+중등도
0.12028492062708919,경+중등도
0.5528913332295505,경+중등도
0.9373194680228562,치명
0.1655470960115878,경+중등도
0.43164874709599443,경+중등도
0.08595811906364363,경+중등도
0.2515091286640477,경+중등도
0.28673694022970103,경+중등도
0.1003791984499775,경+중등도
0.1867463523735431,경+중등도
0.3013903374522979,경+중등도
0.060070977775341004,경+중등도
0.2141961474998265,경+중등도
0.7461695571496367,치명
0.012709734743553462,경+중등도
0.2010153533162645,경+중등도
0.19356986189641665,경+중등도
0.025794066983193864,경+중등도
0.10204666043363379,경+중등도
0.27777012518152394,경+중등도
0.1685670720036119,치명
0.044097392849321466,경+중등도
0.3979033892045066,경+중등도
0.10382916352215872,경+중등도
0.05575422368941287,치명
0.7273612177713619,경+중등도
0.07728548222415739,경+중등도
0.2620345633234205,경+중등도
0.18635332395103213,경+중등도
0.3962246709419957,경+중등도
0.021960162025159834,경+중등도
0.3810852615059379,경+중등도
0.07478666824342219,경+중등도
0.34502868018334015,중상
0.1473946112767397,경+중등도
0.04570578919310614,치명
0.5125790427172713,경+중등도
0.025414259279014088,경+중등도
0.21445873986893868,경+중등도
0.21050591575439892,경+중등도
0.1873924465517486,경+중등도
0.400573331376999,경+중등도
0.5133728587131179,경+중등도
0.008709977471173932,경+중등도
0.03166665809254173,경+중등도
0.6600298796571492,경+중등도
0.0855636287199653,중상
0.08075297889144516,경+중등도
0.11158001704102831,경+중등도
0.06342380735806062,경+중등도
0.27496080184930727,경+중등도
0.3405568280273061,경+중등도
0.7922131120508679,경+중등도
0.12158755380131446,경+중등도
0.15847528524898072,경+중등도
0.23374013259769363,경+중등도
0.3409241734405009,경+중등도
0.2582792115947912,경+중등도
0.0656301606762214,경+중등도
0.5876990785714135,경+중등도
0.15847162210208507,경+중등도
0.00915391456855702,경+중등도
0.0738419552312633,경+중등도
0.0575961390018826,경+중등도
0.2006919703186044,경+중등도
0.3154431690927339,경+중등도
0.20823880419980711,경+중등도
0.4514557304144126,경+중등도
0.16533145954083336,경+중등도
0.1729253096714806,치명
0.25538477813199134,경+중등도
0.43199578837176666,경+중등도
0.005371283152253262,중상
0.2499627115850156,경+중등도
0.03317684237822969,경+중등도
0.2729557044602366,치명
0.15413287347041774,경+중등도
0.08951568099558799,경+중등도
0.022529874393158605,경+중등도
0.2371356369050026,중상
0.08486448338315788,경+중등도
0.07854094231511162,경+중등도
0.13246090169952607,경+중등도
0.6526288515037116,경+중등도
0.2046861049741988,치명
0.09084715843779184,경+중등도
0.09517374414670753,중상
0.025919551542810514,경+중등도
0.15748736506796515,경+중등도
0.1756350671444349,경+중등도
0.5125552640327807,경+중등도
0.46935713924069006,경+중등도
0.14786267369861592,경+중등도
0.3427052167249129,경+중등도
0.19532427624182017,경+중등도
0.24078955186982046,경+중등도
0.02978503679572535,경+중등도
0.120633027564484,경+중등도
0.44951708247961203,경+중등도
0.06907041313300834,경+중등도
0.04764769604281315,중상
0.17684478621219193,경+중등도
0.1989581048897342,경+중등도
0.09903802580033498,경+중등도
0.7299175281402999,경+중등도
0.06519899161289848,경+중등도
0.10376048657898412,경+중등도
0.06839181229848852,경+중등도
0.49436353390348914,경+중등도
0.09120082089015175,경+중등도
0.49757167608348035,경+중등도
0.23932151386115885,경+중등도
0.05277191961128832,경+중등도
0.24650191492110207,경+중등도
0.4749722778715055,경+중등도
0.24863603448178986,경+중등도
0.24654230588554152,경+중등도
0.17955440636331263,중상
0.10225615170315128,중상
0.14219268684965658,경+중등도
0.05631546849915703,경+중등도
0.06861745663443997,경+중등도
0.38763518860640794,경+중등도
0.1696977645472959,경+중등도
0.1456494559403981,경+중등도
0.4756050242077469,경+중등도
0.20989626181200896,경+중등도
0.12475169794625542,경+중등도
0.10117811072919518,경+중등도
0.20129280914965006,중상
0.38302824939753544,경+중등도
0.23189577091567828,경+중등도
0.2875472496827171,경+중등도
0.3250899580604654,경+중등도
0.037330501288456476,경+중등도
0.5375772283818754,치명
0.5772919883975715,경+중등도
0.07033517582369804,경+중등도
0.1364472318191883,중상
0.27214485669209737,경+중등도
0.109518551083251,경+중등도
0.07721485614879989,경+중등도
0.08855569375661841,경+중등도
0.3507541347664848,경+중등도
0.11649893893670293,경+중등도
0.21844003457269753,경+중등도
0.07710433542480978,중상
0.604235490922597,경+중등도
0.3687687506316273,경+중등도
0.36151241018983254,경+중등도
0.09551007253462407,경+중등도
0.6304247895764655,경+중등도
0.1229443843825923,경+중등도
0.11766562576290551,경+중등도
0.3437967404536579,경+중등도
0.17821839518017277,경+중등도
0.45451531093564596,경+중등도
0.1481447639808995,경+중등도
0.040690735543332086,경+중등도
0.26844865580049365,경+중등도
0.4435223880891312,경+중등도
0.09170455876894161,경+중등도
0.3704061591662353,경+중등도
0.21223432403660494,경+중등도
0.12818961853298416,경+중등도
0.36276875561419825,경+중등도
0.8113589862036014,경+중등도
0.5586186515949413,경+중등도
0.6737940507679431,경+중등도
0.28025478865794423,경+중등도
0.27206971998801865,치명
0.1795634982355073,중상
0.08444171786816175,경+중등도
0.16705281815978743,경+중등도
0.9107797361567466,경+중등도
0.10442848012746679,경+중등도
0.2993715795241803,경+중등도
0.5644864650754967,치명
0.06803086014356609,경+중등도
0.353348029387681,경+중등도
0.17022358333432375,경+중등도
0.14039699896164728,경+중등도
0.16665113304374182,경+중등도
0.076353966370078,경+중등도
0.19628683475029718,경+중등도
0.43704810459988663,경+중등도
0.08243720282083661,중상
0.0696412891370737,경+중등도
0.7028551601631682,경+중등도
0.05669692805679164,경+중등도
0.19127401843374467,경+중등도
0.14228425075268716,경+중등도
0.05288583327088856,경+중등도
0.5415824679139633,경+중등도
0.05369197843914139,경+중등도
0.2948595950809306,경+중등도
0.2625243744386582,경+중등도
0.0646132953991861,경+중등도
0.07400149801496515,경+중등도
0.12269261092806433,경+중등도
0.5132186148230646,경+중등도
0.06813656453903977,경+중등도
0.050844041842932376,경+중등도
0.3353368315680825,경+중등도
0.007724008880863952,경+중등도
0.0886465214544968,경+중등도
0.5995582483185168,경+중등도
0.14394768599902233,경+중등도
0.2228884888267989,경+중등도
0.3366992493187618,경+중등도
0.3799578767500508,치명
0.029704689808417627,경+중등도
0.23005018042131217,경+중등도
0.07462011488433294,경+중등도
0.5339886411078939,경+중등도
0.37623552312189923,경+중등도
0.5789160705326225,경+중등도
0.229104656093883,경+중등도
0.09602024152145976,경+중등도
0.4147844113273673,경+중등도
0.02051773468655081,경+중등도
0.13564865687388733,경+중등도
0.5022965376565492,경+중등도
0.585532869579534,치명
0.15102803279892066,경+중등도
0.4509271437216249,경+중등도
0.9389329433934765,치명
0.060980200440340436,경+중등도
0.1412475221014519,경+중등도
0.06901721626507747,경+중등도
0.10763610197552126,경+중등도
0.014068121806022285,경+중등도
0.18632721097672156,경+중등도
0.3015609047779151,경+중등도
0.014176526393743167,경+중등도
0.19242968945397507,경+중등도
0.8147476539256787,치명
0.18060745482401672,경+중등도
0.24085322621572014,경+중등도
0.3549326769741757,치명
0.07020170816784245,경+중등도
0.05618660132723673,경+중등도
0.027126170787642328,경+중등도
0.09502907918549651,경+중등도
0.708342542615254,경+중등도
0.330239801676494,경+중등도
0.1224887908912176,경+중등도
0.14952926669092603,경+중등도
0.048402446796138164,경+중등도
0.2959848684798697,경+중등도
0.20278748947327155,경+중등도
0.14028832521922208,경+중등도
0.2620414437079428,경+중등도
0.01435917597912409,중상
0.5427832932349517,경+중등도
0.13504540598568815,경+중등도
0.18096950725013158,경+중등도
0.5917399921752629,경+중등도
0.2866776296754629,경+중등도
0.3348789509020455,중상
0.6453073105153787,경+중등도
0.04986572470804466,경+중등도
0.1793159971703179,경+중등도
0.11938103089694528,경+중등도
0.18794081127775888,경+중등도
0.3182822071468191,경+중등도
0.020939319416182354,경+중등도
0.6528962295507804,경+중등도
0.02385803067016172,경+중등도
0.03581171434059396,경+중등도
0.5484296445735116,경+중등도
0.028969285853178695,경+중등도
0.13471322798543547,경+중등도
0.136061288795482,경+중등도
0.09678411167233682,경+중등도
0.10291332744897734,경+중등도
0.5832860201414795,경+중등도
0.39286721080099407,치명
0.1805772860652699,경+중등도
0.48575279319237835,경+중등도
0.09688101221424832,경+중등도
0.2688971230677389,경+중등도
0.04170038013782169,경+중등도
0.08455800996840561,경+중등도
0.6534623592982014,경+중등도
0.1641255548346113,경+중등도
0.2331762434532697,경+중등도
0.04825443776408054,경+중등도
0.06636107286307709,중상
0.29105366807688354,경+중등도
0.15322862481637992,경+중등도
0.15847974681730917,경+중등도
0.024214151640276117,경+중등도
0.03464059779751993,경+중등도
0.31226747828885376,중상
0.3499321835504133,중상
0.7421317591012405,경+중등도
0.22960721837867096,경+중등도
0.3264513468690696,경+중등도
0.04059418126498924,경+중등도
0.47884090409388813,경+중등도
0.10376935932489116,경+중등도
0.9571225500241333,치명
0.025247898308742803,중상
0.6905195725939812,경+중등도
0.13010363697282432,경+중등도
0.32385625002129464,경+중등도
0.16715814541843863,경+중등도
0.012039440461391692,중상
0.3670008350548597,경+중등도
0.46649542325409893,경+중등도
0.04925895474399831,중상
0.12326589486341984,경+중등도
0.06081596763736157,경+중등도
0.3458732443589058,경+중등도
0.018716112387740864,경+중등도
0.40221700811716565,경+중등도
0.06280983140224727,경+중등도
0.06967090633400619,경+중등도
0.4402478124818208,경+중등도
0.29729661076072794,경+중등도
0.04900242402091052,경+중등도
0.12518871634769332,경+중등도
0.10255362506356769,경+중등도
0.9582728410505306,치명
0.31457871694668965,경+중등도
0.07549713816827137,경+중등도
0.20027045333799898,경+중등도
0.679994031088385,경+중등도
0.11103663438143659,경+중등도
0.704550766274625,경+중등도
0.48947091085978595,치명
0.27778660607571626,경+중등도
0.10524342895932788,경+중등도
0.2205912605444795,치명
0.3345282492783091,경+중등도
0.4315794012054864,경+중등도
0.0025981410286003035,중상
0.046122548863538705,경+중등도
0.5461757177690311,경+중등도
0.16377724094264934,경+중등도
0.21046688116991133,경+중등도
0.10511566508000765,경+중등도
0.14151924692547704,경+중등도
0.20788754313772007,경+중등도
0.12616432448238102,경+중등도
0.14544547147738104,경+중등도
0.012576510747522465,경+중등도
0.06721236521172073,경+중등도
0.003174861271322269,경+중등도
0.09067746823697675,경+중등도
0.11419237101138985,경+중등도
0.048267172152271574,경+중등도
0.5459932803965378,경+중등도
0.0075042721084396585,경+중등도
0.16722149349353646,경+중등도
0.37251193639360464,중상
0.08007016642619808,치명
0.6074166099569106,경+중등도
0.06109823438328113,경+중등도
0.04192263215259991,경+중등도
0.03300146173366631,경+중등도
0.05052089339525678,경+중등도
0.08075508558957449,경+중등도
0.10574237581572891,경+중등도
0.2680445325393007,경+중등도
0.1663488931495588,경+중등도
0.297494962058318,경+중등도
0.127691872760981,중상
0.07676857204839514,경+중등도
0.2885602627712862,경+중등도
0.1105353033430646,경+중등도
0.1853707599723139,경+중등도
0.04974358859085439,중상
0.21856197094247132,경+중등도
0.26145514299242,경+중등도
0.08661192709337891,경+중등도
0.674591590530667,경+중등도
0.02453893687748407,경+중등도
0.09543712928319446,경+중등도
0.3176887430195625,치명
0.019169921866832435,경+중등도
0.07616521730265415,경+중등도
0.19028922262982725,경+중등도
0.13633834972552195,경+중등도
0.01851863437227609,경+중등도
0.5402046333099483,치명
0.07884217863710659,경+중등도
0.061804230863705734,경+중등도
0.14439723492738457,경+중등도
0.13237969303449923,경+중등도
0.1230654383650102,경+중등도
0.2254919405874919,경+중등도
0.12485303591617945,경+중등도
0.03740999266415585,경+중등도
0.3419436683140867,경+중등도
0.11199248054930054,경+중등도
0.10832979212773414,경+중등도
0.054742584729873735,치명
0.2469306260346121,경+중등도
0.13786601313658772,경+중등도
0.15549526970432634,경+중등도
0.018129407932191022,경+중등도
0.2601240321074855,중상
0.7253724478199363,경+중등도
0.09346302196307694,경+중등도
0.4955955954909817,경+중등도
0.16652590970011974,경+중등도
0.00863192299710471,중상
0.43714165260755594,경+중등도
0.13765299120950683,경+중등도
0.3686577947107978,경+중등도
0.39078587840724505,경+중등도
0.12322615506245671,경+중등도
0.14815038525106738,경+중등도
0.057278964156909105,경+중등도
0.03229706670839099,경+중등도
0.09519730595919933,중상
0.14466408809266781,경+중등도
0.06034847663834919,경+중등도
0.07046289287079584,경+중등도
0.3631510229506716,경+중등도
0.09078847261757257,경+중등도
0.010510035115704629,중상
0.03287097145328755,경+중등도
0.07049135453078209,중상
0.16848526302781286,중상
0.14144188408554725,경+중등도
0.08198112338470571,경+중등도
0.03950387693788853,경+중등도
0.016571688619157615,경+중등도
0.03576927288353146,경+중등도
0.05490663799693984,경+중등도
0.13693335423046202,경+중등도
0.20463064034416037,치명
0.16687464680911782,경+중등도
0.03975672400489922,경+중등도
0.40250619951785965,경+중등도
0.03320268665664333,경+중등도
0.05629150507579158,경+중등도
0.046262693074567464,중상
0.0267140352845251,경+중등도
0.5404653353110175,경+중등도
0.20823567614869187,경+중등도
0.3596089793311445,경+중등도
0.4924934252170736,치명
0.042571132192458915,경+중등도
0.13593341381992874,경+중등도
0.34087975571059254,경+중등도
0.09831686978645389,경+중등도
0.18529519035849237,경+중등도
0.09430609177005632,경+중등도
0.03523095407133231,경+중등도
0.2794101422293544,경+중등도
0.05575078681989032,경+중등도
0.11182437595169298,중상
0.09791531942576075,경+중등도
0.057811417976915525,경+중등도
0.04879977542008795,경+중등도
0.22307486549400535,경+중등도
0.2276568781064031,경+중등도
0.10837709041630728,경+중등도
0.17813391804895398,경+중등도
0.016985745874568147,중상
0.18508429500954662,경+중등도
0.0023446275659570483,경+중등도
0.07220575511750284,경+중등도
0.126070908902586,경+중등도
0.09741110947699601,경+중등도
0.0908173975125458,경+중등도
0.05006558216827297,경+중등도
0.13280322812470083,경+중등도
0.017523328888794515,경+중등도
0.28466651592784015,경+중등도
0.09403145387360212,경+중등도
0.49708023793840184,경+중등도
0.2534387512163085,경+중등도
0.25528823991315003,경+중등도
0.21962864336670132,경+중등도
0.10111190007481785,경+중등도
0.27116062909791716,경+중등도
0.29492564509975866,치명
0.0249720913108409,중상
0.7418782135482339,경+중등도
0.07588527850371381,경+중등도
0.06552853266702557,경+중등도
0.18864085723505833,치명
0.25876495187825643,경+중등도
0.11962234402527798,경+중등도
0.5201821647030114,경+중등도
0.0729009293376206,경+중등도
0.11333350791361951,경+중등도
0.006855094112294732,경+중등도
0.35948015388828286,경+중등도
0.07593199369403072,경+중등도
0.3941296414733693,경+중등도
0.11063979467087547,경+중등도
0.02496429691685523,경+중등도
0.09856268443603437,경+중등도
0.8099998712271596,치명
0.041142469951646936,경+중등도
0.23432224546354244,치명
0.12958463239469933,경+중등도
0.34459100189876907,경+중등도
0.2554958890109907,경+중등도
0.7178137364496867,경+중등도
0.26280532150304,경+중등도
0.08619241404490814,경+중등도
0.03674189602811364,경+중등도
0.18181411729843003,경+중등도
0.05910332441175919,경+중등도
0.3099290747708053,경+중등도
0.05149256110270075,경+중등도
0.18465423278819895,경+중등도
0.15229585834805334,경+중등도
0.23322722655471462,경+중등도
0.0508970063228148,경+중등도
0.07024910503877942,경+중등도
0.33430804488843147,경+중등도
0.12312485443049058,중상
0.3035790745057007,경+중등도
0.19121638573779398,경+중등도
0.21734974438596286,경+중등도
0.2593489960028921,경+중등도
0.02566122188524897,중상
0.7273430596245064,치명
0.3807884163919368,치명
0.3842036296191167,경+중등도
0.8428477158861912,치명
0.1282096394302077,경+중등도
0.20627862109259376,경+중등도
0.10507394649332023,경+중등도
0.49004901057827593,경+중등도
0.2001881331066865,경+중등도
0.13605152654563527,경+중등도
0.5255402171024294,중상
0.3420426050848235,경+중등도
0.10830372332678528,경+중등도
0.049028643577319175,경+중등도
0.1505314425266416,경+중등도
0.29154863178824003,경+중등도
0.18153480723024348,경+중등도
0.0020551282246056507,경+중등도
0.2140613420759693,경+중등도
0.434121959631544,경+중등도
0.2681145892235174,경+중등도
0.23091404729794354,경+중등도
0.4990061331384575,경+중등도
0.346584626817531,경+중등도
0.6179713110179704,경+중등도
0.015357620993876187,중상
0.31563557410501564,경+중등도
0.14053607924261316,경+중등도
0.5017043672477485,경+중등도
0.3780299488243035,중상
0.09647871266384349,경+중등도
0.0944587562314037,경+중등도
0.5920669222920713,경+중등도
0.30904580950206534,경+중등도
0.6288724698715763,경+중등도
0.12781763918463662,경+중등도
0.07383299002630918,경+중등도
0.2242960450933689,경+중등도
0.3201853389807264,경+중등도
0.13329699718439358,경+중등도
0.03337503659421662,경+중등도
0.20480805749569386,경+중등도
0.10549001811648258,경+중등도
0.1716164866650692,경+중등도
0.4135886726425662,경+중등도
0.10680061051085606,경+중등도
0.10213511138362218,경+중등도
0.13686194072176483,경+중등도
0.1947290901252354,경+중등도
0.17600093124887642,경+중등도
0.1522073287866432,경+중등도
0.16922413600493455,경+중등도
0.38167965497646295,경+중등도
0.0347084054791739,경+중등도
0.015561930699984294,경+중등도
0.0754463470638832,경+중등도
0.49286708652866174,경+중등도
0.1366401439783141,경+중등도
0.07348242211931912,경+중등도
0.1995049354908732,경+중등도
0.1308884793860311,경+중등도
0.1696645683199561,경+중등도
0.08629415818749582,경+중등도
0.0971946589229276,경+중등도
0.08225813368903594,경+중등도
0.07638059362002207,경+중등도
0.29397625868787797,경+중등도
0.15544850880875805,경+중등도
0.05409010794673478,경+중등도
0.09525814384938204,경+중등도
0.039393270832124294,경+중등도
0.1887240339021422,경+중등도
0.2610165247282359,경+중등도
0.19061657436617466,경+중등도
0.3561620913588177,경+중등도
0.1327352388104655,경+중등도
0.010461071837029197,중상
0.09515551195483718,경+중등도
0.09733659555206671,경+중등도
0.733820778306348,치명
0.3424815422950564,경+중등도
0.2704205688726416,경+중등도
0.12560495046079334,경+중등도
0.2772950996415967,경+중등도
0.33880768710539666,경+중등도
0.15314834729794594,경+중등도
0.017653586667584962,경+중등도
0.3347775790926128,경+중등도
0.1977379523190074,경+중등도
0.4632743542581344,경+중등도
0.24090611897462075,경+중등도
0.014791723702981636,중상
0.0031336565278814593,중상
0.060386125424632474,경+중등도
0.09703980014421755,경+중등도
0.2863649012203257,경+중등도
0.03732280116689594,경+중등도
0.07962315934587948,경+중등도
0.5662732278437487,경+중등도
0.2087692812985967,경+중등도
0.6519021059569384,치명
0.04943229079559442,경+중등도
0.15146868500981617,경+중등도
0.0025679888383849003,중상
0.1341796891618359,경+중등도
0.05813347046956993,경+중등도
0.8227693261191833,치명
0.05181054409255992,경+중등도
0.21143446546098962,경+중등도
0.06419008357274532,경+중등도
0.06616191245992037,경+중등도
0.24191736406326117,경+중등도
0.15795685891682207,경+중등도
0.10024948506384257,경+중등도
0.2794068694064327,경+중등도
0.10707883507026765,경+중등도
0.1100616257260052,경+중등도
0.3174209232158546,경+중등도
0.18019342737536892,치명
0.3336794418765669,경+중등도
0.08943831861434974,경+중등도
0.3614004172444405,경+중등도
0.4105796719581618,경+중등도
0.373459093117436,경+중등도
0.5888940843230682,치명
0.04914318947522358,경+중등도
0.016405601732939073,경+중등도
0.3208446937266101,경+중등도
0.03680184967729672,중상
0.05140627944696249,경+중등도
0.9039245471985019,중상
0.817435646267212,경+중등도
0.3275679519090381,경+중등도
0.13770624855711186,경+중등도
0.5818508660151559,경+중등도
0.005152842656335061,중상
0.33160472295684756,경+중등도
0.18769180937111307,경+중등도
0.0571272848546312,경+중등도
0.32140790408496434,경+중등도
0.1770337503527096,경+중등도
0.1816515823647773,경+중등도
0.549995570049674,치명
0.38429575641411245,경+중등도
0.8223575594762194,치명
0.2542516007384112,경+중등도
0.016413021349011528,중상
0.5424334124109733,경+중등도
0.08446889593292019,경+중등도
0.13663903014453835,경+중등도
0.1471843460626702,경+중등도
0.24047457450872067,경+중등도
0.058179840277370075,중상
0.10951309662152443,경+중등도
0.2157948383163216,경+중등도
0.10567366387296621,경+중등도
0.364555196558532,경+중등도
0.9288681362778032,경+중등도
0.0497242595064728,경+중등도
0.114764050732906,경+중등도
0.7948371544463239,경+중등도
0.2261559626165471,경+중등도
0.0652998025848259,경+중등도
0.0796702958923025,경+중등도
0.10805790177878295,경+중등도
0.3001809333340086,경+중등도
0.22320640177044626,경+중등도
0.7189906594209236,경+중등도
0.11302070537892749,경+중등도
0.34607922155599274,경+중등도
0.1651038276089228,경+중등도
0.06350697947260617,경+중등도
0.2163468123694016,경+중등도
0.5095509055801681,치명
0.04806523910653084,경+중등도
0.15761767392972925,경+중등도
0.029815198165449957,경+중등도
0.7077912872105729,경+중등도
0.17124186512159909,경+중등도
0.04036939374314532,경+중등도
0.5515065224278487,경+중등도
0.05731932655253658,경+중등도
0.21447150356201616,경+중등도
0.20677578797938603,경+중등도
0.0060453160264257524,중상
0.10506041924877262,경+중등도
0.6136739847956808,경+중등도
0.07015863166553547,중상
0.9367871598126305,치명
0.29171102273088395,치명
0.181192419160464,경+중등도
0.1329991788027588,경+중등도
0.2223847208731401,경+중등도
0.6579982012430862,경+중등도
0.12110856401786017,경+중등도
0.005942580097889706,경+중등도
0.7345790154082179,치명
0.015568482206382019,경+중등도
0.0808977350355547,중상
0.04154613910694006,경+중등도
0.02622631397070355,경+중등도
0.21624979647979445,경+중등도
0.014521629533189348,경+중등도
0.18823369459285968,경+중등도
0.042732067170165595,경+중등도
0.6497544318628332,경+중등도
0.19082397984440083,중상
0.645141865808158,경+중등도
0.27467676543864444,경+중등도
0.014525666135558774,경+중등도
0.43469983138496976,치명
0.17147577863465766,경+중등도
0.20435417374373355,경+중등도
0.8820652619171101,치명
0.2842316178676972,경+중등도
0.1411567665853569,경+중등도
0.0837074935955554,경+중등도
0.08154219844458589,경+중등도
0.1920583933672776,경+중등도
0.17774278062830015,경+중등도
0.37400041995341077,경+중등도
0.1380556049458509,경+중등도
0.1251659725850212,경+중등도
0.10322187718906999,경+중등도
0.0479088900071901,경+중등도
0.7060019931225442,경+중등도
0.60538032108422,경+중등도
0.22380796972986924,경+중등도
0.8699719409496725,경+중등도
0.3718509731333255,경+중등도
0.2633663951455713,경+중등도
0.5116867957725025,치명
0.03364111584301426,경+중등도
0.3538237334590905,경+중등도
0.29642604821189794,경+중등도
0.1188261573313351,경+중등도
0.0704835561867032,경+중등도
0.06195636194972307,경+중등도
0.3030214751292027,경+중등도
0.43390459606304743,치명
0.7149497420963377,치명
0.06202649698717533,경+중등도
0.29455206684313484,경+중등도
0.18258724523134998,경+중등도
0.27822210201566505,경+중등도
0.18991698208783217,경+중등도
0.23547356314492776,중상
0.3861371617238884,중상
0.16216628337299907,경+중등도
0.13546871913852118,경+중등도
0.149098477307244,경+중등도
0.04346430039268395,경+중등도
0.7018995002416962,경+중등도
0.08942048392604252,경+중등도
0.23116583686597733,경+중등도
0.26023342264899324,중상
0.04905246482974624,경+중등도
0.2660689750056141,경+중등도
0.2862468990076395,경+중등도
0.2556758331295836,경+중등도
0.00757998970359984,중상
0.15278740616409558,경+중등도
0.6009584067546964,경+중등도
0.26186225217022807,경+중등도
0.0799046206128461,경+중등도
0.10057362693418154,경+중등도
0.07529900608989276,경+중등도
0.18658787635753704,치명
0.23205730819207285,경+중등도
0.23767843034834427,경+중등도
0.1127995975803668,경+중등도
0.10662245719229639,경+중등도
0.006200107619590463,중상
0.1156778170869917,경+중등도
0.26539975951335576,경+중등도
0.19638684906824033,중상
0.8377333246977196,경+중등도
0.12564626240381463,경+중등도
0.18584828804701461,경+중등도
0.1003132775351127,경+중등도
0.3674729359989937,경+중등도
0.0051236641940285025,중상
0.10016922592377268,경+중등도
0.18601229139135758,경+중등도
0.7264738677401671,치명
0.09250240087834986,경+중등도
0.07957466588204391,경+중등도
0.1611124965474804,경+중등도
0.045317938734115375,경+중등도
0.016340758601258613,중상
0.04835225788348763,경+중등도
0.11280422952747775,경+중등도
0.05554288239437439,경+중등도
0.167528188025304,중상
0.5310697561883068,경+중등도
0.6379837065059111,치명
0.3986670391867182,경+중등도
0.07183769330900829,경+중등도
0.39997640985131944,경+중등도
0.22055409970634057,경+중등도
0.34222154595221155,경+중등도
0.2564155687166349,경+중등도
0.12983753414789526,경+중등도
0.11405028276408478,경+중등도
0.0046509122592145,중상
0.08355208086129483,경+중등도
0.5426822532926366,경+중등도
0.42285351010556843,경+중등도
0.004263462824847283,중상
0.35506073769088237,경+중등도
0.41858683599062535,경+중등도
0.13119037923680252,경+중등도
0.17736515635520833,경+중등도
0.006091719145654079,경+중등도
0.1259331687662143,중상
0.4346475102814607,경+중등도
0.21104925486973647,경+중등도
0.12046322736049131,경+중등도
0.15118875626139006,경+중등도
0.015938144112117778,중상
0.17989096776220614,경+중등도
0.16779998044527467,경+중등도
0.2714262839288719,경+중등도
0.11471882706389865,경+중등도
0.08064855261218523,경+중등도
0.15242358539363463,경+중등도
0.042133445877195363,경+중등도
0.2788267686987107,경+중등도
0.4360942854270398,경+중등도
0.27940618989460914,경+중등도
0.16662665997639403,경+중등도
0.2001831388541445,경+중등도
0.002391328431358942,중상
0.13307481140404245,경+중등도
0.10632550600061762,경+중등도
0.28997354729603586,경+중등도
0.11739803506660888,경+중등도
0.087384818291334,경+중등도
0.02967415286349852,경+중등도
0.0304717315085421,중상
0.20727039297389194,경+중등도
0.36045214395457226,경+중등도
0.1876559768150036,경+중등도
0.14145631981944443,경+중등도
0.24607307068642137,경+중등도
0.44107376990777664,경+중등도
0.2665547281809321,경+중등도
0.22684511317874456,경+중등도
0.5041899941347899,경+중등도
0.3992279498948514,경+중등도
0.21279871742325304,경+중등도
0.1462937657732599,경+중등도
0.534379462329988,경+중등도
0.04948214642505409,경+중등도
0.18360559471779356,경+중등도
0.14070543708790376,경+중등도
0.054347635451563216,경+중등도
0.10479889275869199,경+중등도
0.03900736448488516,치명
0.07281949329818665,중상
0.07159109105223886,경+중등도
0.4728387993839416,경+중등도
0.5115840782698675,경+중등도
0.18812990557023476,경+중등도
0.0036326118325015113,중상
0.0654496454350901,경+중등도
0.08806913348426519,경+중등도
0.09488790607156368,경+중등도
0.2690257707106389,경+중등도
0.16613131408749907,경+중등도
0.052679509999774526,경+중등도
0.20409174805258642,경+중등도
0.21115268247952193,경+중등도
0.704965669121246,경+중등도
0.4395353384726985,경+중등도
0.21897312244194025,경+중등도
0.05457505913498459,경+중등도
0.08264071333846615,경+중등도
0.11005462111429787,경+중등도
0.5951998532686433,경+중등도
0.09964775380153389,경+중등도
0.36753131225666746,경+중등도
0.12911975682979918,경+중등도
0.4699898465075461,경+중등도
0.18013048109195706,중상
0.4104531638133098,경+중등도
0.1738476507406029,경+중등도
0.3295388301379472,경+중등도
0.33671476539909845,경+중등도
0.031528738798512056,경+중등도
0.15176462457486303,경+중등도
0.1994045815503129,경+중등도
0.28714094426689063,경+중등도
0.003196074792696461,중상
0.06828209711239545,경+중등도
0.8837190186043231,경+중등도
0.09344770890518071,경+중등도
0.45673057798803846,경+중등도
0.07085002471670906,경+중등도
0.10899503810057191,경+중등도
0.5331173136897798,경+중등도
0.09543407611044058,경+중등도
0.2142368768913884,경+중등도
0.13737801647116538,중상
0.2946776258438453,경+중등도
0.6358957347121434,경+중등도
0.231806835141937,경+중등도
0.5108246808666649,경+중등도
0.23117551160946118,경+중등도
0.12725278543023197,경+중등도
0.211126517922075,경+중등도
0.2011725793586994,치명
0.09608841820451176,경+중등도
0.18838851185167962,경+중등도
0.28643523255689834,치명
0.010527249513080567,경+중등도
0.2328608982356246,경+중등도
0.21777229474073775,경+중등도
0.6078373921244583,경+중등도
0.19093734591835476,치명
0.2822916874177302,경+중등도
0.48800591679558475,경+중등도
0.27868718834000794,경+중등도
0.27856004922673455,경+중등도
0.367194488095647,경+중등도
0.25421853094463187,경+중등도
0.36255010790371367,경+중등도
0.15158723504669294,경+중등도
0.508532846185486,경+중등도
0.4473096640867531,경+중등도
0.40219988862914535,치명
0.14795048778791978,경+중등도
0.005720632105636792,경+중등도
0.25856336027042087,경+중등도
0.031017482562281536,경+중등도
0.36686239981114976,치명
0.12521180110137908,경+중등도
0.022380408049991817,경+중등도
0.11931855146273966,경+중등도
0.04208343111444657,경+중등도
0.08221687880202772,경+중등도
0.28972618598046807,경+중등도
0.03739262595158228,경+중등도
0.1795124026189577,경+중등도
0.28979173861947133,경+중등도
0.16410945291764628,경+중등도
0.027667431975491263,경+중등도
0.05721881059632097,경+중등도
0.016482320058824135,경+중등도
0.7623437565772232,치명
0.02577501622072652,경+중등도
0.08508996752895359,경+중등도
0.31586884143813726,경+중등도
0.29983903939848267,경+중등도
0.07784887689361376,경+중등도
0.4728141640797892,경+중등도
0.003853320896334367,경+중등도
0.5636937447956113,경+중등도
0.042889292110292666,경+중등도
0.21196067765639756,경+중등도
0.3245996712694229,경+중등도
0.6854017023177273,경+중등도
0.048730449729286196,경+중등도
0.09518011770107122,경+중등도
0.3389922468057671,경+중등도
0.23640359897693064,경+중등도
0.5775253021687469,경+중등도
0.6785881540010767,경+중등도
0.09963347266734957,경+중등도
0.2311365488995627,경+중등도
0.11722196435898803,경+중등도
0.1437213297615855,경+중등도
0.05142313124189956,경+중등도
0.45629273413621596,경+중등도
0.09254789659828183,경+중등도
0.05586458509490022,경+중등도
0.5439231777239244,경+중등도
0.4671619826314451,경+중등도
0.23340002792747758,경+중등도
0.024139523002398643,경+중등도
0.16450138213933002,경+중등도
0.13719630933288865,경+중등도
0.2180788245860419,경+중등도
0.5916687242473024,경+중등도
0.9343359620962763,치명
0.051091317638964295,경+중등도
0.4274226504868423,경+중등도
0.19838855574209516,중상
0.4170935239670656,경+중등도
0.3347544307513623,경+중등도
0.4187658875740949,경+중등도
0.06442360943018233,경+중등도
0.18351222098590547,경+중등도
0.2550044057502555,경+중등도
0.3135757584014766,경+중등도
0.06771475067607913,경+중등도
0.14422333850981475,경+중등도
0.017825362917088874,경+중등도
0.16893519372316998,치명
0.0036742310490812335,중상
0.008993695830515281,중상
0.06255627482536123,경+중등도
0.3240166190145987,경+중등도
0.20986459183428677,경+중등도
0.11801809749318153,경+중등도
0.04846435329865867,경+중등도
0.07128444616622122,경+중등도
0.23515200869377506,경+중등도
0.08528711399790033,경+중등도
0.0410979826731441,경+중등도
0.9482772668535321,치명
0.048200967308527354,경+중등도
0.0060822515381694356,중상
0.35345651773088677,경+중등도
0.040498812538820796,경+중등도
0.2758824335634819,경+중등도
0.01298576961328457,경+중등도
0.03375050527298176,중상
0.031165125005672884,경+중등도
0.023316954291094486,경+중등도
0.19782791358014204,경+중등도
0.024857867525808288,경+중등도
0.44596113153609834,경+중등도
0.004303202444298848,중상
0.13510333442559516,경+중등도
0.22755012412742973,경+중등도
0.07174523641625112,경+중등도
0.20297526121412715,경+중등도
0.24787464277447854,경+중등도
0.2940211199574168,경+중등도
0.4222680260150231,경+중등도
0.6454488310219938,경+중등도
0.211450487246969,경+중등도
0.41250325850967756,경+중등도
0.9586051885533404,치명
0.4961965461619358,경+중등도
0.030214051313349366,경+중등도
0.12013962790182507,경+중등도
0.22308880413527876,치명
0.5003829658467435,경+중등도
0.3005718097004431,경+중등도
0.722791893074081,경+중등도
0.12178934220500508,경+중등도
0.1429341033534123,경+중등도
0.04952572100289041,경+중등도
0.05910305944570732,경+중등도
0.082123015543125,경+중등도
0.6946013192541015,치명
0.31084630256226525,치명
0.17027698343050493,경+중등도
0.09568054329228481,경+중등도
0.23344824755463423,경+중등도
0.0916374085941626,치명
0.11179489765561908,경+중등도
0.09177835081422225,경+중등도
0.4216187159369551,경+중등도
0.20606322368733812,경+중등도
0.03432663260763843,경+중등도
0.12657818667680276,경+중등도
0.8512531163702649,치명
0.37553461774714075,경+중등도
0.3302763665948538,경+중등도
0.04990333349643746,경+중등도
0.8296748210677701,경+중등도
0.6838402584593433,경+중등도
0.32957683135949534,경+중등도
0.3041219542564236,경+중등도
0.1703966728119428,경+중등도
0.08375184543736712,경+중등도
0.37861371525607623,경+중등도
0.12611656250793937,경+중등도
0.15642647834807108,경+중등도
0.07638979376717032,경+중등도
0.03173520400280417,경+중등도
0.2278331750954027,경+중등도
0.0451162851115618,경+중등도
0.6206018502595146,경+중등도
0.2235582352257225,중상
0.14853060263881757,경+중등도
0.04872618392591351,치명
0.18429872784632598,중상
0.25700825216324097,경+중등도
0.25284621022022913,경+중등도
0.05464940359955369,경+중등도
0.10730756224872721,경+중등도
0.574239103766463,경+중등도
0.009653935706872662,경+중등도
0.10485946845013011,경+중등도
0.4857938115564992,경+중등도
0.1754010067240426,경+중등도
0.20973171010474037,경+중등도
0.14267976152718306,경+중등도
0.18833783983083188,치명
0.154260601945768,경+중등도
0.6696288731915735,경+중등도
0.051825725353714325,경+중등도
0.4266810238761592,치명
0.05317884217664339,경+중등도
0.264798995563779,경+중등도
0.01742541889152205,경+중등도
0.28476439187718644,경+중등도
0.4424365765352995,경+중등도
0.10490942764751217,경+중등도
0.1033430981662274,경+중등도
0.029968117192784485,경+중등도
0.6111493167408155,경+중등도
0.1823403673899009,경+중등도
0.07333204207428763,경+중등도
0.09279164309905445,경+중등도
0.04455166168791084,경+중등도
0.277469175321419,중상
0.5000000408461992,경+중등도
0.292447075460924,경+중등도
0.0634910659937953,경+중등도
0.035518621891525444,경+중등도
0.11964451026776933,경+중등도
0.2927621908426314,경+중등도
0.42866750754066557,경+중등도
0.011456575649644021,경+중등도
0.3070666748953877,경+중등도
0.17944742733069216,경+중등도
0.5230638289192905,경+중등도
0.23982238845824463,경+중등도
0.046505905175005864,경+중등도
0.06405317548520073,경+중등도
0.11988981467956387,경+중등도
0.09949135507050329,중상
0.12534724226171393,경+중등도
0.12412653383050103,경+중등도
0.1714607101445709,경+중등도
0.6547141807326917,치명
0.03757369548747439,경+중등도
0.31872795811081084,치명
0.13681470935198425,중상
0.012450056391539122,경+중등도
0.04930150545705427,경+중등도
0.10415067611470195,경+중등도
0.06966928493807324,경+중등도
0.06320700910398815,경+중등도
0.12399251161810652,경+중등도
0.13166543920644877,경+중등도
0.16280940730837268,중상
0.11709058817544189,경+중등도
0.27167438898824514,경+중등도
0.33835189702182483,경+중등도
0.4169451805756024,경+중등도
0.16952887013769993,경+중등도
0.49230604623399615,경+중등도
0.7521140585402373,경+중등도
0.5277181409259032,치명
0.6081301742073536,경+중등도
0.15532055784154222,경+중등도
0.09434339344107678,경+중등도
0.014124510005398579,경+중등도
0.07862157309498857,경+중등도
0.09584447512890108,경+중등도
0.11006482592411848,경+중등도
0.5626666762689833,경+중등도
0.4358900137523906,경+중등도
0.04776022438189914,경+중등도
0.10001104932794432,경+중등도
0.379985836258417,경+중등도
0.2958229956817697,중상
0.4875341730446648,치명
0.22204083943053243,중상
0.26706900682664564,경+중등도
0.10765175999506361,경+중등도
0.17986097327806952,경+중등도
0.14594064918058128,경+중등도
0.01077576272959554,경+중등도
0.17027751307153816,경+중등도
0.24603312907735617,경+중등도
0.2807097201207597,경+중등도
0.2321014489108011,경+중등도
0.036697462584730785,경+중등도
0.2290366756280955,경+중등도
0.5328034036042727,경+중등도
0.5272482126814211,경+중등도
0.4490328546610134,경+중등도
0.15986547788965913,경+중등도
0.04619239817609253,경+중등도
0.15065786696444183,경+중등도
0.4294785428320765,경+중등도
0.017148733371260428,경+중등도
0.04545554445979604,중상
0.5387913849615048,경+중등도
0.11443969029705298,경+중등도
0.046787978499154226,경+중등도
0.15842872999546906,경+중등도
0.12809923230783124,경+중등도
0.9192039193111773,치명
0.3993469882200215,경+중등도
0.5483079412463429,경+중등도
0.1825459302624518,경+중등도
0.030364006298642277,경+중등도
0.2838412847696922,경+중등도
0.1905397036499528,경+중등도
0.2414251656931542,경+중등도
0.05906443200338257,경+중등도
0.17326685937398242,경+중등도
0.15566343215371545,치명
0.4089586748212614,중상
0.04323189633772784,경+중등도
0.5407921396469451,치명
0.40679671304488263,중상
0.032606153429877105,경+중등도
0.04983597782373491,경+중등도
0.06838362338063482,경+중등도
0.13734783018261973,경+중등도
0.2762758333667859,경+중등도
0.1765305544244724,경+중등도
0.11426778486732155,경+중등도
0.07705150156340282,경+중등도
0.14323598499034007,경+중등도
0.4439036077520579,경+중등도
0.05479637527704145,경+중등도
0.11080305854989685,경+중등도
0.12815465530390469,경+중등도
0.809641261405602,치명
0.13975360211583956,경+중등도
0.31052593646179344,경+중등도
0.08340130402827382,중상
0.019620410016112002,경+중등도
0.5805677995565971,경+중등도
0.2722713203751799,경+중등도
0.10042308667560455,경+중등도
0.9346286843775643,치명
0.15786160492854176,경+중등도
0.6955222484289164,치명
0.34551030361682117,경+중등도
0.2519822900397515,경+중등도
0.21295342229031164,경+중등도
0.10247990800315782,경+중등도
0.1816787544640852,경+중등도
0.09462119231424675,경+중등도
0.006120236329261434,중상
0.016603177496792017,중상
0.6251613253768326,중상
0.7215519011307888,경+중등도
0.14704977899105007,경+중등도
0.1611965704605529,경+중등도
0.9343359620962763,치명
0.363611461139241,경+중등도
0.4165207102046693,경+중등도
0.3569876764238306,경+중등도
0.8548260807151484,경+중등도
0.16365881317577768,경+중등도
0.11369773924641906,경+중등도
0.026515347501028453,경+중등도
0.1822726438792394,중상
0.522807916301351,치명
0.021884960936687476,경+중등도
0.13449611921061067,중상
0.16045318189802474,경+중등도
0.1937613643367635,경+중등도
0.0035870527092701087,경+중등도
0.13564497932293992,경+중등도
0.1418954873996042,경+중등도
0.19601319127393443,경+중등도
0.3172793738246339,경+중등도
0.37707617187300935,경+중등도
0.675141371687153,경+중등도
0.24880735809052737,경+중등도
0.10059206507263681,경+중등도
0.2526309770178547,경+중등도
0.5772781931489402,경+중등도
0.02842516146269014,경+중등도
0.03404883777417073,경+중등도
0.34332363086789225,경+중등도
0.06611383857388496,경+중등도
0.044591191910018126,경+중등도
0.1215376981693546,치명
0.3473071104108603,경+중등도
0.08027217056885035,치명
0.13204973511055132,경+중등도
0.14742065674233654,치명
0.1901125061554961,경+중등도
0.2825214062711983,경+중등도
0.05655042319015043,중상
0.6340378105162481,경+중등도
0.09160145669084019,경+중등도
0.5671221680674265,경+중등도
0.07391672122022294,중상
0.8801909676266263,치명
0.04039797123839121,중상
0.38303983751846576,경+중등도
0.20243618826628026,경+중등도
0.1835394456251461,경+중등도
0.1450643029608531,경+중등도
0.11184206649831226,경+중등도
0.11343483866774395,경+중등도
0.42947067192489796,치명
0.501078181173542,경+중등도
0.047708235978183335,중상
0.2766062975601044,경+중등도
0.1764471038583615,경+중등도
0.20445614260665748,중상
0.026266451819883935,경+중등도
0.3931575451697447,경+중등도
0.6424042389034635,치명
0.44116154323508466,경+중등도
0.15807427224394002,경+중등도
0.08890694740608822,경+중등도
0.055490667079587365,경+중등도
0.05076462971500947,경+중등도
0.006968642891468579,중상
0.21307197821965426,중상
0.4559633015648912,경+중등도
0.4076333109246267,경+중등도
0.13010782072373095,경+중등도
0.2103931801297462,중상
0.368438829697143,경+중등도
0.1998717854518092,경+중등도
0.05324035534113755,경+중등도
0.07878406236285083,경+중등도
0.6735180126140957,경+중등도
0.36609743802777217,경+중등도
0.026360774375424608,경+중등도
0.07213035675488412,경+중등도
0.17715219770618137,경+중등도
0.2563328550295494,경+중등도
0.22810536487526864,치명
0.1677597444937848,경+중등도
0.008589922922183435,중상
0.25567275520494603,경+중등도
0.1905931401736609,경+중등도
0.20628327337404442,경+중등도
0.19917441020231932,경+중등도
0.1250804150729576,치명
0.24279234741629221,경+중등도
0.25330118505999316,경+중등도
0.16280904556471784,경+중등도
0.14818742255185244,경+중등도
0.303988760592592,경+중등도
0.16858384442386398,경+중등도
0.06957689215516279,경+중등도
0.03085651401020974,경+중등도
0.009902643682742759,중상
0.34887302044018936,경+중등도
0.010034031010549596,경+중등도
0.11208946124427316,경+중등도
0.10402465333926599,경+중등도
0.12439523759394315,경+중등도
0.04768818402302081,경+중등도
0.5304140192888611,치명
0.1660619904364309,경+중등도
0.0057233761805473285,중상
0.24923454900418762,경+중등도
0.09114974854075338,경+중등도
0.15850412223871035,경+중등도
0.2739408678380017,경+중등도
0.31815009292203855,경+중등도
0.23206548123253523,경+중등도
0.5426193172621964,경+중등도
0.3247876402077278,경+중등도
0.23396340385177808,경+중등도
0.1251834066277048,경+중등도
0.38688009120901895,경+중등도
0.08286994391043563,경+중등도
0.06892881176446362,경+중등도
0.06501796785961371,경+중등도
0.004666570861756019,중상
0.18618594878604974,경+중등도
0.11804630931616115,경+중등도
0.08860265676715456,경+중등도
0.0639091712293493,경+중등도
0.3454208249659001,경+중등도
0.6685933491851416,경+중등도
0.2788675468060448,치명
0.0888694482593178,경+중등도
0.4608623076690492,경+중등도
0.21263063687608907,경+중등도
0.03618519558977793,경+중등도
0.5384563432941784,경+중등도
0.4748012676760025,경+중등도
0.1069401857192357,경+중등도
0.20045697129351828,경+중등도
0.09133425236146048,경+중등도
0.16144770864871805,경+중등도
0.10889995863998266,치명
0.10274309698178459,경+중등도
0.2954420126009963,치명
0.7606462977192202,경+중등도
0.11080304876652391,경+중등도
0.1972062536600195,경+중등도
0.15004999200687175,중상
0.37593419142009754,경+중등도
0.0330728324675178,경+중등도
0.30842185093614133,경+중등도
0.43058056612041834,경+중등도
0.24854507093643533,경+중등도
0.09332229305195226,경+중등도
0.2424104908912239,경+중등도
0.022233997248582448,경+중등도
0.09260975820497279,경+중등도
0.3015995747633674,치명
0.15008666884819785,경+중등도
0.26146090614282325,경+중등도
0.06934871716052936,경+중등도
0.20056594613184855,경+중등도
0.1922856652080165,경+중등도
0.008500627538297592,경+중등도
0.18335004086790566,경+중등도
0.17417539934771353,경+중등도
0.2255179675222466,경+중등도
0.22863495490425179,경+중등도
0.040947910581907034,경+중등도
0.19884583020234894,경+중등도
0.1608208745008567,경+중등도
0.10565719442714976,경+중등도
0.04749250189775728,경+중등도
0.1316219583915916,경+중등도
0.06691566085760885,경+중등도
0.03614850483747999,경+중등도
0.27316526001892233,경+중등도
0.26717736310403123,경+중등도
0.022107217402228943,경+중등도
0.13012634917697086,경+중등도
0.018129386544427428,경+중등도
0.4092646318763573,중상
0.191696161931682,경+중등도
0.03887027764831221,경+중등도
0.17891185024367795,경+중등도
0.2644061463305123,중상
0.35401633320229936,경+중등도
0.09754388411449959,경+중등도
0.09502286757676733,경+중등도
0.24959069176408802,경+중등도
0.3381064193355397,경+중등도
0.03450177829198258,경+중등도
0.06993176604083932,경+중등도
0.1935610338918292,경+중등도
0.053424990918002735,경+중등도
0.4593087846802484,경+중등도
0.39665269838461503,중상
0.007180050433839031,중상
0.1389196477951967,경+중등도
0.08318372910473167,경+중등도
0.3545223936134351,경+중등도
0.5066912258111036,경+중등도
0.3367015077074711,중상
0.0060934379221732815,경+중등도
0.23153387900829092,경+중등도
0.64578798003345,경+중등도
0.2542924790570975,경+중등도
0.6164275667824901,치명
0.04795074857745225,경+중등도
0.06434743435080084,중상
0.2745832634457386,중상
0.12979182841476392,경+중등도
0.22185185414414033,경+중등도
0.2947628684142,경+중등도
0.14398154283631212,경+중등도
0.07608558352136911,경+중등도
0.6507288607196816,경+중등도
0.552543271937398,경+중등도
0.049215642828475986,경+중등도
0.5775571457973255,경+중등도
0.8691942543033632,치명
0.018666790534659864,경+중등도
0.3165150050920671,치명
0.5190142768182252,경+중등도
0.14487691158412921,경+중등도
0.5583041713608488,경+중등도
0.3374760905223682,경+중등도
0.08486442675836041,경+중등도
0.6506643009879781,경+중등도
0.01581350992889422,경+중등도
0.5107005571401788,경+중등도
0.016542426445932668,경+중등도
0.01713586427489748,경+중등도
0.20375740439955878,경+중등도
0.1758428466223434,경+중등도
0.08281829170965595,경+중등도
0.0651803097605907,경+중등도
0.035261600084887074,경+중등도
0.09382018893455508,경+중등도
0.026791663860863308,경+중등도
0.15769029655226655,경+중등도
0.1321193863759387,경+중등도
0.21301473155287506,경+중등도
0.07853919105963075,경+중등도
0.13770116832931367,중상
0.028829950509944496,경+중등도
0.1089525339456434,경+중등도
0.12064305080442961,경+중등도
0.10790775287562389,중상
0.3654570604127391,경+중등도
0.006774472372099035,경+중등도
0.2018429580074729,경+중등도
0.3939351863265319,경+중등도
0.8895498640599504,경+중등도
0.4965828638741749,경+중등도
0.10617144861394572,경+중등도
0.18330068261241161,경+중등도
0.6284028415475021,경+중등도
0.09837163036565266,경+중등도
0.10728176951936702,경+중등도
0.18539603699168508,경+중등도
0.0022489832228644586,경+중등도
0.5505224926775625,경+중등도
0.04751861228633917,경+중등도
0.45398103049626753,경+중등도
0.11526718071173163,경+중등도
0.03823176974624531,경+중등도
0.0507871618629544,경+중등도
0.21812657926302625,경+중등도
0.6118944661584357,경+중등도
0.146763188253207,경+중등도
0.06743066918285588,경+중등도
0.5134076101439398,경+중등도
0.3868743248002083,중상
0.0706584394007365,경+중등도
0.615301412654437,경+중등도
0.23743341845354315,경+중등도
0.33727010152594405,경+중등도
0.08382699651369409,경+중등도
0.05165290714000476,경+중등도
0.5625103616796983,치명
0.1612683639118856,경+중등도
0.1972887158101199,경+중등도
0.15115703315581833,경+중등도
0.4406547913569739,경+중등도
0.03992182650652778,경+중등도
0.6185704489801437,경+중등도
0.09583839128506305,경+중등도
0.0883355450253261,경+중등도
0.033819729457661325,경+중등도
0.14818153125057618,중상
0.1838886085822555,경+중등도
0.12501351646434913,경+중등도
0.24342126346643997,경+중등도
0.6098104822074567,경+중등도
0.43371728706200247,치명
0.1530338352827502,경+중등도
0.08341316506381051,경+중등도
0.05079162034021106,경+중등도
0.011058286096945681,중상
0.18934930790960922,경+중등도
0.08331215646867522,경+중등도
0.15596186785313648,경+중등도
0.4448258180470386,경+중등도
0.11063572506486614,경+중등도
0.12424287707378545,경+중등도
0.8306887307657753,경+중등도
0.4212942938553292,경+중등도
0.4738279601876603,중상
0.8362397731096558,경+중등도
0.047653014708024605,경+중등도
0.10221545876131356,경+중등도
0.1027535365754737,치명
0.5632429710633186,경+중등도
0.001925527863879965,중상
0.291621939372132,중상
0.0859302420511824,경+중등도
0.1497648455795886,경+중등도
0.05668724326287828,중상
0.038848917154217864,경+중등도
0.18918197235141285,경+중등도
0.5315479439063084,경+중등도
0.026483025708571046,중상
0.29720949067615937,경+중등도
0.004056820325697371,중상
0.09074689789627755,경+중등도
0.6825178226754395,경+중등도
0.08298664229589515,경+중등도
0.11109254127639857,경+중등도
0.11598207260815523,경+중등도
0.6305704113192009,경+중등도
0.18841653830368596,경+중등도
0.08693110703548852,경+중등도
0.4912089298093154,경+중등도
0.3326058543550105,경+중등도
0.022754576459314942,경+중등도
0.07453205696229183,중상
0.19552852707793597,경+중등도
0.3252669094396759,경+중등도
0.22444237538817133,경+중등도
0.04452877260112775,경+중등도
0.15857310240562555,경+중등도
0.06021729213060059,경+중등도
0.0030675709041059125,중상
0.2083315292899882,경+중등도
0.2852368674686058,경+중등도
0.3279757864975181,경+중등도
0.6346756232647813,경+중등도
0.516432070980997,경+중등도
0.08466612932146526,경+중등도
0.3602969069172341,경+중등도
0.16406337285314285,경+중등도
0.09672490326577156,경+중등도
0.18938963862495437,경+중등도
0.07073462459127969,경+중등도
0.20869089091288448,경+중등도
0.09717975217480912,경+중등도
0.11659094939824295,경+중등도
0.03074856726389179,경+중등도
0.33620188665428924,경+중등도
0.11187112094839678,경+중등도
0.13942024528993446,경+중등도
0.4298567891927008,경+중등도
0.07785478975808675,경+중등도
0.2924148392203782,중상
0.11081740350929503,경+중등도
0.33116016560383055,중상
0.4654277610209577,경+중등도
0.6974990211688604,치명
0.13517280586386393,경+중등도
0.9165289894511148,경+중등도
0.055815269333540855,경+중등도
0.09263816688451158,경+중등도
0.04934660427886372,경+중등도
0.05821889488203624,경+중등도
0.14034705336086928,경+중등도
0.3612436356690771,경+중등도
0.42257171804914245,경+중등도
0.25224437707484826,경+중등도
0.1470029557864046,경+중등도
0.03516505410369804,경+중등도
0.08766168596792086,경+중등도
0.45534708400067386,경+중등도
0.2117306709659068,경+중등도
0.18139915630735937,경+중등도
0.252251882575874,경+중등도
0.34203393525017806,경+중등도
0.11188448175863362,경+중등도
0.12366187113477449,경+중등도
0.15403623340831188,경+중등도
0.02141931231128591,중상
0.0722328185045814,경+중등도
0.43175919683274167,중상
0.516727843265337,경+중등도
0.005031241751000505,경+중등도
0.21872612619087173,경+중등도
0.10181188942290713,경+중등도
0.05804761126279201,경+중등도
0.11775469303412266,경+중등도
0.4575723009305867,경+중등도
0.05257231299448292,경+중등도
0.1336182544790995,경+중등도
0.1628128592671577,경+중등도
0.25585530395812195,경+중등도
0.18505823776081068,경+중등도
0.1845314384611146,경+중등도
0.09720712300270161,경+중등도
0.4848509931591117,치명
0.23762931068153356,경+중등도
0.12925925095411728,경+중등도
0.05718648144525964,경+중등도
0.11504707838411514,경+중등도
0.20254387208758087,경+중등도
0.24914686524607035,치명
0.06350455425739908,경+중등도
0.7016439200351999,경+중등도
0.5348638565784388,경+중등도
0.0357145791110528,경+중등도
0.0670736408509201,경+중등도
0.3187119758784427,경+중등도
0.1458693650681009,경+중등도
0.09473840477574862,경+중등도
0.04383425875544411,경+중등도
0.6811419295351007,치명
0.03818981919110108,경+중등도
0.080759562326091,경+중등도
0.12937987194288184,경+중등도
0.28795856780247353,경+중등도
0.1197662466762524,경+중등도
0.10725489715228871,경+중등도
0.28593187004578763,경+중등도
0.21463139765811226,치명
0.2725734267459316,경+중등도
0.10481570454517088,경+중등도
0.3171530773705839,경+중등도
0.3794345308912231,경+중등도
0.1473167646579744,경+중등도
0.18823528829877464,경+중등도
0.055487197294410796,경+중등도
0.4493781200821509,경+중등도
0.11073567789234483,경+중등도
0.05081276618372854,경+중등도
0.048132594149922714,경+중등도
0.008446040487430913,중상
0.2634743539197396,경+중등도
0.3682040947103342,경+중등도
0.6532295651499735,경+중등도
0.8224287274490397,치명
0.4357496419563483,경+중등도
0.12385345827430738,경+중등도
0.07830462941013398,중상
0.08813446703989858,경+중등도
0.21046564455867842,경+중등도
0.4915893415205684,중상
0.5864290075698513,경+중등도
0.03414699514999348,경+중등도
0.34491922760016935,경+중등도
0.13766252668998055,경+중등도
0.014329371992695102,경+중등도
0.23610410577228166,경+중등도
0.06401202514562548,경+중등도
0.047627981548115296,치명
0.08594580171843107,경+중등도
0.029672841598621186,경+중등도
0.2158876910428248,경+중등도
0.2590800838744198,치명
0.060792368703880585,경+중등도
0.6771622226710904,경+중등도
0.111901850863503,경+중등도
0.332084383718062,경+중등도
0.00887955125312685,경+중등도
0.27275783834949,경+중등도
0.18204168928948009,경+중등도
0.11553231876990545,경+중등도
0.21535024583416315,경+중등도
0.0802733948331318,경+중등도
0.6033516992372965,경+중등도
0.5313354725895189,경+중등도
0.0590505350213234,경+중등도
0.030949558490069407,경+중등도
0.10145323419595924,경+중등도
0.3034942545361861,경+중등도
0.23081986071537197,경+중등도
0.18027994701194192,경+중등도
0.04899773472368121,경+중등도
0.5952840977325827,경+중등도
0.5041306342515212,경+중등도
0.15318771862428027,중상
0.09275314279426738,경+중등도
0.11722430890255449,경+중등도
0.3534598482624425,경+중등도
0.312827069702372,경+중등도
0.5811298734752725,경+중등도
0.06473871438826852,경+중등도
0.03742680571299007,경+중등도
0.07999938561266987,경+중등도
0.11637978056838509,경+중등도
0.03453932580283043,경+중등도
0.11796341751583846,경+중등도
0.08381772576549694,경+중등도
0.46421531327878734,경+중등도
0.044258862130235076,경+중등도
0.6369590759544672,경+중등도
0.08328141647864838,경+중등도
0.5074908366063862,경+중등도
0.10700335395594739,경+중등도
0.11336264923852739,경+중등도
0.16690201221206533,경+중등도
0.2894368877055081,경+중등도
0.0962725057382182,중상
0.031106330340392025,중상
0.0744478130442527,경+중등도
0.027192455007709754,경+중등도
0.6279114059713301,경+중등도
0.1972470682379005,경+중등도
0.19008779319250646,경+중등도
0.15782269031095345,중상
0.16327285960568264,경+중등도
0.24167054528411688,경+중등도
0.12624009801633743,경+중등도
0.029592878071972816,경+중등도
0.7524103774328341,경+중등도
0.6041496133885421,경+중등도
0.3493260444055521,경+중등도
0.034764261906716186,경+중등도
0.09681826965815482,경+중등도
0.06824811852350242,경+중등도
0.16352047341658238,경+중등도
0.3222393278780185,경+중등도
0.11853064922260455,경+중등도
0.0975828842859034,경+중등도
0.34315576594695035,경+중등도
0.13998620220088412,경+중등도
0.1667212563609429,경+중등도
0.8557139072339327,경+중등도
0.07737372398925173,경+중등도
0.31360139569049883,경+중등도
0.23170423268083704,경+중등도
0.35643686743532527,치명
0.04315473063778824,경+중등도
0.058035974430271066,경+중등도
0.10118607940328612,경+중등도
0.07814355755379164,중상
0.823802424844721,경+중등도
0.016198520012235765,경+중등도
0.02757429673121524,경+중등도
0.054071882594000864,경+중등도
0.1390009904268797,경+중등도
0.5554781818339605,경+중등도
0.934793134827662,치명
0.4043962118883464,경+중등도
0.20681562790623972,경+중등도
0.012643277150872795,중상
0.4285760202273147,경+중등도
0.29962777191269685,경+중등도
0.6386238295000476,치명
0.059760581012152654,중상
0.03401053041205281,경+중등도
0.22330299429484946,경+중등도
0.20333522550994332,경+중등도
0.39242758150912027,경+중등도
0.06938552671482594,경+중등도
0.23208809886551282,치명
0.20319121053283015,경+중등도
0.3052303616472734,중상
0.0686070661922012,경+중등도
0.022199839030244018,중상
0.5446505664816408,경+중등도
0.22038818319758838,경+중등도
0.21418961257104777,경+중등도
0.49743616824499587,경+중등도
0.2527943022298167,경+중등도
0.1226034898300864,경+중등도
0.1336071321252751,경+중등도
0.26214936701431163,경+중등도
0.33347493025533526,경+중등도
0.12474219301928306,중상
0.17373069277852823,경+중등도
0.04698448126740291,경+중등도
0.4646599846272282,경+중등도
0.1776245810272126,경+중등도
0.43521274862226117,경+중등도
0.15167200539856707,경+중등도
0.21764849962276137,경+중등도
0.04811418198840273,경+중등도
0.2993872334509239,경+중등도
0.35541510749558497,경+중등도
0.6687469537415226,경+중등도
0.4683823313610673,경+중등도
0.061932108593900186,경+중등도
0.11052587201303282,중상
0.04848412583191114,경+중등도
0.11371654207530817,경+중등도
0.07219501806331942,경+중등도
0.014043886640152511,경+중등도
0.1741174695757128,경+중등도
0.603880664820705,중상
0.26753069726000184,경+중등도
0.01059456621874638,경+중등도
0.21633228434248694,치명
0.5496799107926876,경+중등도
0.11386799576076011,경+중등도
0.10151484916123736,경+중등도
0.07086797088231972,중상
0.05991162945554324,경+중등도
0.0018937219416012997,경+중등도
0.6861682475325172,경+중등도
0.07709840890199514,경+중등도
0.06181971932876104,경+중등도
0.1119115864552374,경+중등도
0.10290436682775166,경+중등도
0.04991156921574406,경+중등도
0.19754692817996544,중상
0.24806094583756502,경+중등도
0.2642364599566089,중상
0.1382281995636511,경+중등도
0.0964877765417192,경+중등도
0.3819648095266248,경+중등도
0.5102234117651139,경+중등도
0.16937000917616218,경+중등도
0.6153624855552944,경+중등도
0.3343544812711561,경+중등도
0.3346209650444481,경+중등도
0.044311920165234414,경+중등도
0.2429924710403828,경+중등도
0.37034428787154466,경+중등도
0.06965591008289258,경+중등도
0.1559414651788716,경+중등도
0.8921188754735074,경+중등도
0.08493647974701131,경+중등도
0.0051176570493797315,경+중등도
0.86217038783442,치명
0.28753223889711477,경+중등도
0.8722568657381764,치명
0.203492206379825,경+중등도
0.009623336714607337,경+중등도
0.15078370947327505,경+중등도
0.3964787538673409,경+중등도
0.441273841532882,치명
0.29999390342989557,경+중등도
0.5793253733361196,경+중등도
0.3455676677014042,경+중등도
0.7413122090922007,치명
0.29581729355453995,경+중등도
0.24135045042120698,경+중등도
0.11519932081850033,경+중등도
0.21909260846979817,경+중등도
0.39368335199762766,경+중등도
0.028828459870601012,경+중등도
0.04850600537127716,경+중등도
0.13590856085163364,경+중등도
0.728310750166866,경+중등도
0.0520583457514581,경+중등도
0.14460297252725138,경+중등도
0.15082625107682793,경+중등도
0.09024385429907715,경+중등도
0.19087250165478298,경+중등도
0.5611348200423226,경+중등도
0.2207774316927628,경+중등도
0.34330062833835484,경+중등도
0.6730494068861849,치명
0.5814758482901624,경+중등도
0.14916845863290074,경+중등도
0.6168741713748239,경+중등도
0.08706223292858502,경+중등도
0.23469627651463812,경+중등도
0.14076694297450218,경+중등도
0.046714152537403374,경+중등도
0.5990166727141246,치명
0.09491481024129,경+중등도
0.056601383111304505,경+중등도
0.10154563463958437,경+중등도
0.13294187676952368,경+중등도
0.09384426745679147,경+중등도
0.20178430953342794,경+중등도
0.037013355236943164,경+중등도
0.18242997101517108,경+중등도
0.11205104893068175,경+중등도
0.005633652853249039,경+중등도
0.170326981721957,경+중등도
0.04752548947866802,경+중등도
0.22558993519250214,경+중등도
0.08814128370715918,경+중등도
0.05208192325154121,경+중등도
0.004278152186446634,중상
0.062249627926131375,경+중등도
0.02616836089000435,중상
0.17309570392928367,중상
0.15014590065238542,경+중등도
0.34353822600834144,치명
0.10806183515424979,경+중등도
0.09033536141618954,경+중등도
0.5236058595093405,경+중등도
0.13653341699246827,경+중등도
0.2284635033887392,경+중등도
0.5511241975898752,경+중등도
0.11758552569111506,경+중등도
0.033333524913997145,경+중등도
0.431098884890784,경+중등도
0.06917699250839658,경+중등도
0.6317428894783778,경+중등도
0.08630497595673887,경+중등도
0.6073986575252283,경+중등도
0.5664782695817064,경+중등도
0.27594765482462996,경+중등도
0.4540688349824838,경+중등도
0.0713112401316084,경+중등도
0.004060764128290278,경+중등도
0.22412882986715474,경+중등도
0.6412338322325043,경+중등도
0.23046494308415413,경+중등도
0.28089503424231166,경+중등도
0.27475381257726805,경+중등도
0.5881044251498343,경+중등도
0.04805332747705975,경+중등도
0.5562586047269337,경+중등도
0.12373328284776064,경+중등도
0.09099206330469689,경+중등도
0.6478377148344051,경+중등도
0.6371613837419429,경+중등도
0.11290959795096174,경+중등도
0.14820677356880388,경+중등도
0.15276215615348554,경+중등도
0.0779263238022085,경+중등도
0.37002814005896495,경+중등도
0.5744629242006721,치명
0.21647176007017058,경+중등도
0.06361077354944827,경+중등도
0.17862296392865207,경+중등도
0.048885187237970605,경+중등도
0.7454345302196989,경+중등도
0.06370668377334467,경+중등도
0.29190316356957274,경+중등도
0.6170960236620391,경+중등도
0.009172050750928855,경+중등도
0.06066462247632215,경+중등도
0.21719441380577373,경+중등도
0.3216737321430263,경+중등도
0.2752014258646675,경+중등도
0.453356276888848,경+중등도
0.14901296642292347,경+중등도
0.19326785787081846,경+중등도
0.11285715724157701,경+중등도
0.3606132971120451,경+중등도
0.26208958559278156,경+중등도
0.09198352328555104,중상
0.3864194972533075,경+중등도
0.2760737619594322,경+중등도
0.05048372162965863,경+중등도
0.13919271263950714,경+중등도
0.14120653065585223,경+중등도
0.3281451845759068,경+중등도
0.13769777243053552,경+중등도
0.8563991933203301,경+중등도
0.3148918465471526,경+중등도
0.2973937271106197,경+중등도
0.11940470989125351,경+중등도
0.069490631983734,경+중등도
0.21313023387777963,경+중등도
0.8367762754246177,경+중등도
0.19604705726519342,경+중등도
0.2524573892252792,경+중등도
0.01934119464378992,경+중등도
0.1758875052085942,경+중등도
0.057777175754235,경+중등도
0.14391510512305608,경+중등도
0.20621703324880106,중상
0.07731383115828355,경+중등도
0.8005134409005934,경+중등도
0.03139597194186953,경+중등도
0.09579690283728765,경+중등도
0.45310422494356817,경+중등도
0.14157169213514595,경+중등도
0.7199215357855536,경+중등도
0.17333551316251328,경+중등도
0.5110056574247918,경+중등도
0.09128530708627976,경+중등도
0.5535122678982051,경+중등도
0.08847140129289043,경+중등도
0.14927337160675258,치명
0.23199666089321724,경+중등도
0.5459985660723423,경+중등도
0.08679351635601446,경+중등도
0.44549699624968825,경+중등도
0.45386983300396394,경+중등도
0.13465680221646228,경+중등도
0.7203620724752415,경+중등도
0.09375316299471138,경+중등도
0.02082870979570679,경+중등도
0.06290868737080034,경+중등도
0.41462401552332834,경+중등도
0.012560965055526917,경+중등도
0.1429594181088082,경+중등도
0.13844154382470894,경+중등도
0.02282807257643371,경+중등도
0.0766420939378038,경+중등도
0.07213015445853842,경+중등도
0.4405161620131761,경+중등도
0.054345135158847625,경+중등도
0.6335467781518296,치명
0.45711588955832255,경+중등도
0.7541448492606593,경+중등도
0.4667091136023824,경+중등도
0.1581624384681545,경+중등도
0.26142009091707913,경+중등도
0.10085117124862457,경+중등도
0.5366379145625757,경+중등도
0.28665974237314,경+중등도
0.4907383772139462,치명
0.3379309231067247,경+중등도
0.07569368586627774,경+중등도
0.3341524288323004,경+중등도
0.03661096042264939,경+중등도
0.1162606640276428,경+중등도
0.15232184785634945,경+중등도
0.1166658705439419,경+중등도
0.07544511521161999,경+중등도
0.35358184353615435,경+중등도
0.633810409950893,치명
0.7928498899414654,중상
0.31548065026575856,경+중등도
0.277084338181733,경+중등도
0.1306199644987639,중상
0.05929310960252345,경+중등도
0.07649473467189027,경+중등도
0.1033982921224987,경+중등도
0.03609991229052339,중상
0.1494717136892616,경+중등도
0.11410750449433349,경+중등도
0.1277789040874441,치명
0.12386092461888132,경+중등도
0.03723423776991865,경+중등도
0.1333620293119733,경+중등도
0.0587009400063624,경+중등도
0.14227077731920634,경+중등도
0.3755211851432289,경+중등도
0.05661147740599423,경+중등도
0.04294272280420675,경+중등도
0.14168497792466084,경+중등도
0.03620101660528508,경+중등도
0.5904700801705802,경+중등도
0.15106616568326406,치명
0.0879352288463248,경+중등도
0.10109334222229938,경+중등도
0.32046817435444624,경+중등도
0.12717784917441055,경+중등도
0.07164658555344756,경+중등도
0.10980256688055663,경+중등도
0.5842393566278536,경+중등도
0.1973989668604541,경+중등도
0.49257158144839197,경+중등도
0.1256571208650906,경+중등도
0.05343417349288495,경+중등도
0.48042334694738686,경+중등도
0.4100722459716685,경+중등도
0.22247034369897534,경+중등도
0.5008545132826585,경+중등도
0.32341571614043774,중상
0.22363642226728095,경+중등도
0.31581616423660575,경+중등도
0.13233280382154494,경+중등도
0.41904625294267445,경+중등도
0.1480018431705897,경+중등도
0.27982182760586033,경+중등도
0.3032380172665344,중상
0.18063137117127692,경+중등도
0.21802658977259093,경+중등도
0.17677991027681847,경+중등도
0.8555314996362445,경+중등도
0.21438821391813823,경+중등도
0.042021477621592064,경+중등도
0.2888508235940377,중상
0.12335592977619514,경+중등도
0.11222692698503671,경+중등도
0.7427180268590025,치명
0.1528056809316629,경+중등도
0.07830909677498014,경+중등도
0.21918609581026152,경+중등도
0.24645563910649884,경+중등도
0.09053215419422811,경+중등도
0.3846574146803789,경+중등도
0.4631348783790217,경+중등도
0.1692743812580585,경+중등도
0.035060398205225135,경+중등도
0.06877156579200043,경+중등도
0.6674023547937734,경+중등도
0.4968258968429784,경+중등도
0.23332043064878683,경+중등도
0.1373985958682081,중상
0.4069094380918048,치명
0.14945846654178682,경+중등도
0.6671102724288814,경+중등도
0.0340099953820257,중상
0.13050129905387717,경+중등도
0.028853399387205797,경+중등도
0.21801558581409283,치명
0.11978571867348331,경+중등도
0.15180326826942467,경+중등도
0.29189059976061266,경+중등도
0.21148042914398216,경+중등도
0.09865557393714552,경+중등도
0.1916689990820747,경+중등도
0.12546468307358083,경+중등도
0.06914987708825503,경+중등도
0.22497534897506025,경+중등도
0.05770373747476585,경+중등도
0.13011977834583177,경+중등도
0.12672199111473206,경+중등도
0.07637756678864255,경+중등도
0.27055188776696265,경+중등도
0.3614748956337203,경+중등도
0.674591590530667,경+중등도
0.9422299229445228,치명
0.0070497055732031445,경+중등도
0.28897559673788614,경+중등도
0.06066077445378553,중상
0.058158324153717265,경+중등도
0.13746514123732473,경+중등도
0.1802251440665521,경+중등도
0.4784216901103056,치명
0.04073996482183472,경+중등도
0.12334794358616663,경+중등도
0.30208576923537217,경+중등도
0.27123454765234284,경+중등도
0.0735054787106248,경+중등도
0.3456409472861171,경+중등도
0.24011227369986235,경+중등도
0.22809539766555134,경+중등도
0.15764004913552132,경+중등도
0.5169989755384687,경+중등도
0.22231883035073843,경+중등도
0.014864072149302382,중상
0.02333618929195794,경+중등도
0.07283767588843443,경+중등도
0.19552537989992125,경+중등도
0.30401772304728114,경+중등도
0.23742353913276337,경+중등도
0.05193614593290032,경+중등도
0.4565411485055284,경+중등도
0.16232721871827493,경+중등도
0.35883452525218384,경+중등도
0.18338967712742874,경+중등도
0.26544620294013915,경+중등도
0.1290735765387668,경+중등도
0.06490020903893896,경+중등도
0.17777737572293872,경+중등도
0.08608890640431754,경+중등도
0.1904632536515095,경+중등도
0.20013951601170435,경+중등도
0.08475816815708721,경+중등도
0.1230067505353359,경+중등도
0.11491145532134807,경+중등도
0.09606624591029139,중상
0.05088494395158552,경+중등도
0.3519046532465229,경+중등도
0.22110617398416896,경+중등도
0.16258536626858355,경+중등도
0.1614992629166874,중상
0.03609873839308083,경+중등도
0.06849252708609453,경+중등도
0.37989231214995156,경+중등도
0.20904806579224708,경+중등도
0.9240627902481021,치명
0.7719889909042884,치명
0.545768788632306,치명
0.1175708971878097,경+중등도
0.09900397059123833,치명
0.3169635976661581,경+중등도
0.6987350716098611,경+중등도
0.13636935010597603,경+중등도
0.41985555971011385,경+중등도
0.2705161598298447,경+중등도
0.03232707977360768,경+중등도
0.6745896015764478,경+중등도
0.030227178185016673,경+중등도
0.18337831249172729,경+중등도
0.09324577173831805,경+중등도
0.15814398510958774,경+중등도
0.01657123230210116,경+중등도
0.1041741004983633,경+중등도
0.21988668839214462,경+중등도
0.1775230532750142,치명
0.19833981815479443,경+중등도
0.3857692580089738,경+중등도
0.07121376130584318,경+중등도
0.11059866197417366,경+중등도
0.2423785325890162,경+중등도
0.10188787805821985,경+중등도
0.004711243568734814,경+중등도
0.08830424826583548,경+중등도
0.9221724412577842,치명
0.2814127785647064,경+중등도
0.09268809397043686,경+중등도
0.0919827747823559,경+중등도
0.06909015709531378,경+중등도
0.18099930540719567,중상
0.02472166255805071,경+중등도
0.2337317114814245,경+중등도
0.09784919104233397,경+중등도
0.09138651577558736,경+중등도
0.6848923966925025,경+중등도
0.07065190799420568,중상
0.35730724168363764,치명
0.004996189311284562,중상
0.85721189244694,치명
0.2563570939993234,경+중등도
0.4107128827375588,경+중등도
0.4283221274330556,경+중등도
0.04986943935336321,경+중등도
0.057144183508430445,경+중등도
0.050585984866059995,경+중등도
0.25721654410996536,경+중등도
0.4122082710271953,경+중등도
0.22595885013481887,경+중등도
0.13003372677742805,경+중등도
0.2216502292212653,경+중등도
0.029642278368938846,경+중등도
0.5205509832352834,경+중등도
0.09412731717575723,경+중등도
0.2321408469837829,경+중등도
0.36741509117890375,경+중등도
0.04093972487612274,경+중등도
0.46961913177410125,경+중등도
0.029565684424676147,경+중등도
0.003289696617469319,중상
0.4440711262853301,경+중등도
0.16627983951607264,경+중등도
0.44909425529614416,치명
0.06705735930434835,경+중등도
0.48356863458194405,중상
0.34018802341494975,경+중등도
0.28754373311763975,경+중등도
0.06170434474037564,경+중등도
0.1560089979745767,경+중등도
0.4950902492002882,치명
0.14916453643029803,경+중등도
0.579486433345396,경+중등도
0.5511549982880521,경+중등도
0.1836378546334785,경+중등도
0.4389201372264133,경+중등도
0.12235181044304133,경+중등도
0.31335901306982467,경+중등도
0.6324309648681335,경+중등도
0.4894594019741778,경+중등도
0.048060073452700545,경+중등도
0.06736849486363206,경+중등도
0.07936787621987908,경+중등도
0.04636639588081342,경+중등도
0.38253105268345955,치명
0.1305177677727016,경+중등도
0.11705219159950969,경+중등도
0.6769410149940747,경+중등도
0.13884328708065605,경+중등도
0.2867990614676527,경+중등도
0.0028314759006159095,경+중등도
0.03504659697756163,경+중등도
0.12976441328294672,경+중등도
0.14357657954802774,중상
0.012868735719994468,중상
0.0800087016435976,경+중등도
0.061696196451100936,경+중등도
0.19510917467480238,경+중등도
0.17461533229405354,경+중등도
0.10501245096780869,경+중등도
0.011934165930631726,중상
0.06941466692124142,경+중등도
0.40803606233799083,경+중등도
0.38658484522062303,경+중등도
0.45775632455720033,경+중등도
0.024498063968137584,경+중등도
0.21788651063680178,경+중등도
0.5437671915896631,경+중등도
0.36257248449620966,경+중등도
0.3236470540230951,경+중등도
0.016979602448687476,경+중등도
0.011812998512589956,중상
0.3192208338950454,경+중등도
0.6003661552980183,경+중등도
0.002041044921701742,중상
0.045663275923553744,경+중등도
0.45643949608541606,경+중등도
0.029755722785744745,중상
0.3861048788718295,경+중등도
0.5765030654180292,경+중등도
0.035033290684160244,중상
0.34168666310648826,경+중등도
0.05227434790189021,경+중등도
0.10505397836700749,경+중등도
0.5524834778973857,경+중등도
0.08912584609840928,경+중등도
0.3735548888566859,경+중등도
0.3021469528077786,경+중등도
0.1941704761269075,경+중등도
0.5579236393002404,경+중등도
0.23525849309646593,경+중등도
0.12783549174413686,경+중등도
0.24616564369100727,경+중등도
0.036814840390302535,경+중등도
0.09116740126389543,경+중등도
0.225656285374821,치명
0.3558913887377373,경+중등도
0.539022670157705,치명
0.3933503471443325,치명
0.043708648444721034,경+중등도
0.27613556523226485,경+중등도
0.057520567923036524,경+중등도
0.21450092403703183,경+중등도
0.03315154200375739,경+중등도
0.13404775655041765,경+중등도
0.032883818587155916,경+중등도
0.46506151363748777,치명
0.20670054734028823,경+중등도
0.04913946381406026,경+중등도
0.18419997350671893,경+중등도
0.0988450623965047,경+중등도
0.25811787320726925,경+중등도
0.1627939111344793,경+중등도
0.14017701368236204,경+중등도
0.22367957241037262,경+중등도
0.17762334542917713,경+중등도
0.7450973805477155,경+중등도
0.4837908178682739,중상
0.1840268418438632,경+중등도
0.5542611576149669,경+중등도
0.033374564711117057,경+중등도
0.5275007777355981,경+중등도
0.10232614314973663,경+중등도
0.2515617990456705,경+중등도
0.5393737728828878,경+중등도
0.5695737111214078,중상
0.19453657039842878,경+중등도
0.04180684920495604,경+중등도
0.2552585214457641,경+중등도
0.08210477532761633,경+중등도
0.0044316670453011355,경+중등도
0.4555412834056842,경+중등도
0.7786415037432661,치명
0.3626460742990198,경+중등도
0.0700911932197868,경+중등도
0.04282200922150315,경+중등도
0.3112250820579622,경+중등도
0.15950075542181696,경+중등도
0.27479127251622687,경+중등도
0.32687918455839776,경+중등도
0.5160704863053068,경+중등도
0.011207340119215967,경+중등도
0.054121175409285315,경+중등도
0.07936309221211912,경+중등도
0.13994109606263327,경+중등도
0.4210362888850249,치명
0.35402815731513076,경+중등도
0.7698808452691891,치명
0.10269155554917005,경+중등도
0.043848374831725136,경+중등도
0.11277294379088887,경+중등도
0.14052980578881458,경+중등도
0.06269907655525554,중상
0.207042060607036,경+중등도
0.182833505671442,경+중등도
0.22707477308295074,경+중등도
0.09450056282733581,경+중등도
0.5868651885127751,경+중등도
0.18907182311972096,경+중등도
0.27178667529355893,경+중등도
0.14699526628632997,경+중등도
0.029177339456971416,경+중등도
0.16605870446039486,경+중등도
0.1760387165916376,경+중등도
0.21852331416076795,경+중등도
0.3957880139305021,경+중등도
0.09065028544155468,경+중등도
0.44200466304981717,경+중등도
0.18370192530357546,경+중등도
0.36144945641865545,경+중등도
0.35064559100989845,경+중등도
0.3766958800557066,경+중등도
0.17036324670842873,경+중등도
0.5434433809763953,경+중등도
0.036494558364850445,경+중등도
0.23178794307805028,경+중등도
0.014989469053521833,경+중등도
0.1462862563248124,경+중등도
0.0074525500690338755,경+중등도
0.11198198919649904,경+중등도
0.33325809880440654,경+중등도
0.04043455754864653,경+중등도
0.23915876260621016,경+중등도
0.12963953330795264,경+중등도
0.25130244463091306,경+중등도
0.20935167779174932,경+중등도
0.09205121750300398,경+중등도
0.22140427738376756,경+중등도
0.003331321746325385,중상
0.06274624700327286,경+중등도
0.0827171120202872,경+중등도
0.08681796169231708,경+중등도
0.03638718252568667,경+중등도
0.24745980196604678,경+중등도
0.7173349694959507,경+중등도
0.11397980165823651,경+중등도
0.28412917231314944,경+중등도
0.16807157857113186,경+중등도
0.7216400860237009,경+중등도
0.13582613993563872,경+중등도
0.3953756519552589,경+중등도
0.17424262365531729,경+중등도
0.22664307752984061,치명
0.17788724769755893,경+중등도
0.3010743204233447,경+중등도
0.22835942072467444,경+중등도
0.005925880870515675,경+중등도
0.3597691418542443,경+중등도
0.29129192053972613,경+중등도
0.1051288370243288,경+중등도
0.21081261067780152,경+중등도
0.42294228439405207,경+중등도
0.23281408381289267,경+중등도
0.22854308322739922,경+중등도
0.31623022459853606,경+중등도
0.35420884588915147,경+중등도
0.08850537409001659,경+중등도
0.09164149202018768,경+중등도
0.2515173984507187,경+중등도
0.023074163423239726,경+중등도
0.5594640847059572,중상
0.06695252943341877,경+중등도
0.37638590553118406,경+중등도
0.5742081975630977,치명
0.01244377605487895,중상
0.004394080438623194,중상
0.2255461463141072,경+중등도
0.18945896984383417,경+중등도
0.20337844013959147,경+중등도
0.0033539296840705835,중상
0.06495287123441396,경+중등도
0.16263087516067823,경+중등도
0.0463726845293104,경+중등도
0.6702471994563521,경+중등도
0.03890629639544662,경+중등도
0.7938661888780097,경+중등도
0.05255923565286702,중상
0.37046875050581285,경+중등도
0.80917317813488,경+중등도
0.22754293163300157,경+중등도
0.18343239203596115,경+중등도
0.18013641755860443,경+중등도
0.04862765645624459,경+중등도
0.28873956545246376,경+중등도
0.1643133922663491,경+중등도
0.09816614784775533,경+중등도
0.17745298233594523,경+중등도
0.04886459293552775,경+중등도
0.5664853344429664,경+중등도
0.3141905581871456,경+중등도
0.05046649283508494,경+중등도
0.1454873126526516,경+중등도
0.2909757579675565,경+중등도
0.2023704785941659,경+중등도
0.06406562749988358,경+중등도
0.13995170152655736,경+중등도
0.09820297359823793,경+중등도
0.18614560233024538,경+중등도
0.09613214809328614,경+중등도
0.2813840569438199,경+중등도
0.7112044047350218,경+중등도
0.06440681076753277,경+중등도
0.6754889559381797,경+중등도
0.45192887238668517,경+중등도
0.30154343364952657,경+중등도
0.6371115502163992,경+중등도
0.3293252362746903,경+중등도
0.07130804912656098,경+중등도
0.5424658272737845,경+중등도
0.5331740272805355,경+중등도
0.2855299701176157,경+중등도
0.3800141043393568,경+중등도
0.2290104536459524,경+중등도
0.02404608340429569,중상
0.19117465222982757,경+중등도
0.13000514556945492,경+중등도
0.3470958070149654,경+중등도
0.09094422872478598,경+중등도
0.202463140494489,경+중등도
0.030846704048769113,경+중등도
0.5064833406321799,경+중등도
0.9262737020142727,치명
0.13918757069636448,경+중등도
0.46153424276404387,경+중등도
0.267216862810379,경+중등도
0.13653224766401617,경+중등도
0.4915008411332906,경+중등도
0.05525365808757086,경+중등도
0.13099203217550795,경+중등도
0.07466945956688344,경+중등도
0.06317434699942519,경+중등도
0.24460249525927102,경+중등도
0.7421816384662376,경+중등도
0.5337942879101579,치명
0.20738855602338613,경+중등도
0.6399577254463088,경+중등도
0.336299920756668,중상
0.08028904271332253,경+중등도
0.34745205837700693,경+중등도
0.0925074803117909,중상
0.08861101796963283,중상
0.5077261118283719,경+중등도
0.2379970032725366,경+중등도
0.180149888690787,경+중등도
0.3868653438431994,경+중등도
0.2835573118728478,경+중등도
0.10129775182985447,경+중등도
0.1794297063051334,경+중등도
0.24350123934578308,경+중등도
0.12786984488961622,경+중등도
0.4101322849545648,경+중등도
0.8078950390840264,경+중등도
0.4517518784186841,경+중등도
0.17534253489320895,경+중등도
0.044060052846102794,경+중등도
0.05448465450366421,경+중등도
0.5806780227756719,경+중등도
0.3416680312808295,경+중등도
0.11648013572522227,경+중등도
0.0901182311432968,경+중등도
0.18021695117866818,경+중등도
0.1780600478025031,경+중등도
0.06095330752833101,경+중등도
0.8830008147878771,치명
0.37503953509341664,치명
0.29074452613483764,경+중등도
0.3326271825221506,경+중등도
0.06611818085339256,경+중등도
0.019747605785269354,중상
0.14183015440867924,경+중등도
0.3407479396995928,경+중등도
0.05892806694908246,경+중등도
0.10744469950489909,경+중등도
0.00757775392136709,경+중등도
0.12191368055186581,경+중등도
0.09000483703226642,경+중등도
0.1663783975945555,경+중등도
0.17985798769895053,경+중등도
0.27022337558103615,경+중등도
0.1707727528980154,경+중등도
0.17699398767086794,경+중등도
0.03543323129174026,경+중등도
0.07918567903752545,경+중등도
0.18779110924414785,경+중등도
0.09729810281291958,경+중등도
0.04736369439669732,중상
0.23360346247619723,경+중등도
0.05913200513284508,경+중등도
0.3414694539262255,경+중등도
0.04196238068620193,경+중등도
0.4233091138176975,경+중등도
0.1262985160016528,경+중등도
0.652327592743218,경+중등도
0.024073233209650952,경+중등도
0.3600159875561065,경+중등도
0.047452651789717026,경+중등도
0.17554243758171242,경+중등도
0.35657779702374687,경+중등도
0.41070063202542983,경+중등도
0.10944643088917598,경+중등도
0.22096047359116033,경+중등도
0.24091022575222362,경+중등도
0.17794268624021484,경+중등도
0.19981430420727797,중상
0.20068828609609088,경+중등도
0.16801558757797208,경+중등도
0.06738267196036256,경+중등도
0.06713471120453282,경+중등도
0.1230907412725329,경+중등도
0.1952606132388253,경+중등도
0.7509734814235163,치명
0.518916453443108,경+중등도
0.1324689319038684,경+중등도
0.4666325800330146,경+중등도
0.0962056064087881,경+중등도
0.42865162745750757,경+중등도
0.09853116574526548,경+중등도
0.19974685663680647,치명
0.1498164357927915,경+중등도
0.706335709645188,경+중등도
0.32365982742061966,경+중등도
0.060207828064386286,경+중등도
0.24519042055969162,중상
0.49194079063824336,중상
0.13787691137776167,경+중등도
0.24686340066136528,치명
0.07673807821023211,경+중등도
0.2831591270356313,경+중등도
0.03161022895942272,경+중등도
0.022601282705440765,경+중등도
0.12992872933243296,경+중등도
0.11051579264656086,경+중등도
0.1560220271280401,경+중등도
0.7996057441105693,치명
0.09979933413871357,경+중등도
0.21801107842460787,경+중등도
0.07680063862577412,경+중등도
0.0830458323717355,경+중등도
0.39956348848171896,경+중등도
0.10749511532837364,경+중등도
0.5372104436658666,경+중등도
0.7170501076541463,경+중등도
0.3467787148442479,경+중등도
0.07585224343593239,경+중등도
0.08878497051637142,경+중등도
0.08886470204279445,경+중등도
0.14444898204687548,경+중등도
0.09914157661141583,경+중등도
0.2060783896754502,경+중등도
0.05270173801685798,중상
0.04170577304258664,경+중등도
0.049062735421551956,경+중등도
0.03886063734646664,경+중등도
0.15914694009096844,경+중등도
0.6205386786292145,경+중등도
0.3238021873300427,경+중등도
0.12746623635813148,경+중등도
0.16377807939190023,경+중등도
0.38413824516362566,경+중등도
0.04712102617041705,경+중등도
0.20678872000633153,경+중등도
0.09237779123406768,중상
0.26744180174211557,경+중등도
0.10607368915280295,경+중등도
0.34823634561031164,경+중등도
0.05024987898855802,경+중등도
0.04650298609318144,중상
0.3305306467608018,경+중등도
0.01532500245356583,경+중등도
0.12382911071290272,경+중등도
0.3444280599760292,경+중등도
0.2329345824388113,경+중등도
0.1262114715210533,경+중등도
0.09146563340121583,경+중등도
0.38874814139804714,경+중등도
0.05847312289993084,경+중등도
0.08225873421044466,중상
0.06367646298989248,경+중등도
0.17076223547186245,경+중등도
0.1585289327361515,경+중등도
0.10151399765104152,경+중등도
0.4693485253366294,경+중등도
0.2223073847041316,경+중등도
0.0028000393741921758,경+중등도
0.08437216921437847,경+중등도
0.048955647886394914,경+중등도
0.32270270849579613,중상
0.20935341401030272,경+중등도
0.03538535677009778,경+중등도
0.1443930915431715,경+중등도
0.20582582652898737,경+중등도
0.24236774594206442,경+중등도
0.5398648232082447,치명
0.29219924978475015,경+중등도
0.3314964282978833,경+중등도
0.16091155430554277,경+중등도
0.4202429811284958,치명
0.43046744238185336,경+중등도
0.12658032817679243,경+중등도
0.20808043969809184,경+중등도
0.24828833793300195,경+중등도
0.5362101839415852,치명
0.06562357310320345,경+중등도
0.10610077152350599,경+중등도
0.31979517362344784,경+중등도
0.2499876396581112,경+중등도
0.10312138519623655,경+중등도
0.09657212685086407,경+중등도
0.0018318406797634857,중상
0.14728560652542358,경+중등도
0.07880881975856252,중상
0.059225679352542776,중상
0.03542755583908879,경+중등도
0.5508216499679679,경+중등도
0.17353589329763328,경+중등도
0.2007590647165427,경+중등도
0.07266689973183216,경+중등도
0.26368632118831203,경+중등도
0.19266500504642114,경+중등도
0.11147536093727665,경+중등도
0.17647246276644704,경+중등도
0.11011487511676549,경+중등도
0.0023915098645374343,중상
0.3360576869902662,경+중등도
0.13574987685222625,경+중등도
0.07054817094094218,경+중등도
0.0023387280365627754,중상
0.3494797341957936,경+중등도
0.27105622521765804,경+중등도
0.1227772131031633,경+중등도
0.012376807818272223,경+중등도
0.1581648008040996,경+중등도
0.112586077084325,경+중등도
0.15840560794168573,치명
0.03758315126701516,경+중등도
0.18266784246272225,경+중등도
0.0178960627170049,경+중등도
0.07793706104938736,경+중등도
0.26158133398811606,경+중등도
0.26247087144429454,경+중등도
0.07897693103046455,경+중등도
0.0688738671646318,경+중등도
0.1699955058329783,경+중등도
0.00869636970639534,중상
0.593124329265353,경+중등도
0.12389234271272626,경+중등도
0.0059829504203178195,중상
0.053349806215852835,경+중등도
0.2837095259174393,경+중등도
0.24127995694851712,경+중등도
0.5734904584872496,치명
0.1566079042380226,중상
0.09405167590017903,경+중등도
0.018471636802412966,경+중등도
0.38962479870192324,치명
0.46074457883934156,경+중등도
0.1942368950657644,경+중등도
0.11379095829230597,경+중등도
0.4601866716326519,경+중등도
0.30406227911017175,경+중등도
0.07224639612914814,경+중등도
0.24742431430295064,경+중등도
0.6509821029444735,치명
0.23571768682868874,경+중등도
0.12076594641970469,경+중등도
0.30615257435956855,경+중등도
0.6989240934936918,경+중등도
0.25213459558745555,경+중등도
0.2757565969100245,경+중등도
0.2826456448930173,경+중등도
0.10341588210673118,경+중등도
0.09926031806065098,경+중등도
0.7130070837363967,경+중등도
0.15511155288320314,경+중등도
0.08117382217774723,경+중등도
0.09096672272094508,경+중등도
0.11869460624091566,경+중등도
0.3041403699061642,경+중등도
0.25136362560894837,중상
0.05763971151854682,경+중등도
0.2577264428910559,경+중등도
0.0554615428591728,경+중등도
0.16990055589618516,경+중등도
0.22036984564890028,경+중등도
0.34466860598097165,경+중등도
0.06608804007175637,경+중등도
0.1624724886496758,경+중등도
0.22388583941841475,경+중등도
0.2634131595722748,경+중등도
0.1866364228977008,경+중등도
0.23604339784543127,경+중등도
0.3763131900313234,경+중등도
0.31903954713550337,치명
0.727349561556224,경+중등도
0.5130708475452178,경+중등도
0.23105282375435734,경+중등도
0.03542277631280693,경+중등도
0.02344738970539274,경+중등도
0.3748794919494025,경+중등도
0.5253390834960917,중상
0.11441011425472251,경+중등도
0.07256867435372547,경+중등도
0.071250379559771,경+중등도
0.06802491049174213,중상
0.07185451415859379,경+중등도
0.13957784417803137,중상
0.20239413531117725,경+중등도
0.07410705340214387,경+중등도
0.015040196304819065,중상
0.24403730374613553,경+중등도
0.23188247765507422,경+중등도
0.11679151694417335,경+중등도
0.08919401264847311,경+중등도
0.3490096935868698,경+중등도
0.23207194973899492,경+중등도
0.031891817155430935,중상
0.27579596665549133,경+중등도
0.16857624128557183,경+중등도
0.19378752521077414,중상
0.16827711562481887,경+중등도
0.2114848769003609,경+중등도
0.5156509784689656,경+중등도
0.07754274748608814,경+중등도
0.05463854878771091,경+중등도
0.20500472191292182,경+중등도
0.24069662928093902,경+중등도
0.1718161038809923,경+중등도
0.48325525249755047,경+중등도
0.054085045933301434,경+중등도
0.3059296071029344,경+중등도
0.19071191907125704,중상
0.04559397324254325,경+중등도
0.2131390335198772,경+중등도
0.3472694866565633,경+중등도
0.05895098265601334,중상
0.053926899559838065,중상
0.5449708409283557,경+중등도
0.48769851086991883,경+중등도
0.2303066454651365,경+중등도
0.29174193434098133,경+중등도
0.23741336160657603,경+중등도
0.08838993521247888,경+중등도
0.1699241006264207,경+중등도
0.21078602842430805,중상
0.04834595546233695,경+중등도
0.29578502440601523,경+중등도
0.04571453273815787,경+중등도
0.1256005165453661,경+중등도
0.08947807714578389,경+중등도
0.23304554829207036,경+중등도
0.05525556936596846,경+중등도
0.1702961963424526,경+중등도
0.0021613297327581064,경+중등도
0.5187756428930655,치명
0.46753746264238094,경+중등도
0.38159330857644697,경+중등도
0.1790480662698026,경+중등도
0.24099187315707163,경+중등도
0.23286351776584413,경+중등도
0.44452076810532093,경+중등도
0.003758056383516345,중상
0.13553946824649019,경+중등도
0.15011533757338325,경+중등도
0.10374008482736628,중상
0.006859345438690744,중상
0.028665570178141236,경+중등도
0.32879390589364116,경+중등도
0.2928464650740241,경+중등도
0.16808716509885321,경+중등도
0.19164664012891378,경+중등도
0.024552956326128684,경+중등도
0.008433180267913766,중상
0.12256227384112073,경+중등도
0.07205028389042019,경+중등도
0.02850609985487208,중상
0.008904784790100031,경+중등도
0.09950749509011748,경+중등도
0.2659404299019115,경+중등도
0.33211853235000766,경+중등도
0.31239372056776044,경+중등도
0.09020580193676224,경+중등도
0.29513589224896924,경+중등도
0.18423039728334434,경+중등도
0.27816372802083594,경+중등도
0.18862745699953884,경+중등도
0.015160892189307197,중상
0.49391658346573,경+중등도
0.0803593935064713,경+중등도
0.910353276653815,치명
0.2259425907135871,경+중등도
0.1509965919265456,경+중등도
0.1139272886805461,경+중등도
0.11411946922847582,중상
0.050324211435461265,경+중등도
0.09039159684343412,경+중등도
0.2721669049248208,경+중등도
0.14707681244101103,경+중등도
0.07484542229198568,경+중등도
0.16789485185507846,경+중등도
0.11119790536485574,경+중등도
0.14623903750407463,경+중등도
0.05888825304684512,경+중등도
0.11540240685430868,경+중등도
0.24358131105827496,경+중등도
0.21701827654556372,치명
0.24938536539629752,경+중등도
0.04655035245044556,중상
0.0021797884639876562,중상
0.07525006608170771,중상
0.5958517358714771,경+중등도
0.2991502554766485,중상
0.12788551730204678,경+중등도
0.15759598736222827,경+중등도
0.18123396343873036,경+중등도
0.22254781915319866,경+중등도
0.3943373498119149,경+중등도
0.2850664409876387,경+중등도
0.005986978657556703,중상
0.30749473333724575,경+중등도
0.16897791562914546,경+중등도
0.03577409723692787,경+중등도
0.295418456067941,경+중등도
0.21081920368444193,치명
0.10155824119302687,경+중등도
0.1724078920034782,경+중등도
0.030090077928843703,경+중등도
0.2090020741661683,경+중등도
0.18777092123882475,경+중등도
0.005329743512835717,경+중등도
0.21486990089049351,경+중등도
0.08353805495361655,경+중등도
0.07471439266067294,경+중등도
0.029167195368403925,경+중등도
0.2353228310774845,경+중등도
0.16211173467834308,경+중등도
0.7002225719822882,경+중등도
0.2098237889426897,경+중등도
0.054305779795295224,중상
0.289732761249636,경+중등도
0.23146083973506995,경+중등도
0.4779548557289141,경+중등도
0.20908903548898014,경+중등도
0.3240794795942497,경+중등도
0.28712291988888855,경+중등도
0.19473905099947333,경+중등도
0.00912059959656645,경+중등도
0.8953515482360803,경+중등도
0.1889663816047308,경+중등도
0.13586999200890504,경+중등도
0.38648309369112477,경+중등도
0.16566793883951694,중상
0.1527947729810436,경+중등도
0.11339109083875241,경+중등도
0.3735423445035158,경+중등도
0.11070387504892383,경+중등도
0.336886263107724,경+중등도
0.4760448712838914,경+중등도
0.2834608073438294,경+중등도
0.4132380920274535,치명
0.115948660381566,경+중등도
0.3095495776084141,경+중등도
0.46726693441396017,치명
0.06279881547345162,경+중등도
0.7196980714560679,경+중등도
0.94569638676638,치명
0.12021700867187653,경+중등도
0.08585969720384384,경+중등도
0.04345601853186848,경+중등도
0.04378539456260188,중상
0.2566321934782942,치명
0.19810046261348868,경+중등도
0.006444591685462943,중상
0.07641845116565493,경+중등도
0.18687312593730512,경+중등도
0.16885178144120452,경+중등도
0.009483349154953065,경+중등도
0.08263833230356236,중상
0.5464221206046522,경+중등도
0.22515090159962406,경+중등도
0.46227601287404596,경+중등도
0.24982526415582887,경+중등도
0.11202078052727342,경+중등도
0.12299543931584045,경+중등도
0.3221150917925843,경+중등도
0.040411679683301484,경+중등도
0.2247265216422842,경+중등도
0.41844076795458124,경+중등도
0.19039371998155818,경+중등도
0.6900278594044594,치명
0.31248050837813807,경+중등도
0.09501705904132424,경+중등도
0.08099283813537393,경+중등도
0.6980747449344552,경+중등도
0.5404955504922776,중상
0.03764726893122926,경+중등도
0.08899610739901241,경+중등도
0.25778650091051936,경+중등도
0.06418292088730512,경+중등도
0.5143517984265337,치명
0.06689594640745893,경+중등도
0.28860960841368827,경+중등도
0.34881122029617345,경+중등도
0.06595263289865495,경+중등도
0.3052771929717699,경+중등도
0.16526461473621695,경+중등도
0.02490102764964025,중상
0.404310317722806,경+중등도
0.10492623878719813,경+중등도
0.08085194619517883,경+중등도
0.10628551835301366,경+중등도
0.05982538711924797,경+중등도
0.4468626348347901,경+중등도
0.17544923197332873,경+중등도
0.04494962740418312,경+중등도
0.13706150428998456,경+중등도
0.19891303408691574,경+중등도
0.15254358185928105,경+중등도
0.4860029693125359,경+중등도
0.07934894649753398,경+중등도
0.08335888715694946,경+중등도
0.33358862379586407,경+중등도
0.034692605189209184,경+중등도
0.39123270498647716,경+중등도
0.13528632012155098,경+중등도
0.3431278601237002,경+중등도
0.44917107068976564,경+중등도
0.21040146714499494,경+중등도
0.01447228245801289,경+중등도
0.023623335425387765,경+중등도
0.2800981078067301,경+중등도
0.1497331030668705,경+중등도
0.49865883040125514,경+중등도
0.004887522371796245,경+중등도
0.24434573589923614,경+중등도
0.0722121658048532,경+중등도
0.19836091002737163,중상
0.0523208264115143,경+중등도
0.1728405976490177,경+중등도
0.30105550680687726,경+중등도
0.0040467783619396415,중상
0.1553902726075236,치명
0.3873499251675627,경+중등도
0.14518971022676083,경+중등도
0.07869593275888766,경+중등도
0.06232336741860469,경+중등도
0.13342639695458408,경+중등도
0.07193064046857382,경+중등도
0.2424372129690547,경+중등도
0.23508391803239737,경+중등도
0.1506153830331782,경+중등도
0.657482818452185,치명
0.06635889889475037,경+중등도
0.19384713668846187,경+중등도
0.045374821177559636,경+중등도
0.37419482911653973,경+중등도
0.5455277309804317,경+중등도
0.7153610589104309,치명
0.0470538565688432,경+중등도
0.15087886262213676,경+중등도
0.24859772245768483,중상
0.04753901884330251,경+중등도
0.0747252891674019,경+중등도
0.7265927215399839,경+중등도
0.09985019938757243,경+중등도
0.03724115646297144,중상
0.1611443961674154,경+중등도
0.32179461673821025,경+중등도
0.6317301677878328,경+중등도
0.11481809649110575,경+중등도
0.5554371603759124,경+중등도
0.9060730201154302,치명
0.7084486496687384,치명
0.36680141728503074,경+중등도
0.1413483974415095,경+중등도
0.007021632602458981,중상
0.42324730249832393,경+중등도
0.1497411668003896,경+중등도
0.09300873396295102,경+중등도
0.06337838707028731,경+중등도
0.12713968911342108,경+중등도
0.2194563041680593,경+중등도
0.31696857589421074,경+중등도
0.0866494097809799,경+중등도
0.44124058691871876,경+중등도
0.027598562489819123,경+중등도
0.5625709971260366,치명
0.20621899109533212,경+중등도
0.5457194971856183,경+중등도
0.09128429074095652,경+중등도
0.6015907750921342,경+중등도
0.11763662276533267,경+중등도
0.10917963101619362,경+중등도
0.5717137078888129,경+중등도
0.6004383496795402,경+중등도
0.18402673209735246,경+중등도
0.3137350944444007,경+중등도
0.5513758992157264,경+중등도
0.22477943872404235,경+중등도
0.8347824642990863,경+중등도
0.08784656210851212,경+중등도
0.47679988853712585,경+중등도
0.08860559916849413,경+중등도
0.14944455770651832,경+중등도
0.15632274220769482,경+중등도
0.25010575392196316,경+중등도
0.1288623185981802,치명
0.1600810060164495,경+중등도
0.33372031834690424,경+중등도
0.42597884588949686,치명
0.12353136392935667,경+중등도
0.030369673317016288,경+중등도
0.02685362342969205,경+중등도
0.10052044405708944,경+중등도
0.07211361874663615,중상
0.10443918246342594,경+중등도
0.15716906953598617,치명
0.18495227739460254,중상
0.1871758748451651,경+중등도
0.3025749115381698,경+중등도
0.17061628902775192,경+중등도
0.07568098404844337,경+중등도
0.14241438765458722,경+중등도
0.07942708803175698,경+중등도
0.09626994215639849,경+중등도
0.023952853392240753,중상
0.0097372951608372,경+중등도
0.10093578398766288,경+중등도
0.35138880089784413,경+중등도
0.4497748797188878,경+중등도
0.5920207155753765,치명
0.0450606287844957,중상
0.5964111618385958,경+중등도
0.17053088308245337,치명
0.056321944408711994,경+중등도
0.03569082963898745,경+중등도
0.05149796085006451,경+중등도
0.13334577773485282,경+중등도
0.22965574203099767,경+중등도
0.17054988578256616,경+중등도
0.3389814224489631,경+중등도
0.09945851409026348,경+중등도
0.15585843322042423,경+중등도
0.3370117929902614,경+중등도
0.27797297110307423,경+중등도
0.8426697974374858,치명
0.14364686152577308,경+중등도
0.28749072752320115,경+중등도
0.07297580374925908,경+중등도
0.26016579306778115,경+중등도
0.17464329768316458,경+중등도
0.16668690397519903,경+중등도
0.6831927776698006,경+중등도
0.17383262449719897,경+중등도
0.022863251044695918,경+중등도
0.2663033163225625,경+중등도
0.029862904674409777,경+중등도
0.12377303652841748,경+중등도
0.6141762507273888,경+중등도
0.05049210588404154,경+중등도
0.18909890988684805,경+중등도
0.34167052639163903,경+중등도
0.02696731626205508,경+중등도
0.11782438327769311,경+중등도
0.16050059255519308,중상
0.6709467590751762,경+중등도
0.3234956466777906,중상
0.4190212862029215,경+중등도
0.17930025445076767,경+중등도
0.032714044468525445,경+중등도
0.13438698558619655,경+중등도
0.1070925738326493,경+중등도
0.19102294203739242,경+중등도
0.34960747336311265,경+중등도
0.7558563370937631,치명
0.23738463729909154,경+중등도
0.08944574394608425,중상
0.15298395755020758,경+중등도
0.07966671735034292,경+중등도
0.9413039773711555,치명
0.06595641031336467,중상
0.4197477765263978,경+중등도
0.08824971068466114,경+중등도
0.12179093299257417,경+중등도
0.10991821741956143,경+중등도
0.7148015664091788,경+중등도
0.6545855562783273,치명
0.028851838650322915,경+중등도
0.3082096325240986,경+중등도
0.34349545366498174,중상
0.4273306909420879,경+중등도
0.04121999623504813,중상
0.7000463016761808,경+중등도
0.3476318188729956,경+중등도
0.1540418183084384,경+중등도
0.10189947240560145,경+중등도
0.8266781904424357,경+중등도
0.08961880323331173,경+중등도
0.2475727872562825,경+중등도
0.15500406791051446,경+중등도
0.16662829034368806,경+중등도
0.04143217482142047,경+중등도
0.09397819796862134,경+중등도
0.01937503294519619,경+중등도
0.5798027573400307,경+중등도
0.22452893797918197,경+중등도
0.004121851074180379,경+중등도
0.015717953616285654,중상
0.04460325704879182,중상
0.04272883988695086,경+중등도
0.10163762421274404,경+중등도
0.41673991760935586,경+중등도
0.6402114229556577,경+중등도
0.3387148970560563,경+중등도
0.14008607544528737,경+중등도
0.3554316915949263,경+중등도
0.304468733381266,경+중등도
0.6164021776968411,경+중등도
0.21032320901521614,경+중등도
0.1708781432189749,경+중등도
0.06501413592753828,경+중등도
0.29044295998648567,경+중등도
0.663983139829822,경+중등도
0.08014791558691846,경+중등도
0.4267921635084842,경+중등도
0.11700497486009287,중상
0.09900369397426116,중상
0.0675395525730245,중상
0.006613988864200657,중상
0.878057823081209,치명
0.17819086388947328,경+중등도
0.06562474269520631,경+중등도
0.05168196548802648,경+중등도
0.0609613330502329,경+중등도
0.011276622139347993,경+중등도
0.12478769212712008,경+중등도
0.1703539323155346,중상
0.5087521638633293,치명
0.49874993242751087,경+중등도
0.3224379316031962,경+중등도
0.17080525188590948,경+중등도
0.3462543566979384,경+중등도
0.1967075285109489,경+중등도
0.11545184637461743,경+중등도
0.9255975935922306,치명
0.21927422222894155,경+중등도
0.34962394578617834,경+중등도
0.09277523831999472,경+중등도
0.8355519791221302,치명
0.21355757505973652,경+중등도
0.5774692517171521,경+중등도
0.27972109282986807,경+중등도
0.06093553001567423,경+중등도
0.38262507081408453,경+중등도
0.6140311510612627,경+중등도
0.1350411245297709,경+중등도
0.22330464598799704,경+중등도
0.10262102782583948,경+중등도
0.4974489834124182,경+중등도
0.3525946948239833,경+중등도
0.09718817510024562,경+중등도
0.07980953946636928,경+중등도
0.12236880602566075,경+중등도
0.14179345045680353,경+중등도
0.9246965314925945,치명
0.0753880816460692,경+중등도
0.23220138091812723,경+중등도
0.11662557537286938,경+중등도
0.11156790320941834,경+중등도
0.1065728553523256,경+중등도
0.28117734018628443,경+중등도
0.21886072403446954,경+중등도
0.09545354327947286,경+중등도
0.26858186363450715,경+중등도
0.40257773804666286,중상
0.041952617156682505,경+중등도
0.2719150035801365,경+중등도
0.5551502450164287,치명
0.16974910283577258,경+중등도
0.08189509859719718,경+중등도
0.024711904123944806,경+중등도
0.23193692915299766,경+중등도
0.1706266691554951,경+중등도
0.2620164900118412,경+중등도
0.09732229385941694,경+중등도
0.34173950625349586,경+중등도
0.294830599789375,경+중등도
0.1662610021851815,경+중등도
0.025592325130453553,경+중등도
0.05917727747505985,경+중등도
0.1468077966137965,경+중등도
0.11432837418449009,경+중등도
0.017599217935980956,중상
0.39759565196285673,경+중등도
0.004322382259314803,경+중등도
0.19598454646574473,경+중등도
0.5467767090183265,경+중등도
0.1464748147976778,경+중등도
0.19944043737605166,경+중등도
0.03844556509368422,경+중등도
0.11721909614302846,경+중등도
0.2252896787865186,경+중등도
0.29520906556897014,경+중등도
0.1518508839742642,경+중등도
0.267330178600164,경+중등도
0.3885956259004691,경+중등도
0.006930865130006411,중상
0.047524571252287005,경+중등도
0.617144836381319,경+중등도
0.5565671484405804,중상
0.07719201518646418,경+중등도
0.2502848817320676,경+중등도
0.25306280168518586,경+중등도
0.06516583171594095,경+중등도
0.11851637700513322,경+중등도
0.05944686309561542,경+중등도
0.25533677653264325,경+중등도
0.009352123610425615,경+중등도
0.20231692694064382,경+중등도
0.05438243417444497,경+중등도
0.32540587899709433,경+중등도
0.048236972432058295,경+중등도
0.01718162679149095,경+중등도
0.47240190893020456,경+중등도
0.30417328307525804,경+중등도
0.3722214968615671,경+중등도
0.7473605782319193,치명
0.4829997623517559,경+중등도
0.1282897411717274,경+중등도
0.10411315065545397,경+중등도
0.22861346327871332,경+중등도
0.09258906032368323,경+중등도
0.15458938946398068,경+중등도
0.0918168424218727,경+중등도
0.5307291637937563,경+중등도
0.3009754417631567,경+중등도
0.1372390714038684,경+중등도
0.0634333991170199,중상
0.07907507992907242,중상
0.3595911204424736,경+중등도
0.06473539401082622,경+중등도
0.15213789941994738,경+중등도
0.3819735199033381,경+중등도
0.26636059702255216,경+중등도
0.7675230346237827,경+중등도
0.08827694991230826,경+중등도
0.2621639609428165,치명
0.3481013244102807,경+중등도
0.01141155955142408,중상
0.005698166018357612,중상
0.042825967954296607,경+중등도
0.7230555196483907,경+중등도
0.055400878391276775,경+중등도
0.27738270512505775,경+중등도
0.20043296545426373,경+중등도
0.18792268839528073,경+중등도
0.1149244195350682,경+중등도
0.028956871846606645,경+중등도
0.05370961236543081,경+중등도
0.12028610289260566,중상
0.5628478077143974,경+중등도
0.5931032100680104,경+중등도
0.3118618034381207,경+중등도
0.20190444407944627,치명
0.18741387965046094,경+중등도
0.26542642886804085,경+중등도
0.4117084360658245,치명
0.04096975778178413,경+중등도
0.32243189685114876,경+중등도
0.1567330636593964,경+중등도
0.3383749354126784,경+중등도
0.6667699337806153,경+중등도
0.18859245501930197,경+중등도
0.1774467477967283,경+중등도
0.11077649254958222,경+중등도
0.7891188212411636,치명
0.265881186251394,경+중등도
0.10377868507138899,경+중등도
0.0807333353258,경+중등도
0.061119243761736185,경+중등도
0.20985692138488496,경+중등도
0.33043921443114316,경+중등도
0.12862785779973698,경+중등도
0.13313952475745813,경+중등도
0.41594290287279084,경+중등도
0.2995862940327441,경+중등도
0.005338902636670009,경+중등도
0.4487594408827054,경+중등도
0.05864644529818568,경+중등도
0.0848649040767853,경+중등도
0.1760709727796392,경+중등도
0.30730320648586124,경+중등도
0.07629969291841589,경+중등도
0.1245505328432513,경+중등도
0.3307139509833685,경+중등도
0.06295647495075106,경+중등도
0.3160394014694358,경+중등도
0.3472889355191484,경+중등도
0.3961745913039507,경+중등도
0.16031306090706465,경+중등도
0.4313048369741506,경+중등도
0.22005604427660952,경+중등도
0.042698612049136296,경+중등도
0.3167671297844832,치명
0.4305126348771964,경+중등도
0.188490543117404,경+중등도
0.30521436873898083,치명
0.03489290670154659,경+중등도
0.49145579866607453,경+중등도
0.10983188437247483,경+중등도
0.7394169300149818,경+중등도
0.584393685168538,치명
0.4354164787126922,경+중등도
0.07699793446846825,경+중등도
0.5486709504896902,경+중등도
0.19779797960604026,중상
0.12098116958420384,경+중등도
0.043372336829493756,중상
0.19972421044654287,경+중등도
0.04985651296136535,중상
0.30942944883003615,경+중등도
0.12022637440263334,경+중등도
0.3215379280306845,치명
0.6037704627381141,경+중등도
0.016248738868869274,경+중등도
0.20343582467117552,경+중등도
0.04745189594224781,경+중등도
0.3170665798801473,경+중등도
0.3933568927222914,경+중등도
0.1798225909934943,경+중등도
0.0917163829102729,경+중등도
0.3111461303449712,경+중등도
0.11835162660365921,경+중등도
0.25014729040580247,경+중등도
0.2384135041432596,경+중등도
0.14651551821443978,경+중등도
0.321018600706867,경+중등도
0.05450241112406647,경+중등도
0.5304064431986728,치명
0.05178693160682199,경+중등도
0.05479576782398307,경+중등도
0.47408563338776616,경+중등도
0.10978281165987107,경+중등도
0.030835818018046895,중상
0.07668856962123174,경+중등도
0.030439772529224984,경+중등도
0.12997087389206327,경+중등도
0.12955860217392842,경+중등도
0.15137616013127367,경+중등도
0.10146850929203875,중상
0.24151748274496618,경+중등도
0.11769835138595287,경+중등도
0.1834114051871538,경+중등도
0.0528051906893787,경+중등도
0.21460885108544078,경+중등도
0.17792565889283665,경+중등도
0.9465397549212797,치명
0.14947314452588795,경+중등도
0.056770662673776645,경+중등도
0.03790895276544739,경+중등도
0.36282100137912593,경+중등도
0.380663558614855,치명
0.023014478812614588,경+중등도
0.20498819654144798,경+중등도
0.2959534061896834,경+중등도
0.30420805224803155,치명
0.12979617255472997,경+중등도
0.5073563155681021,치명
0.30921336532334176,경+중등도
0.06449328884053009,경+중등도
0.1150271080921355,경+중등도
0.6097707336488831,경+중등도
0.06707639769134031,경+중등도
0.39678320501867165,경+중등도
0.07658013974009015,경+중등도
0.29090627824950877,경+중등도
0.22434147204494895,경+중등도
0.5249575981944178,경+중등도
0.11405132151572546,경+중등도
0.06370817724334867,치명
0.4286758903620905,경+중등도
0.22347685301019146,경+중등도
0.002723268907045408,중상
0.15563982150932562,경+중등도
0.3564096194733453,경+중등도
0.31146290035236174,경+중등도
0.8345735224291629,치명
0.4550763134517178,경+중등도
0.39727583502577907,경+중등도
0.10133453164886812,경+중등도
0.23155254816345927,경+중등도
0.1575929781115384,경+중등도
0.17762725840278057,경+중등도
0.025288078909762087,경+중등도
0.18709723113479615,경+중등도
0.14086272581682147,경+중등도
0.8420788421724762,경+중등도
0.43751089788751746,경+중등도
0.3868649419362791,경+중등도
0.23904803967238322,경+중등도
0.3444783315081679,경+중등도
0.02599772207178913,경+중등도
0.25534564221616807,경+중등도
0.0671543478539023,경+중등도
0.04219696302691228,경+중등도
0.44676996738165914,경+중등도
0.3055779366991742,경+중등도
0.22661647089892853,경+중등도
0.19321980622102428,경+중등도
0.38460888933218085,경+중등도
0.10576289706748487,경+중등도
0.026008638249150045,경+중등도
0.6459706703918773,경+중등도
0.21440820959185314,경+중등도
0.13545203081492072,경+중등도
0.0570360757619805,경+중등도
0.16789435811440878,경+중등도
0.6280503788179354,경+중등도
0.052365566001257614,경+중등도
0.003100095287879126,중상
0.031047794957363498,중상
0.5193270161607992,경+중등도
0.4058911603412108,치명
0.20530131494503054,경+중등도
0.39403830114467525,경+중등도
0.09725744187999952,경+중등도
0.09156134466056222,경+중등도
0.49288943788416506,경+중등도
0.009929493317237604,경+중등도
0.18855430504967066,경+중등도
0.07459693483554163,경+중등도
0.5913950969576597,치명
0.10341977754214327,경+중등도
0.007008648471154936,경+중등도
0.1261540624626687,경+중등도
0.0373300298919763,경+중등도
0.5026703449587689,경+중등도
0.1639649565667927,중상
0.09971663775896265,경+중등도
0.23188751196026067,경+중등도
0.16882197514540256,경+중등도
0.07955035830503367,경+중등도
0.07646522972851262,경+중등도
0.10253473962211763,경+중등도
0.1337780562223744,경+중등도
0.5445323863821517,경+중등도
0.12147888582836246,경+중등도
0.37885641764033284,경+중등도
0.05170255933749098,경+중등도
0.11063882553888915,경+중등도
0.1850643001110656,경+중등도
0.1431374530035228,경+중등도
0.30117780160537533,경+중등도
0.20323440026053677,경+중등도
0.2142799677619144,경+중등도
0.44399185751127507,경+중등도
0.21500569812793244,경+중등도
0.10078270617152313,경+중등도
0.34468643531259485,경+중등도
0.20924999706980732,경+중등도
0.23148509889239385,경+중등도
0.29416156128231336,경+중등도
0.09152810825599345,경+중등도
0.14501615971608908,경+중등도
0.07684992448573597,경+중등도
0.06194934359931794,경+중등도
0.4741813088054158,경+중등도
0.39055855222758956,경+중등도
0.11460575336096089,경+중등도
0.15310928328721876,경+중등도
0.1784577224488585,경+중등도
0.4431947269433578,경+중등도
0.46355962353083596,경+중등도
0.11474068722788812,중상
0.0407302876713539,경+중등도
0.09647829099228378,경+중등도
0.3921309794688099,경+중등도
0.2163931967880158,중상
0.44178417009270876,경+중등도
0.026173958165293058,경+중등도
0.5560389177314065,경+중등도
0.10064446650415744,경+중등도
0.48449439913346054,경+중등도
0.17497297981399573,경+중등도
0.11353235505696328,경+중등도
0.13653105759106487,경+중등도
0.38233002318202775,경+중등도
0.2896753688959875,치명
0.1328953830590488,중상
0.01787500311219276,경+중등도
0.04968419474415454,중상
0.2592210968275139,경+중등도
0.1708831696740113,경+중등도
0.41871269645763576,치명
0.11073835406987781,경+중등도
0.43751117470694495,경+중등도
0.170816686825242,경+중등도
0.16914975441358773,경+중등도
0.3704218815610096,경+중등도
0.3945955689773925,경+중등도
0.26126468672824743,경+중등도
0.748271878917491,치명
0.49998854883887517,경+중등도
0.3242893832142617,경+중등도
0.10237561097386604,경+중등도
0.1270517775712311,경+중등도
0.24746861163007652,경+중등도
0.21379947010340664,경+중등도
0.02651454075548609,중상
0.1637453107098084,경+중등도
0.2751457732467634,경+중등도
0.11194315121701844,중상
0.03159529078262709,경+중등도
0.33248583291834705,경+중등도
0.6817658359756719,경+중등도
0.11162004077006334,경+중등도
0.34614624193131416,경+중등도
0.18936815771920779,경+중등도
0.5738168517488337,경+중등도
0.24395173931823033,경+중등도
0.16662641039385864,경+중등도
0.06473369129947364,경+중등도
0.12369585637369857,경+중등도
0.1393568233856963,경+중등도
0.07186880637504338,경+중등도
0.14198730626159614,경+중등도
0.3293897130620561,경+중등도
0.12079358873460745,경+중등도
0.433082937467975,경+중등도
0.08236919476102018,경+중등도
0.27722791192187396,경+중등도
0.45213469053148203,경+중등도
0.04924504341274168,경+중등도
0.41612827169708927,치명
0.23545666792166486,경+중등도
0.41031369527752287,경+중등도
0.20345748707520497,경+중등도
0.07482404543457195,중상
0.020918308751266507,경+중등도
0.14837423862296453,경+중등도
0.332416721281037,경+중등도
0.09677262102293348,경+중등도
0.1410996738337915,경+중등도
0.07646384370203098,경+중등도
0.052471894606429724,경+중등도
0.14947400032078026,경+중등도
0.036123233565550555,경+중등도
0.19477138012603112,경+중등도
0.23310393296975643,경+중등도
0.4614342495518458,경+중등도
0.2353582235014907,경+중등도
0.0932822289279615,경+중등도
0.10009553309397494,경+중등도
0.20464776042749563,중상
0.2850149618534488,경+중등도
0.17712049773203076,경+중등도
0.2350912978313446,경+중등도
0.035882275546130486,경+중등도
0.25075230381122654,경+중등도
0.2625231057528486,경+중등도
0.3669078216354234,경+중등도
0.01877992605865764,경+중등도
0.13639421875921529,경+중등도
0.33079299907516163,경+중등도
0.1607197600740209,경+중등도
0.30828628129359653,경+중등도
0.10316234075815485,경+중등도
0.0031653995469582683,경+중등도
0.141331338444072,경+중등도
0.29969128283921487,경+중등도
0.23077906908229218,경+중등도
0.27001493270465343,경+중등도
0.24158392659477756,경+중등도
0.2625092267960644,경+중등도
0.22252915388533592,경+중등도
0.006194125319127376,중상
0.17640264563220076,경+중등도
0.386417139951934,경+중등도
0.2241454333502092,경+중등도
0.3484075661784251,경+중등도
0.042414830491451914,경+중등도
0.037352091007589856,경+중등도
0.26965464410329276,중상
0.2510524795701761,경+중등도
0.023190725758127705,경+중등도
0.0553943874032711,경+중등도
0.606050787930311,경+중등도
0.0898487534297409,경+중등도
0.02465224344992717,경+중등도
0.05559645903546485,경+중등도
0.047217742504407474,경+중등도
0.5345267692874608,경+중등도
0.11963158085158654,경+중등도
0.16882165314655148,경+중등도
0.3911943170529069,경+중등도
0.06418319540107842,경+중등도
0.06524506026009523,치명
0.4867373162558644,경+중등도
0.45342564017284753,경+중등도
0.4052229384897459,경+중등도
0.9529429475631016,치명
0.15235334346143106,경+중등도
0.2801807075054985,경+중등도
0.05847391955561428,중상
0.8945687315598638,치명
0.20535235617355596,경+중등도
0.11115018730903094,경+중등도
0.25489945424631283,경+중등도
0.14138426588856892,경+중등도
0.024745401399101447,경+중등도
0.14904996531356826,경+중등도
0.14314661755730607,경+중등도
0.05895236463143749,경+중등도
0.06023899799816734,경+중등도
0.13583245864855506,중상
0.06138498727276213,경+중등도
0.07489991399977208,경+중등도
0.12913586352900217,경+중등도
0.22594031803362602,경+중등도
0.8645570793065928,치명
0.21150329159959325,경+중등도
0.12958181818592104,경+중등도
0.06918939615486301,경+중등도
0.7956630322790538,치명
0.4258970880942792,경+중등도
0.44375042066712717,경+중등도
0.1147143592275156,경+중등도
0.22339799304588817,경+중등도
0.1870081901740536,경+중등도
0.0399024648708787,경+중등도
0.05321106000691831,경+중등도
0.21401623417361848,치명
0.018189781072233686,중상
0.19495317843953194,경+중등도
0.2311642476697752,경+중등도
0.09739999789418875,경+중등도
0.35423170248689023,경+중등도
0.3066071549040208,경+중등도
0.060132204351747966,경+중등도
0.20561000621477343,경+중등도
0.029158205709507,중상
0.22488009023857947,경+중등도
0.1504066602660029,경+중등도
0.3623271425845495,경+중등도
0.17868026495357284,경+중등도
0.41365474290044535,경+중등도
0.2820666947612594,경+중등도
0.9032725157342018,치명
0.12189462864254182,경+중등도
0.1148323580239385,경+중등도
0.20536371022875177,경+중등도
0.7234817528670093,경+중등도
0.3278907299212143,경+중등도
0.025690677115695486,경+중등도
0.0028538725589267295,중상
0.29610993880610414,경+중등도
0.2914307071716487,경+중등도
0.1139071198283403,경+중등도
0.03061741272936075,경+중등도
0.5097999923149031,경+중등도
0.13724890268777998,경+중등도
0.3681561109130538,경+중등도
0.058663716129698264,경+중등도
0.08144904013009367,중상
0.13906924128501388,경+중등도
0.019624254826147287,경+중등도
0.39000039951368426,경+중등도
0.203735049227428,경+중등도
0.39749475210190105,경+중등도
0.6979387379253214,경+중등도
0.3327718791344817,경+중등도
0.1340052696964731,경+중등도
0.760730675280826,경+중등도
0.04914312153264789,경+중등도
0.3543859315103588,중상
0.21200230131220996,경+중등도
0.19507206057525708,경+중등도
0.03822937265218058,경+중등도
0.23095995162657523,경+중등도
0.004074825394266373,경+중등도
0.3157905984593044,중상
0.032234972169044133,중상
0.22884820930221186,중상
0.09763498129916844,경+중등도
0.08530707803368463,경+중등도
0.21206727966692243,경+중등도
0.1813798841746075,경+중등도
0.2743810935891644,경+중등도
0.17968195767640502,경+중등도
0.0077044081879945785,경+중등도
0.07071061201025804,경+중등도
0.031231272181466554,경+중등도
0.09216574073172985,경+중등도
0.2527927223563745,경+중등도
0.117044144486851,경+중등도
0.4367499713462952,치명
0.15873183242521338,치명
0.3972334814760794,경+중등도
0.0407458356347374,경+중등도
0.16723974547576917,경+중등도
0.06314173216601414,경+중등도
0.05220966307092908,경+중등도
0.041600611182130064,경+중등도
0.0811306042734838,경+중등도
0.04580377963654134,경+중등도
0.03561590843074322,경+중등도
0.2511544339233202,경+중등도
0.08683610453996586,경+중등도
0.18062131082773794,경+중등도
0.01091676063372485,경+중등도
0.10372650413730344,경+중등도
0.19005939512474399,경+중등도
0.11450317376790155,경+중등도
0.1924391523602292,경+중등도
0.11970729937170625,경+중등도
0.1948704821334409,경+중등도
0.5369199884088337,경+중등도
0.039611807077283075,중상
0.009798874843672548,중상
0.04264778010989608,경+중등도
0.09472222764559779,경+중등도
0.10005864540857527,경+중등도
0.06816881171211754,경+중등도
0.19137300301561996,경+중등도
0.10827349917473765,경+중등도
0.37080582058374584,경+중등도
0.632021704173696,경+중등도
0.03665133005411443,경+중등도
0.1560587515752079,경+중등도
0.2760044725506195,경+중등도
0.20468148704615344,경+중등도
0.3723260241148152,경+중등도
0.04519436294540532,경+중등도
0.11883014662768922,경+중등도
0.25343702262556206,경+중등도
0.28063340536835274,경+중등도
0.2873343819049496,경+중등도
0.34827933298656316,경+중등도
0.02144328424127459,중상
0.0576243859679843,경+중등도
0.14602283741909713,경+중등도
0.24176778133272067,경+중등도
0.15388260527195538,경+중등도
0.11747068094999306,경+중등도
0.45308367894271306,경+중등도
0.35952998500352124,경+중등도
0.2849695229969445,경+중등도
0.03489151629176871,중상
0.12538712225041718,경+중등도
0.07291482405480368,경+중등도
0.32798904751329133,경+중등도
0.04969845011114545,경+중등도
0.03196704292778844,경+중등도
0.12479552240640658,경+중등도
0.08625120875864235,경+중등도
0.5643471782782049,치명
0.07092137971175264,경+중등도
0.14622970593071985,경+중등도
0.49007785882500693,경+중등도
0.109965412437298,경+중등도
0.005926353805119251,중상
0.4246981885862078,경+중등도
0.0737213703303299,경+중등도
0.13683377448985506,경+중등도
0.23037405096007135,경+중등도
0.15598266466601496,경+중등도
0.02122966210165977,중상
0.0075231036437855454,중상
0.1284727292158825,경+중등도
0.08906097133611172,경+중등도
0.5600830949403172,경+중등도
0.12683866220606532,경+중등도
0.32358463139500865,경+중등도
0.11629450413054067,경+중등도
0.3012687883797956,경+중등도
0.3690360749480554,경+중등도
0.40521863239288947,경+중등도
0.13584042770600377,경+중등도
0.20348292149112276,경+중등도
0.0663787339414389,경+중등도
0.23284212855530026,경+중등도
0.15869391964635302,경+중등도
0.062445578083658394,경+중등도
0.08969271163980597,경+중등도
0.18501877916851026,경+중등도
0.11814567254524426,경+중등도
0.8018003368927777,경+중등도
0.04830951788387727,경+중등도
0.055084551574433226,경+중등도
0.43229858575953317,경+중등도
0.0522089820392537,경+중등도
0.04829537621502017,경+중등도
0.11262845366684206,경+중등도
0.12727692644606958,경+중등도
0.45228155076038695,치명
0.27444131993878285,경+중등도
0.2657915749361246,경+중등도
0.3405993306342667,경+중등도
0.07753703002949984,치명
0.08384633704891618,경+중등도
0.003145447875829968,중상
0.09326922151943173,경+중등도
0.06472332301011034,경+중등도
0.02366329220442094,경+중등도
0.04452429831358043,중상
0.10781991409792342,경+중등도
0.14375044122241365,경+중등도
0.13475293152123716,경+중등도
0.1622069620731212,경+중등도
0.39102001248753554,경+중등도
0.48548999290369405,경+중등도
0.3593476242458084,경+중등도
0.12210975488227778,경+중등도
0.25757027002143146,경+중등도
0.8780296607060342,경+중등도
0.2665292408057844,경+중등도
0.0036258814931316914,경+중등도
0.5594056910686293,경+중등도
0.4773665532100592,경+중등도
0.061091442336374646,경+중등도
0.09886758995921181,경+중등도
0.048081747302350424,경+중등도
0.04911184786544449,경+중등도
0.22292005910803991,경+중등도
0.09614069313166144,경+중등도
0.08111963085580327,경+중등도
0.025254346362231367,경+중등도
0.45093029473029417,경+중등도
0.35594808376955206,경+중등도
0.10489733912091699,경+중등도
0.026939249465915676,경+중등도
0.2325945398395768,경+중등도
0.06743123152418612,경+중등도
0.7836355544376036,경+중등도
0.26946543456440125,경+중등도
0.10747367340296556,경+중등도
0.9555046473819312,치명
0.6278207431522661,경+중등도
0.1551291047471044,경+중등도
0.34924984451166363,경+중등도
0.11585568085273179,경+중등도
0.07543305302624655,경+중등도
0.0785244939925075,경+중등도
0.01717035396296003,중상
0.3799571672709265,치명
0.5280166227201986,경+중등도
0.376855437269785,경+중등도
0.07134277108823102,경+중등도
0.048969212776291626,경+중등도
0.038436666207730064,경+중등도
0.1856833629701907,경+중등도
0.6361806338941469,경+중등도
0.08921736565249878,경+중등도
0.11644073838444872,경+중등도
0.1498494231898376,경+중등도
0.265465100504731,경+중등도
0.09705960627260767,경+중등도
0.039349284768204824,경+중등도
0.37946894010003823,경+중등도
0.5207792435630975,경+중등도
0.4240422260752446,경+중등도
0.10770735351593475,경+중등도
0.007274035787977949,중상
0.5387710414809914,경+중등도
0.295955627522209,경+중등도
0.1532405470173321,경+중등도
0.38725191736398984,경+중등도
0.17678413052241262,치명
0.6645713910532983,경+중등도
0.5135592890318986,경+중등도
0.21132185738459008,경+중등도
0.47275910368344914,중상
0.1242342374369453,경+중등도
0.28564634347919116,치명
0.010170582804471397,경+중등도
0.03900270704639549,경+중등도
0.6060850839389307,경+중등도
0.11793558403940924,경+중등도
0.10553598978851327,경+중등도
0.08888598187031578,경+중등도
0.021421043948723507,경+중등도
0.234745157178085,경+중등도
0.005226980365247595,경+중등도
0.8057273898530318,치명
0.5578442286856043,경+중등도
0.07292273221828027,경+중등도
0.05386948841420808,경+중등도
0.033090245096262454,경+중등도
0.22487954604639096,경+중등도
0.03744534822871054,중상
0.046867247342456654,경+중등도
0.3608013492489784,경+중등도
0.28463882884594977,경+중등도
0.20713921683985279,경+중등도
0.008611871075130615,경+중등도
0.21258106617202524,경+중등도
0.21529710798608218,경+중등도
0.06563006660831754,경+중등도
0.04591991869110784,경+중등도
0.47249248369937186,경+중등도
0.13779772003650742,경+중등도
0.9132116774556979,치명
0.09471611097678177,경+중등도
0.24002813639561124,경+중등도
0.3699909296173707,경+중등도
0.003063841193562023,경+중등도
0.14792348168211086,경+중등도
0.025532766062950837,경+중등도
0.2532446645549847,경+중등도
0.16570743044707056,경+중등도
0.03411567682628938,경+중등도
0.7043888781951649,치명
0.21344073929397225,경+중등도
0.3163694724489454,경+중등도
0.27416401067988355,경+중등도
0.08333193870997381,중상
0.38530037218484825,경+중등도
0.25237709773006184,중상
0.15749208476074084,경+중등도
0.009825063449615026,중상
0.06147044646445132,경+중등도
0.09291943900521853,경+중등도
0.1517917726164192,경+중등도
0.030735256538612518,경+중등도
0.5473714340079111,경+중등도
0.03795548916028507,경+중등도
0.182728976892503,경+중등도
0.1523474771241055,경+중등도
0.30362604524605447,경+중등도
0.08312940679404072,경+중등도
0.6925009677873021,중상
0.2023152791089167,중상
0.04681407670106325,경+중등도
0.005626925064586002,중상
0.24581132701796782,경+중등도
0.14290955676665026,경+중등도
0.011828863156161004,경+중등도
0.22495779197485652,경+중등도
0.10640676098309637,경+중등도
0.00869739172857944,경+중등도
0.04765356248501804,경+중등도
0.5601920946688004,경+중등도
0.039318928559989384,경+중등도
0.14402308354087948,경+중등도
0.12189892625773281,경+중등도
0.007156112310754751,경+중등도
0.4129023407743581,경+중등도
0.2780023156470866,경+중등도
0.45000092530741864,경+중등도
0.12217355316337859,경+중등도
0.09856694776119031,경+중등도
0.30884447900562967,경+중등도
0.241886783427373,경+중등도
0.012132183653550108,중상
0.6320184531639687,중상
0.43930988434340373,경+중등도
0.36435940763951624,경+중등도
0.02828781692840131,경+중등도
0.09441158382137738,경+중등도
0.31704886817823724,경+중등도
0.2624868258927612,경+중등도
0.46675034448224967,경+중등도
0.14926886168213216,경+중등도
0.1620081253217823,중상
0.09552703301756942,경+중등도
0.6146459100533826,경+중등도
0.2979203876738723,경+중등도
0.05888870461581611,경+중등도
0.42484280762306303,경+중등도
0.7938972016512094,경+중등도
0.08792200464181633,경+중등도
0.030156519821312067,중상
0.09964951797383396,경+중등도
0.3230669580863986,경+중등도
0.2945866515585182,경+중등도
0.09332802501114139,중상
0.07364642616024737,경+중등도
0.045701438520841166,경+중등도
0.9156855284227886,경+중등도
0.12712267116739343,경+중등도
0.5350657968787625,경+중등도
0.11645612881301466,경+중등도
0.2816656131270891,경+중등도
0.3104725723288211,중상
0.35462538622800466,경+중등도
0.12353328741598775,경+중등도
0.06401204705096285,경+중등도
0.17940228237492062,경+중등도
0.29188521222973207,경+중등도
0.3339585883925294,경+중등도
0.4595565428489768,경+중등도
0.08062575583676855,경+중등도
0.8446608017747708,경+중등도
0.26037491877917257,경+중등도
0.39508139843928874,경+중등도
0.13547196845796974,경+중등도
0.05275324418511029,경+중등도
0.024984460917055987,중상
0.027849565188970745,경+중등도
0.4117716929804088,경+중등도
0.09612263739851755,경+중등도
0.0590408511882373,경+중등도
0.5221810190110977,경+중등도
0.21018317807863043,경+중등도
0.12036073544846637,경+중등도
0.24682346462967064,경+중등도
0.21926077884923076,경+중등도
0.26805711851474884,경+중등도
0.23994688819040078,경+중등도
0.21463139765811226,치명
0.03168542329412139,경+중등도
0.14268765563766325,경+중등도
0.18439867067470792,경+중등도
0.2589278811166302,경+중등도
0.09436061763368508,경+중등도
0.12501592776818202,경+중등도
0.7594609605224812,중상
0.1589318187507226,경+중등도
0.38202312494935775,경+중등도
0.058823697659747765,경+중등도
0.05268615616551773,경+중등도
0.4679579248738164,경+중등도
0.05530900725965762,경+중등도
0.141675266117617,경+중등도
0.008844297635203748,경+중등도
0.1189308728431104,경+중등도
0.3240666968256704,경+중등도
0.1364385676424166,경+중등도
0.6267701491303601,경+중등도
0.0954901722466248,경+중등도
0.12419408001447464,경+중등도
0.08099407731399533,경+중등도
0.2914492040399123,경+중등도
0.2030618716373885,경+중등도
0.1829366070328442,경+중등도
0.06581362566190746,경+중등도
0.1233147066631246,경+중등도
0.0168516781560983,경+중등도
0.030366219337585227,경+중등도
0.21268661701654615,경+중등도
0.23303414507285589,경+중등도
0.5535535480708169,경+중등도
0.034021016401676964,경+중등도
0.07968599715185405,경+중등도
0.2772350787518936,경+중등도
0.05745296264285558,중상
0.10085997671393976,경+중등도
0.9140900443964138,치명
0.28189123043266184,경+중등도
0.3778120290370866,경+중등도
0.3636674073189788,치명
0.4290001980615823,경+중등도
0.48635216554860894,경+중등도
0.01653897383760169,경+중등도
0.44737310704984284,경+중등도
0.07914690633855993,경+중등도
0.7208400642037933,치명
0.40327315013880405,경+중등도
0.006011972638911921,경+중등도
0.18474472768609,경+중등도
0.3281965181138919,경+중등도
0.0676582714395526,경+중등도
0.24662082838695873,경+중등도
0.14225058385046532,중상
0.012978887051197865,경+중등도
0.06592101682830583,중상
0.18067010375071982,경+중등도
0.016240159455046532,경+중등도
0.13057492535313467,경+중등도
0.05050933058642065,경+중등도
0.5088969700647835,경+중등도
0.018681112365539976,경+중등도
0.15386798815142885,경+중등도
0.31533603686183836,경+중등도
0.029996783030524735,경+중등도
0.11897483437159899,경+중등도
0.47605427908474685,경+중등도
0.6035196236063557,경+중등도
0.06409592727030872,경+중등도
0.18503143769298833,경+중등도
0.5506943816637121,경+중등도
0.421243743672983,치명
0.43581429937785526,경+중등도
0.3834094760304943,경+중등도
0.21410502553157537,경+중등도
0.048351991063494686,중상
0.4721226523866955,경+중등도
0.051548782164708644,경+중등도
0.049284993516639196,경+중등도
0.4884354016612886,경+중등도
0.10306837819782372,경+중등도
0.4530974547741498,치명
0.3358072227693443,경+중등도
0.12459092510401504,경+중등도
0.31839278090320455,경+중등도
0.07148596107760015,경+중등도
0.7648906199526354,치명
0.08948799878026754,경+중등도
0.5874137777351135,경+중등도
0.29599117677845566,경+중등도
0.10685859520191339,경+중등도
0.3642017624304324,경+중등도
0.08856001317294575,경+중등도
0.0239025136160271,경+중등도
0.08196882378044178,경+중등도
0.3881118743366776,경+중등도
0.27404694202236207,경+중등도
0.09856940711384417,경+중등도
0.2148170543766111,경+중등도
0.13751028651664812,경+중등도
0.16175919072752196,경+중등도
0.13542929387869676,경+중등도
0.4791730628636301,경+중등도
0.25802436224614267,경+중등도
0.3783980346771108,경+중등도
0.04831995705254285,경+중등도
0.010844864172210448,중상
0.5052609663128128,경+중등도
0.0631022996788086,경+중등도
0.19901496629573348,경+중등도
0.082367991945262,경+중등도
0.048622454431520266,경+중등도
0.427423850297332,경+중등도
0.8447535133963436,경+중등도
0.12619330243984875,경+중등도
0.21896381268581042,경+중등도
0.09184930608104337,경+중등도
0.04492156945873697,경+중등도
0.08233528037064192,중상
0.13175465596693367,경+중등도
0.2447195925257307,경+중등도
0.08742593279337656,경+중등도
0.09098052785929227,경+중등도
0.43696466039453835,경+중등도
0.16884245904720988,경+중등도
0.8867860414526053,경+중등도
0.3247479217494251,경+중등도
0.10446765800758273,중상
0.08719913623167101,경+중등도
0.5407416369609663,경+중등도
0.055030174756412,경+중등도
0.4334898994514628,경+중등도
0.6235765393799232,경+중등도
0.4845148232043175,경+중등도
0.17499189487741354,경+중등도
0.10431417874229283,경+중등도
0.5837036494144733,치명
0.1739614732491391,경+중등도
0.4501278028364819,경+중등도
0.10171876527131461,경+중등도
0.14603026168385866,경+중등도
0.16515744106625838,중상
0.7279832529621767,경+중등도
0.02553541681111335,경+중등도
0.44805152627293854,경+중등도
0.3329473495114723,경+중등도
0.03494733143072976,경+중등도
0.10605285950719055,경+중등도
0.30179602285047363,경+중등도
0.057279578177965064,경+중등도
0.08684991796647668,경+중등도
0.6615075594186566,경+중등도
0.1487300886468255,경+중등도
0.45315901316643864,경+중등도
0.48302402647148535,경+중등도
0.10373942284814426,경+중등도
0.1863585405671452,경+중등도
0.35672453541304544,경+중등도
0.04624272963797086,중상
0.14240422354939414,경+중등도
0.506391500904019,경+중등도
0.41291776808311015,경+중등도
0.032672935314434604,경+중등도
0.02842485520457823,경+중등도
0.07893944448655854,경+중등도
0.6087261799406152,경+중등도
0.5968808302185113,경+중등도
0.0940066715010353,경+중등도
0.3503969302758121,경+중등도
0.03218010411577,경+중등도
0.5307985538649539,경+중등도
0.16869912163835868,경+중등도
0.08406495791228093,경+중등도
0.3353461850774723,경+중등도
0.25346846090377867,경+중등도
0.05283797857905248,경+중등도
0.29449517630584726,경+중등도
0.7482270923926629,치명
0.0923622017220136,경+중등도
0.17705189789647421,경+중등도
0.38879878163209486,경+중등도
0.9135402866540504,치명
0.4692460030502406,경+중등도
0.10473100053491972,경+중등도
0.2195285567687595,경+중등도
0.045575580989295476,경+중등도
0.006442850928676536,경+중등도
0.0758479509661064,경+중등도
0.052462936840341486,경+중등도
0.09437347109562268,경+중등도
0.4684158526514455,경+중등도
0.22935544251914952,경+중등도
0.8759392675207568,치명
0.2252210108537985,경+중등도
0.19815600355649632,치명
0.11769335668979423,경+중등도
0.09598510206560651,경+중등도
0.027181459694316606,경+중등도
0.14477234348600365,경+중등도
0.051673527457185224,경+중등도
0.138771501997683,치명
0.05802889402862987,경+중등도
0.2046521325211255,경+중등도
0.22042626203299587,경+중등도
0.22541919848646766,경+중등도
0.5692286665169731,경+중등도
0.10097595129754781,경+중등도
0.0071593405021534206,경+중등도
0.4246506765472087,중상
0.13805845386540253,경+중등도
0.26649797234608935,경+중등도
0.13958954392841205,경+중등도
0.08575721749416455,치명
0.27903944047279056,경+중등도
0.08022400499635707,중상
0.17073119210918616,경+중등도
0.1193706827295415,경+중등도
0.1676667587846489,경+중등도
0.02921241066714819,경+중등도
0.08800822305397481,경+중등도
0.14742204464355843,경+중등도
0.16556598289872612,경+중등도
0.10822297064925325,경+중등도
0.3027083505502366,경+중등도
0.18713968422676722,경+중등도
0.08866912324334193,경+중등도
0.185088593495447,경+중등도
0.1097415372616309,경+중등도
0.06701881259707482,경+중등도
0.04820345336575069,경+중등도
0.054406301932957424,경+중등도
0.10290533849850986,경+중등도
0.09488158130818551,경+중등도
0.07517403224783892,치명
0.10772974003049858,경+중등도
0.06717835898666397,경+중등도
0.11880134178677661,경+중등도
0.017694506044645102,경+중등도
0.2195766024614074,경+중등도
0.7265519625593164,치명
0.14668559567659126,경+중등도
0.09929768731466633,경+중등도
0.32116528384319853,경+중등도
0.02531640553473569,경+중등도
0.20856377835217424,경+중등도
0.055653326576236624,경+중등도
0.13284894045559345,경+중등도
0.053198443907648045,경+중등도
0.4581057160968258,치명
0.057451843916691135,경+중등도
0.03753844613958431,경+중등도
0.15844362661201555,경+중등도
0.632204194884976,경+중등도
0.07411574681486709,경+중등도
0.021466006209400534,경+중등도
0.049444102688202464,경+중등도
0.1470603186992819,경+중등도
0.22394082850424513,경+중등도
0.26279697195546253,경+중등도
0.07005709672030974,경+중등도
0.07874652632848578,경+중등도
0.09430507502530949,경+중등도
0.007516124106559216,중상
0.2812130867649573,경+중등도
0.22629735834190248,경+중등도
0.05891844955977952,경+중등도
0.05507711830991122,경+중등도
0.3103784821709903,경+중등도
0.5602090861589729,치명
0.27804799693349525,치명
0.17509227783168455,경+중등도
0.11460755669880994,경+중등도
0.1766978044844275,경+중등도
0.13948057143098472,경+중등도
0.6475715808280658,경+중등도
0.04523121697354906,경+중등도
0.14038273190077843,경+중등도
0.12080988975914268,경+중등도
0.35687102268347887,경+중등도
0.5143342656102834,경+중등도
0.08005567751958605,경+중등도
0.17058025521110287,경+중등도
0.12489996551272586,경+중등도
0.007208623279420606,경+중등도
0.2585643745921584,경+중등도
0.15679487992873464,치명
0.18117097323957987,경+중등도
0.21326675776787474,경+중등도
0.12408609906852079,경+중등도
0.055767514882000095,경+중등도
0.0870198257409507,경+중등도
0.4604116353623435,경+중등도
0.7615160033397284,경+중등도
0.3141486080901882,경+중등도
0.04590974110138588,경+중등도
0.1319922134595952,경+중등도
0.1286291102324488,경+중등도
0.2868660367176316,치명
0.10321806232379538,경+중등도
0.04855789005840493,경+중등도
0.08045273748651888,경+중등도
0.2746191045184023,경+중등도
0.19212116684003314,경+중등도
0.012275922608252074,경+중등도
0.23871611430480244,경+중등도
0.4470669019569437,경+중등도
0.08744016054246935,경+중등도
0.452783248481014,경+중등도
0.107715985478874,경+중등도
0.08128036255546632,경+중등도
0.005350527792538804,중상
0.4785600014684308,경+중등도
0.09606695703147193,경+중등도
0.6036956545899511,경+중등도
0.10160659727529563,경+중등도
0.4364109403318739,경+중등도
0.10053091527690068,경+중등도
0.12015988090985046,경+중등도
0.052887449747099795,경+중등도
0.033232035027493674,경+중등도
0.07246631826039325,경+중등도
0.6170396807125282,치명
0.15599098934308467,경+중등도
0.16301766335523252,경+중등도
0.016269742716040796,중상
0.3460000163072712,경+중등도
0.58827487066055,경+중등도
0.13000579061855855,경+중등도
0.26401939051546136,경+중등도
0.057737449546327944,경+중등도
0.04132967031072745,경+중등도
0.2348376123889905,경+중등도
0.030725525671456973,경+중등도
0.41362848014494763,경+중등도
0.2564761886350916,경+중등도
0.3966628249985968,치명
0.4146242269109299,경+중등도
0.5816065897669321,경+중등도
0.07352232897164263,경+중등도
0.21709974377143515,경+중등도
0.19387995713542225,경+중등도
0.01402085381497919,경+중등도
0.3261406046131821,경+중등도
0.03127901630769645,경+중등도
0.3520671113643074,경+중등도
0.1166348000593781,경+중등도
0.5795691823750532,치명
0.6567574118049637,치명
0.5696863352648291,경+중등도
0.20544823827596748,경+중등도
0.2150710851939915,경+중등도
0.08732443311107731,중상
0.07376669548297389,경+중등도
0.06554289626945015,중상
0.834714218316546,경+중등도
0.07114678854393179,경+중등도
0.02526413560284606,경+중등도
0.052978071871440484,경+중등도
0.0791215343103123,경+중등도
0.47838975059162925,경+중등도
0.041755028249195435,경+중등도
0.41936836713509235,경+중등도
0.46746245621628163,경+중등도
0.028475725851870904,경+중등도
0.6106847782770423,경+중등도
0.010414369094224494,경+중등도
0.2459363869518868,경+중등도
0.24082912825440528,경+중등도
0.38921717205233536,경+중등도
0.39264920458079233,경+중등도
0.04795746506168482,경+중등도
0.23050715681103917,중상
0.08180424766530774,경+중등도
0.3137861822647816,경+중등도
0.3483789011008757,경+중등도
0.18213690768742397,경+중등도
0.07311386164267343,경+중등도
0.25973364730629583,경+중등도
0.16091369635280742,경+중등도
0.5067552876404444,경+중등도
0.1647775237387986,경+중등도
0.13225925988784287,경+중등도
0.08062823609836288,경+중등도
0.17012793574511342,경+중등도
0.1928708090996074,경+중등도
0.14263981265470296,경+중등도
0.4383065275293721,치명
0.4765210861515305,경+중등도
0.6056493129275599,경+중등도
0.27071912668004344,경+중등도
0.6163312577815615,경+중등도
0.1738368972991048,경+중등도
0.03606511559935601,경+중등도
0.03994388755443467,중상
0.1209776285956727,경+중등도
0.023751459145929205,경+중등도
0.10278555645608045,경+중등도
0.22932316341369888,경+중등도
0.14191437087282158,경+중등도
0.14970608212839434,경+중등도
0.1761135403871037,경+중등도
0.47573663964386875,경+중등도
0.4193680816583117,경+중등도
0.07541657638514253,경+중등도
0.09752614587547725,경+중등도
0.3171570102595814,경+중등도
0.14588896122888492,경+중등도
0.22190842271675096,중상
0.09827874966200133,경+중등도
0.5378598094351607,경+중등도
0.6991822265282512,치명
0.11282292269061323,경+중등도
0.11091696270600386,경+중등도
0.09990378148013208,경+중등도
0.1193842629651773,경+중등도
0.1748793457752563,경+중등도
0.6093072011177509,경+중등도
0.04277500255185535,중상
0.15518889160193627,경+중등도
0.1540853385818403,경+중등도
0.45693069759307087,경+중등도
0.3207772364135621,경+중등도
0.25793971355208156,경+중등도
0.5022772118181134,경+중등도
0.591982754505344,중상
0.1196500426858001,경+중등도
0.08502107180475647,경+중등도
0.586370774081591,경+중등도
0.09618316933065978,경+중등도
0.3144344776356838,경+중등도
0.08691528292685653,경+중등도
0.07937526182316113,경+중등도
0.1736510309744463,치명
0.3443967527131018,경+중등도
0.053633234981349226,경+중등도
0.2140551493107572,경+중등도
0.09407934575986736,경+중등도
0.1753692270074557,경+중등도
0.12297429244895806,중상
0.1498929510888886,경+중등도
0.035840594287170874,경+중등도
0.02798246029357071,경+중등도
0.19204641437336603,중상
0.012116092380471377,경+중등도
0.4775232958403017,경+중등도
0.049879616460484805,경+중등도
0.04450423657836363,경+중등도
0.16856639734991927,경+중등도
0.5661236542938141,경+중등도
0.16224980792857446,경+중등도
0.10026150686750195,경+중등도
0.5461543250536232,경+중등도
0.07556410066535886,경+중등도
0.6121313572565914,경+중등도
0.3237818364579829,경+중등도
0.03619558007387184,경+중등도
0.23988877997816113,경+중등도
0.10711557903281084,중상
0.2652277970742172,경+중등도
0.27969910531520426,경+중등도
0.15095365668403896,경+중등도
0.1907062483328182,경+중등도
0.59427434146891,경+중등도
0.4464135498667681,경+중등도
0.08548264410598909,경+중등도
0.5012495796908559,중상
0.14197430715139323,중상
0.1371848653586592,경+중등도
0.263532571408865,경+중등도
0.5177406259435116,경+중등도
0.2447502644582115,경+중등도
0.04144263599691014,경+중등도
0.3720754047293817,경+중등도
0.505099731110356,중상
0.0588556740472469,경+중등도
0.5481153142489349,경+중등도
0.4446288926847046,경+중등도
0.574050604228589,경+중등도
0.27969595397506114,경+중등도
0.08143973181903676,경+중등도
0.10815880131390097,치명
0.18215723191098163,경+중등도
0.49221061301620944,경+중등도
0.12046592471283335,경+중등도
0.07071210741730834,경+중등도
0.10322371814541957,경+중등도
0.6333475263236658,경+중등도
0.10496370606746064,경+중등도
0.02112156143197759,중상
0.39191194529654805,경+중등도
0.15107717668415518,경+중등도
0.13968044358866824,경+중등도
0.5974782183140391,경+중등도
0.03963043364399075,경+중등도
0.481092746929592,경+중등도
0.2061339457232777,경+중등도
0.223354139963589,치명
0.013868569355206,경+중등도
0.06900650236823162,경+중등도
0.16680254212122478,경+중등도
0.06413633117576413,경+중등도
0.2391647940003955,경+중등도
0.09988806605746932,경+중등도
0.3837180674767729,경+중등도
0.03693043043077585,경+중등도
0.013715741276515862,중상
0.31292029018667633,경+중등도
0.18870074546039986,경+중등도
0.1797790421735648,경+중등도
0.10940127946895511,경+중등도
0.5123341047956901,경+중등도
0.16465908919906846,경+중등도
0.4838720951154354,경+중등도
0.487569062968354,경+중등도
0.18649782393224645,경+중등도
0.143339676448089,경+중등도
0.02605341830623691,경+중등도
0.17711555533618295,중상
0.2399050051660576,경+중등도
0.5909248836922237,치명
0.1029404319711185,경+중등도
0.17293078988242072,경+중등도
0.22743830850659294,경+중등도
0.0568977499558778,경+중등도
0.15216012413911514,경+중등도
0.09437968763140069,경+중등도
0.08796164778709037,경+중등도
0.020061680723859457,경+중등도
0.2663667096528523,경+중등도
0.17992033250333272,경+중등도
0.5709457610281977,경+중등도
0.35962613321992093,경+중등도
0.003848920002941708,경+중등도
0.22698344612044763,경+중등도
0.14655959618650888,경+중등도
0.2399786602680337,경+중등도
0.039098542545139704,경+중등도
0.030436998034907885,경+중등도
0.49259830308070907,경+중등도
0.08052999239625185,경+중등도
0.891038267139242,치명
0.08661611505795642,경+중등도
0.6453929188355864,경+중등도
0.09753321308315133,경+중등도
0.14415298573644766,경+중등도
0.2958556872488605,경+중등도
0.8238630451710495,치명
0.19841532558385486,경+중등도
0.06023217656318595,경+중등도
0.45683404793256716,경+중등도
0.04350987014351091,중상
0.04676069029716288,중상
0.11112676707078085,경+중등도
0.5506630877310726,경+중등도
0.8618885036006403,치명
0.005415654977827789,중상
0.0844332960174235,경+중등도
0.014170476689869487,중상
0.6198479190650846,경+중등도
0.8160419744142269,경+중등도
0.108244638992736,경+중등도
0.11216743478471307,치명
0.1823769424904105,경+중등도
0.12602436754567803,경+중등도
0.45638823764075753,경+중등도
0.3949794773495949,경+중등도
0.012350525460565065,경+중등도
0.3416111378342375,경+중등도
0.38372788517959205,경+중등도
0.06812955556361133,경+중등도
0.46605389722431073,경+중등도
0.2968158378726024,경+중등도
0.18104274510873627,경+중등도
0.4602232344391927,경+중등도
0.20315999220723238,경+중등도
0.17916089677320582,치명
0.15596717335542085,경+중등도
0.09035725547480065,중상
0.14796770311755011,경+중등도
0.20757229529593615,경+중등도
0.18006081218651102,경+중등도
0.6377069862606906,경+중등도
0.28805862282011874,경+중등도
0.0031973301613533686,중상
0.1636087903831581,경+중등도
0.0020357389499565492,중상
0.48827437294627724,경+중등도
0.40326569569646925,중상
0.785471378776882,치명
0.04824452457944322,경+중등도
0.22656425469799046,경+중등도
0.5865303533459857,경+중등도
0.7664493487453076,치명
0.2594316369751565,경+중등도
0.12563994713420817,경+중등도
0.41015361190166866,경+중등도
0.09884469665379221,경+중등도
0.5514506027530061,경+중등도
0.05262526929710598,경+중등도
0.005195897032229846,중상
0.06970140950837633,경+중등도
0.11474004988133436,경+중등도
0.1275770536448532,경+중등도
0.12719454649781195,경+중등도
0.12531695859372713,경+중등도
0.1538855773333985,경+중등도
0.06430775145944019,경+중등도
0.1028748360954989,경+중등도
0.06236189959489735,경+중등도
0.1847853246858567,경+중등도
0.13512341233905764,경+중등도
0.13063822531020186,경+중등도
0.007946875040959278,중상
0.43609325848892827,경+중등도
0.19139978963277593,경+중등도
0.09219963695419602,경+중등도
0.15040195833733538,경+중등도
0.676225875566292,경+중등도
0.005163682703953356,중상
0.6221007132116086,경+중등도
0.08194949966609412,경+중등도
0.061032072689895,경+중등도
0.22391567453881092,경+중등도
0.04870932295039656,중상
0.7476633842528099,경+중등도
0.6888519828767715,경+중등도
0.28133601046111745,경+중등도
0.07910528100020651,경+중등도
0.20984465296476948,중상
0.03574552505538345,경+중등도
0.46862761283762416,경+중등도
0.1486568774683339,경+중등도
0.04279056750676897,경+중등도
0.2819110822188797,경+중등도
0.17425628527872672,경+중등도
0.12609031784498556,경+중등도
0.21851375710812423,경+중등도
0.2263565981694032,경+중등도
0.04155078193953936,중상
0.5790357423908818,경+중등도
0.01341697259161754,경+중등도
0.14148644159996857,경+중등도
0.37489074786307364,경+중등도
0.5344249231243584,치명
0.0026242171696046544,중상
0.24432412919707858,경+중등도
0.13552278244752766,치명
0.08100552537531105,중상
0.1505293483625796,경+중등도
0.17817039884384048,경+중등도
0.09883247824451541,경+중등도
0.19022696544841758,경+중등도
0.2404899244616642,경+중등도
0.1260381079969954,경+중등도
0.003591446041634718,경+중등도
0.18687624458950294,경+중등도
0.4939829340387331,치명
0.00806897705335565,경+중등도
0.2703164118486344,경+중등도
0.7760411974793112,경+중등도
0.1582840755449383,경+중등도
0.0981404751267174,경+중등도
0.2076249594364521,경+중등도
0.12709011164406633,중상
0.06468705242142071,경+중등도
0.11701298751518514,경+중등도
0.4046502474279314,치명
0.07348200720584758,경+중등도
0.16302022076930392,경+중등도
0.1460749130482197,경+중등도
0.07689593480769896,경+중등도
0.27117795768066505,경+중등도
0.44891431437703977,경+중등도
0.059704772989643135,경+중등도
0.09440899086141259,경+중등도
0.08050247205507498,경+중등도
0.20014127211496766,경+중등도
0.750173255909977,경+중등도
0.09783064115564259,경+중등도
0.736942495331057,경+중등도
0.1643080910435164,경+중등도
0.05699056487470818,경+중등도
0.17989821516863447,경+중등도
0.2558487349739708,경+중등도
0.10868805722442217,경+중등도
0.13131349720285412,경+중등도
0.30407510520418873,경+중등도
0.18962276529163202,경+중등도
0.22333842297543774,경+중등도
0.4395643503220432,경+중등도
0.5322828302789827,경+중등도
0.6013156911689531,경+중등도
0.01243551310358973,중상
0.06567926996164487,경+중등도
0.27438119851668413,경+중등도
0.03290809474451362,경+중등도
0.290493737659399,경+중등도
0.9420301632827855,치명
0.5378976182692656,치명
0.008631555965247364,경+중등도
0.05290644663806481,경+중등도
0.43422161092238004,경+중등도
0.42779176350828635,경+중등도
0.0772826004067355,경+중등도
0.2697504470065515,경+중등도
0.1801672839868683,경+중등도
0.18449823899078052,경+중등도
0.3308278171648952,경+중등도
0.12384109304246511,경+중등도
0.41515684419524884,경+중등도
0.5636078405755239,치명
0.5143643114695583,중상
0.1190543619805056,경+중등도
0.23507604237475707,경+중등도
0.20841741476162431,경+중등도
0.06018910395318735,경+중등도
0.4505301941295193,경+중등도
0.03990600535114378,경+중등도
0.48475241359131377,경+중등도
0.20324040881772387,경+중등도
0.7616697126697264,경+중등도
0.18545447799462814,치명
0.4283523537167715,경+중등도
0.32570888263443254,경+중등도
0.1885518246217687,경+중등도
0.24302350154570748,경+중등도
0.1905894760392347,경+중등도
0.30907784613029393,경+중등도
0.018621353665365565,경+중등도
0.06629992297784822,경+중등도
0.08849472343018723,경+중등도
0.06277956024395678,경+중등도
0.02896216904238381,경+중등도
0.15755492236543653,경+중등도
0.6401348418186222,치명
0.3445057231729622,경+중등도
0.03479074416882669,경+중등도
0.07202821171176715,경+중등도
0.12011102354864482,경+중등도
0.2200168347853012,중상
0.19026891513338054,경+중등도
0.15081217443478948,중상
0.09455269382594127,경+중등도
0.0970527952218702,중상
0.5001393425354751,경+중등도
0.1954794022954799,경+중등도
0.06713290324467454,경+중등도
0.1664825181397135,치명
0.05218460335087505,경+중등도
0.6876911190730178,치명
0.18954020532129032,경+중등도
0.3641137428787998,경+중등도
0.14076718121889248,경+중등도
0.19277266868622056,경+중등도
0.09284239042082894,경+중등도
0.21670363495835043,경+중등도
0.17144000776095658,치명
0.03198628072738961,경+중등도
0.21698594075296462,경+중등도
0.12105561071253972,경+중등도
0.0979218472147853,경+중등도
0.46537903315265733,경+중등도
0.09263853667477513,경+중등도
0.051833414747350766,경+중등도
0.7162350768270889,경+중등도
0.1652511195018602,경+중등도
0.24164912187467702,경+중등도
0.3044831374445156,경+중등도
0.23026546984318905,경+중등도
0.08558018025104314,경+중등도
0.22194605781565202,치명
0.23620351527547032,경+중등도
0.4737182620156693,경+중등도
0.3651965530230265,치명
0.19682245962413317,경+중등도
0.2610577403683471,경+중등도
0.03450186019427565,경+중등도
0.09887166835772589,경+중등도
0.13152235127730633,경+중등도
0.3339871188986643,경+중등도
0.06204440981795841,경+중등도
0.14921486939044673,경+중등도
0.0275678303220989,경+중등도
0.3289903170340565,경+중등도
0.09143005098027616,경+중등도
0.010200969837135932,경+중등도
0.27234650045119735,경+중등도
0.20780013330805533,경+중등도
0.11956173689353938,경+중등도
0.0865480661623193,경+중등도
0.22044133785112732,경+중등도
0.4930867412859659,경+중등도
0.32054568200532635,경+중등도
0.09257074385890025,경+중등도
0.1824661794195622,경+중등도
0.14301676132238503,중상
0.1010536351591167,경+중등도
0.2623495596165992,경+중등도
0.3079639931795523,경+중등도
0.13414149606733036,경+중등도
0.25607983131879797,경+중등도
0.7363782146522571,경+중등도
0.6305361060552097,경+중등도
0.084133364034171,경+중등도
0.024693378521352876,경+중등도
0.7712720467335066,경+중등도
0.09728370013255343,경+중등도
0.023680874039614122,경+중등도
0.09331207561837913,경+중등도
0.17386194186122664,경+중등도
0.11685596875346331,경+중등도
0.22749345316989955,경+중등도
0.15998355514782694,경+중등도
0.19042205870983187,경+중등도
0.26973065954003234,경+중등도
0.2812840100010832,경+중등도
0.5461071105626586,경+중등도
0.20584547060087063,경+중등도
0.09010831107682123,경+중등도
0.2426924752888,경+중등도
0.6299868804601244,경+중등도
0.05872819130187892,경+중등도
0.12517447993459682,경+중등도
0.13247377842863242,경+중등도
0.15113477413374696,경+중등도
0.3610875322850808,경+중등도
0.06714421903660223,경+중등도
0.15100715753065616,경+중등도
0.3871960857580395,경+중등도
0.6698120725185973,경+중등도
0.41975268065357446,경+중등도
0.04628290307624048,치명
0.1329710767846113,경+중등도
0.23809275116187853,경+중등도
0.5235500747311455,치명
0.4270775921469509,경+중등도
0.20296666012959444,경+중등도
0.27517299150039704,경+중등도
0.15488486191156955,경+중등도
0.1722809321678402,경+중등도
0.11757940390620615,경+중등도
0.609603110337379,경+중등도
0.17687052403586614,경+중등도
0.17588691021172653,경+중등도
0.03402551590870145,경+중등도
0.04980991991489514,경+중등도
0.016446371982867563,중상
0.13499974719230254,경+중등도
0.14001183164839093,경+중등도
0.6531801721950327,치명
0.28063829826541803,경+중등도
0.1224168439847549,경+중등도
0.32166012322684456,경+중등도
0.4639878506137756,경+중등도
0.0030451663825432234,중상
0.04821348846288265,경+중등도
0.03431220893632884,경+중등도
0.28478837550131947,경+중등도
0.07207307682705029,경+중등도
0.00888037806926197,중상
0.2583338460508858,경+중등도
0.20820297963825138,경+중등도
0.15931981166798012,경+중등도
0.39055582500869174,경+중등도
0.20041663137408186,경+중등도
0.3073603084659706,경+중등도
0.23861607368575544,치명
0.6047844764375382,경+중등도
0.22355707167997144,경+중등도
0.03778869936791176,경+중등도
0.1448202050704327,치명
0.061072178514287756,경+중등도
0.18772439048736186,중상
0.3119965829135625,경+중등도
0.7216636127540091,중상
0.586818618178076,경+중등도
0.12135016644932084,경+중등도
0.5835952310080411,경+중등도
0.42667021654036147,경+중등도
0.4832374581043548,경+중등도
0.10377901036594171,중상
0.11239441217250377,경+중등도
0.08364811734951895,경+중등도
0.09102045748795547,경+중등도
0.2905532359742033,경+중등도
0.1301788247617316,경+중등도
0.013022780355332636,경+중등도
0.32540542216268903,경+중등도
0.24418561088724575,중상
0.058685493630647366,경+중등도
0.05149323234290754,경+중등도
0.03340488330724212,경+중등도
0.18402387728316827,경+중등도
0.10645462168624086,경+중등도
0.03457798774924889,경+중등도
0.3766436910192977,경+중등도
0.05484814694757478,경+중등도
0.8483693841620955,경+중등도
0.12762476630594555,경+중등도
0.07819626682424893,경+중등도
0.09274731307966254,경+중등도
0.2654791569855473,경+중등도
0.14975416174201342,경+중등도
0.05926486169930467,경+중등도
0.20983638348052228,중상
0.23601929381512488,경+중등도
0.4550849633715082,경+중등도
0.029357573841523477,경+중등도
0.6575508504560625,경+중등도
0.13297582391872353,경+중등도
0.21622238030748267,경+중등도
0.10469133323305031,경+중등도
0.17340797924614382,경+중등도
0.3698388152377821,경+중등도
0.21552504277686527,경+중등도
0.23987963836701542,경+중등도
0.33393951950013134,치명
0.1570222224733738,경+중등도
0.007191988114397456,경+중등도
0.867555707197046,경+중등도
0.1438644094194979,중상
0.20914539120998163,경+중등도
0.08420491730797046,경+중등도
0.4734076014761926,경+중등도
0.08044938854175739,경+중등도
0.38742727997402465,중상
0.3124936693485087,경+중등도
0.03682156509691801,경+중등도
0.2145004138662292,경+중등도
0.09849590765701854,경+중등도
0.12782851106507584,경+중등도
0.16207467673925657,경+중등도
0.27936659139974584,경+중등도
0.3334223429852761,경+중등도
0.1177715233047939,경+중등도
0.36220263958173105,경+중등도
0.008666469740032543,중상
0.06157952027520066,경+중등도
0.096012198085901,경+중등도
0.02368540527622952,경+중등도
0.13069011180046394,경+중등도
0.15935117708507138,경+중등도
0.4500890920728596,치명
0.0348008264748424,경+중등도
0.007222055603332881,중상
0.4050515706981111,중상
0.14923837655634808,경+중등도
0.7017160253654717,경+중등도
0.006362148531044484,중상
0.1963845313843328,경+중등도
0.2316361900774753,경+중등도
0.09529529119067809,경+중등도
0.7795163552878713,경+중등도
0.10985574037545141,경+중등도
0.26584089284808593,경+중등도
0.0375994165684406,경+중등도
0.6196225050881431,경+중등도
0.23375974802461993,경+중등도
0.34358266008831345,경+중등도
0.3092527546858349,경+중등도
0.39116189968473575,경+중등도
0.8534189954518273,치명
0.06514046257904636,경+중등도
0.13696688147631697,경+중등도
0.1636308389481319,경+중등도
0.02751782876468034,경+중등도
0.3015448978897477,경+중등도
0.750230530785608,경+중등도
0.13744018063410512,경+중등도
0.5701436816565484,경+중등도
0.2752710888673995,경+중등도
0.13427967364655483,경+중등도
0.571271347136138,경+중등도
0.9368478521839506,치명
0.8187802467640451,경+중등도
0.03911524427149952,경+중등도
0.18416473147928106,경+중등도
0.14195381150633898,경+중등도
0.25757146939467196,경+중등도
0.047692501605759975,경+중등도
0.3056579040739687,중상
0.25803236762105386,경+중등도
0.17715726427297265,경+중등도
0.2461388857200395,경+중등도
0.12579095966329637,경+중등도
0.1107631873875234,경+중등도
0.14846665156678004,경+중등도
0.20164283894651178,경+중등도
0.23794737287547854,경+중등도
0.1405127975925734,경+중등도
0.19869487329348032,경+중등도
0.11295951192360727,경+중등도
0.11374587183533474,경+중등도
0.18652998637486543,경+중등도
0.13922668979726077,경+중등도
0.1461260135460968,경+중등도
0.18957088660511257,경+중등도
0.06471424938133186,경+중등도
0.24691857158511601,경+중등도
0.04906081139533138,경+중등도
0.4006362563310441,경+중등도
0.5876742413243323,경+중등도
0.0564725240028901,경+중등도
0.06986245487175348,경+중등도
0.5001839005606382,경+중등도
0.48105155651916637,경+중등도
0.14646361410275233,경+중등도
0.20464190179267713,치명
0.06325799539332483,경+중등도
0.11340795125854268,경+중등도
0.1452899819282672,경+중등도
0.04954019105425228,경+중등도
0.942090839100711,치명
0.5709338216885534,경+중등도
0.188908159935496,경+중등도
0.09429188860193573,경+중등도
0.22587571081766575,경+중등도
0.18052250604390208,경+중등도
0.1788093444749103,중상
0.5722808590824527,경+중등도
0.22970498197711467,경+중등도
0.2329365843919282,경+중등도
0.08254752876383002,경+중등도
0.030801579508581995,경+중등도
0.7289174051555395,중상
0.008746725079212514,경+중등도
0.002264265800187681,경+중등도
0.5833586552295569,경+중등도
0.171755029813586,경+중등도
0.11406388197894318,경+중등도
0.1347367104324018,경+중등도
0.2639800307305326,중상
0.26529437329745725,경+중등도
0.1732852067165401,경+중등도
0.3618005505127904,중상
0.08920173185752998,경+중등도
0.18420421070601015,경+중등도
0.44610929084222795,경+중등도
0.15514415577535856,경+중등도
0.08671568956625993,경+중등도
0.3478429273806056,경+중등도
0.013438798020457748,경+중등도
0.046985066921722884,경+중등도
0.2069130022056999,경+중등도
0.08909745088900045,경+중등도
0.6017659001612451,치명
0.1400006278507312,경+중등도
0.7853750351276952,경+중등도
0.3436613064847331,경+중등도
0.5675501225037891,경+중등도
0.12328501156514891,치명
0.7619411309361492,치명
0.07609225037406583,경+중등도
0.07244164302161367,경+중등도
0.23783082903614247,경+중등도
0.0334206306938164,경+중등도
0.1723899565347807,중상
0.3895764079139898,중상
0.657081966085698,경+중등도
0.04799294101575322,경+중등도
0.3707092150053599,경+중등도
0.10136899789124787,경+중등도
0.3759972136687553,경+중등도
0.29981647210361584,중상
0.01312131015808654,중상
0.5094205415207916,경+중등도
0.175979160336691,중상
0.5078617481730294,경+중등도
0.7992444132349105,치명
0.5580466366425955,경+중등도
0.030745544659824615,경+중등도
0.04513150405378172,중상
0.003369231965084708,경+중등도
0.12330953893706043,경+중등도
0.09042932731074727,경+중등도
0.3063164646960608,경+중등도
0.042131849444060974,경+중등도
0.3191788991738629,경+중등도
0.12115168513741169,경+중등도
0.044540114978488275,경+중등도
0.3627610866190067,경+중등도
0.004391094831558199,경+중등도
0.3237717370029713,경+중등도
0.07415949214818232,경+중등도
0.15488593876360826,경+중등도
0.06376936462091927,중상
0.1051357058413831,경+중등도
0.04171217227425731,경+중등도
0.2900680058597446,경+중등도
0.004129771069048036,중상
0.2196580366793942,경+중등도
0.38997084463115467,경+중등도
0.4740520936548391,경+중등도
0.11193232576261151,경+중등도
0.8207026561947832,경+중등도
0.14555791071414548,경+중등도
0.25244039357857373,경+중등도
0.149580380735743,경+중등도
0.3453109326555452,경+중등도
0.2991098369804274,경+중등도
0.19314611854981992,치명
0.004324463375478363,중상
0.2525347397323465,경+중등도
0.14982236929720996,경+중등도
0.07639949679464915,경+중등도
0.07152828439251267,경+중등도
0.0031265980528966484,경+중등도
0.027796389965395837,경+중등도
0.41364249551521987,경+중등도
0.2265550851899171,경+중등도
0.3265219474347232,중상
0.23025998048849894,경+중등도
0.06928654515455189,경+중등도
0.08278050602939055,경+중등도
0.07362373224954648,경+중등도
0.08848735577614864,경+중등도
0.25022200681511153,경+중등도
0.7491533263900222,경+중등도
0.08391895285396762,경+중등도
0.12965283538871206,경+중등도
0.13808211416613103,경+중등도
0.04750140021129152,경+중등도
0.10651280692743796,경+중등도
0.08722809946713139,경+중등도
0.20306786143246636,경+중등도
0.16732841173370558,경+중등도
0.19450135180605424,경+중등도
0.23308574157684592,경+중등도
0.0868708583990934,경+중등도
0.05166417134298879,경+중등도
0.36570033950283864,경+중등도
0.146243206208348,중상
0.27535354179591104,경+중등도
0.20519920296007968,경+중등도
0.14762262346069688,경+중등도
0.1473382559811249,경+중등도
0.7695236967448654,치명
0.14998507723491725,경+중등도
0.12196512724689347,경+중등도
0.052728798742905925,경+중등도
0.1662236177027893,경+중등도
0.42021906480974563,치명
0.3826631166431091,경+중등도
0.04492295652661965,경+중등도
0.2395218661006038,경+중등도
0.29941063956546804,경+중등도
0.021105080024388878,중상
0.8174615992452544,치명
0.1269643962767241,경+중등도
0.7930248688062352,경+중등도
0.24227930320658744,경+중등도
0.28038960461148366,경+중등도
0.4485430159297384,치명
0.008334610925628913,중상
0.7319161512164603,치명
0.2529137908331985,치명
0.17328971733663912,경+중등도
0.3961198399873918,경+중등도
0.33007454488156845,경+중등도
0.18477097121839914,경+중등도
0.28581387435688493,경+중등도
0.2272284324492386,경+중등도
0.06498005468855061,경+중등도
0.15180281194396972,치명
0.23571032491008412,경+중등도
0.6227971907562934,경+중등도
0.0037469276795891425,중상
0.04116436579839298,경+중등도
0.09858838243856134,경+중등도
0.15754990653370496,경+중등도
0.3522773210744227,경+중등도
0.2612039583652315,경+중등도
0.12526069722080993,경+중등도
0.2650744704745763,경+중등도
0.33970499003756016,경+중등도
0.13871492099018287,경+중등도
0.654378734443128,경+중등도
0.20416949572006304,경+중등도
0.6432135191053724,경+중등도
0.04584515429042072,중상
0.39593522668799,경+중등도
0.26651898330251783,경+중등도
0.12836590405399406,경+중등도
0.06156065182137251,경+중등도
0.04989434340660581,경+중등도
0.18462391446686663,경+중등도
0.33536158595434556,경+중등도
0.50415187852692,경+중등도
0.2233408402114507,경+중등도
0.04531338144853161,경+중등도
0.74283295409971,치명
0.00803528724609333,중상
0.020832348210506148,경+중등도
0.09257697824335172,경+중등도
0.5558678846974852,경+중등도
0.20989158029043473,경+중등도
0.05954228233960806,경+중등도
0.27041936876439737,경+중등도
0.07151254082715579,치명
0.1575109113094029,경+중등도
0.12547430736839316,경+중등도
0.18450120777359727,중상
0.5455953471058154,중상
0.25992959939995,경+중등도
0.04962820566883349,경+중등도
0.6442998432806752,경+중등도
0.2947134349459818,경+중등도
0.13495668490218712,치명
0.004260027031324766,중상
0.11115184175298869,경+중등도
0.2477131168158211,치명
0.03994627715569606,경+중등도
0.08244464548828888,경+중등도
0.13292404551177012,경+중등도
0.6478150071703097,치명
0.7011331219436671,경+중등도
0.23079697372442168,경+중등도
0.558289330531781,경+중등도
0.34370225609450794,경+중등도
0.673544891887603,경+중등도
0.06147063702488494,경+중등도
0.14546444400389202,경+중등도
0.2131376853448478,경+중등도
0.06914226904773485,중상
0.30975915061551934,치명
0.3300433836681464,경+중등도
0.04835556225809059,경+중등도
0.7025011079970828,경+중등도
0.11970713785931997,경+중등도
0.22380156784330815,경+중등도
0.2557723027329118,경+중등도
0.21070016336372377,경+중등도
0.22298274777048466,경+중등도
0.16012616494695622,경+중등도
0.4373337182253168,경+중등도
0.8453043037902942,치명
0.18864990977300822,경+중등도
0.23680624699540473,경+중등도
0.13180823309320266,경+중등도
0.15078624942009347,경+중등도
0.1937156226128238,경+중등도
0.009300716253555443,중상
0.012249779272069689,중상
0.5030590966136167,경+중등도
0.42061108108232204,중상
0.206828474092702,중상
0.2715141302720757,경+중등도
0.0046285625049904055,중상
0.48280069014661575,경+중등도
0.01666635081064559,경+중등도
0.13565531961778673,경+중등도
0.06278177484429627,경+중등도
0.48128506805015453,치명
0.11945033352456214,중상
0.6686650325735212,중상
0.4246840190955596,경+중등도
0.17741284157213588,중상
0.1509057695548052,경+중등도
0.07388025207064686,경+중등도
0.03253823465791742,경+중등도
0.13877031837435383,중상
0.0023941212333271743,경+중등도
0.08363375914832827,경+중등도
0.2092485491086676,경+중등도
0.17347550136212328,경+중등도
0.12863269809383926,경+중등도
0.19009116997256995,경+중등도
0.33457282390094,경+중등도
0.20579736613573973,경+중등도
0.06895463292048239,경+중등도
0.19775934908208104,경+중등도
0.055138144675650876,경+중등도
0.031563310303196625,경+중등도
0.4857037073752744,경+중등도
0.04597770851249142,중상
0.09907332288985043,중상
0.1781003703671364,경+중등도
0.22890430477535062,경+중등도
0.2371205133672377,경+중등도
0.7310857331720163,치명
0.08911630893742224,경+중등도
0.42186920262349753,경+중등도
0.9262737020142727,치명
0.1323003697881274,경+중등도
0.7305912601420111,경+중등도
0.18459066867188414,경+중등도
0.2618525939622871,경+중등도
0.36522807823496556,경+중등도
0.19058881689473273,경+중등도
0.7164139851933177,치명
0.2756562778901793,경+중등도
0.25315506794308823,중상
0.006853600063350851,중상
0.11644754474935125,경+중등도
0.28828609525444343,경+중등도
0.08156559113950916,경+중등도
0.15028049843637137,경+중등도
0.20235952149065484,경+중등도
0.3971024271686809,경+중등도
0.004562521823524047,중상
0.6281713267765054,경+중등도
0.054425224182622634,경+중등도
0.49490156463414836,경+중등도
0.3529470873972665,경+중등도
0.07042797592655003,경+중등도
0.22139815604469085,경+중등도
0.2614358775455924,중상
0.15938443400386335,경+중등도
0.13791131555185254,경+중등도
0.04740494447008318,경+중등도
0.45690189158757866,중상
0.37644539083572837,경+중등도
0.05816269610850425,경+중등도
0.046757435495143905,경+중등도
0.25839662215681103,경+중등도
0.5626636602402325,경+중등도
0.05893022628605007,중상
0.26231398205287443,경+중등도
0.2247725338977469,경+중등도
0.14538133043494644,중상
0.32690608827050366,경+중등도
0.12136757362403054,경+중등도
0.42868885158885056,중상
0.7536723679913327,치명
0.1386342057666741,경+중등도
0.4079900171057734,경+중등도
0.5411278013480324,경+중등도
0.42301285392819216,경+중등도
0.1300051591542566,경+중등도
0.09100615475313002,경+중등도
0.1628760520050793,경+중등도
0.18586800351985244,경+중등도
0.020294531607107823,경+중등도
0.11850005191051483,경+중등도
0.38319668504658805,경+중등도
0.2887561047661629,경+중등도
0.49920124557106466,경+중등도
0.10921048360907638,경+중등도
0.27744524091161,경+중등도
0.19777624445144917,경+중등도
0.1463081966856689,중상
0.2180958446640112,경+중등도
0.03622994833797491,경+중등도
0.07501389555685922,경+중등도
0.8550856529291216,경+중등도
0.7979302650472468,중상
0.4090945443534213,경+중등도
0.3534988309952812,경+중등도
0.618269316674604,경+중등도
0.40460588215318616,경+중등도
0.2253340293995345,치명
0.7369841560462365,경+중등도
0.523366898612013,경+중등도
0.27524218648210236,경+중등도
0.040044402010566665,경+중등도
0.09049915225582034,경+중등도
0.05659275380700734,경+중등도
0.07706449972503664,경+중등도
0.18582784594743706,경+중등도
0.331661832155911,경+중등도
0.11590228108928073,경+중등도
0.14423877238449107,중상
0.5701623689723375,경+중등도
0.5575584665762167,경+중등도
0.8641778715323355,치명
0.027310916477892726,경+중등도
0.08059397662138794,경+중등도
0.18547009607181178,경+중등도
0.038221627271567936,경+중등도
0.28358701356229893,경+중등도
0.3719155156000758,경+중등도
0.2746258929846143,경+중등도
0.39708179351255873,경+중등도
0.3648698612836023,경+중등도
0.3060230113800142,경+중등도
0.024590711569581397,경+중등도
0.22756375307683072,경+중등도
0.012634404173186725,경+중등도
0.23859114656956473,경+중등도
0.43097931947914886,경+중등도
0.049213844318304834,경+중등도
0.46313006638635423,중상
0.15345515815725672,경+중등도
0.11707852554952376,경+중등도
0.005887253682168561,경+중등도
0.11333980464926348,경+중등도
0.0917550548559077,중상
0.20078716732214988,경+중등도
0.08458919445189905,경+중등도
0.5805005831322326,경+중등도
0.07761231998187418,경+중등도
0.07785142286401858,경+중등도
0.08962171817526392,경+중등도
0.07911246715018332,경+중등도
0.4573855303922893,경+중등도
0.011604506987888256,경+중등도
0.9289423864327843,치명
0.008362463815232877,경+중등도
0.5475470601421474,경+중등도
0.09279718854698721,경+중등도
0.07258705842841175,치명
0.3870016500599827,경+중등도
0.11754681131387838,경+중등도
0.07199872238184016,경+중등도
0.05763804974471045,경+중등도
0.1136826760573633,경+중등도
0.10270104606065449,중상
0.8710808338014089,치명
0.3196108138277473,경+중등도
0.0605116849087472,경+중등도
0.191905154186477,중상
0.3111570881182776,경+중등도
0.1707650699185752,경+중등도
0.06313636619788156,중상
0.1456566382734197,경+중등도
0.033234554579881795,경+중등도
0.18933916998548816,경+중등도
0.49581366611583394,경+중등도
0.8032421777484013,치명
0.1085822105723357,경+중등도
0.145218322723726,경+중등도
0.026747105393574944,중상
0.1817623831304209,경+중등도
0.4468110467217797,경+중등도
0.13775468221136436,경+중등도
0.32757908181642503,경+중등도
0.45717031747736475,경+중등도
0.1278552218857257,경+중등도
0.07775950796489578,경+중등도
0.2580796981978754,경+중등도
0.13896267420936512,경+중등도
0.23086059031473058,경+중등도
0.41225832838024296,경+중등도
0.29528533873174595,경+중등도
0.0036513498933357993,중상
0.255122902719688,경+중등도
0.12932036240324016,경+중등도
0.24673785956269492,경+중등도
0.07797763624621418,경+중등도
0.4274367839105773,경+중등도
0.19924232607333334,경+중등도
0.09720909047893346,경+중등도
0.37623705867506935,경+중등도
0.21236756707700966,경+중등도
0.5469992329439312,경+중등도
0.21069497452783847,중상
0.2350293061427646,경+중등도
0.14886079736475705,경+중등도
0.1540812224380378,경+중등도
0.027574888692403144,경+중등도
0.2545038967098556,경+중등도
0.08263597917759488,경+중등도
0.13392954417428726,치명
0.18807633186063522,경+중등도
0.11537656005826157,중상
0.002825975716740027,중상
0.4622494597234495,경+중등도
0.180932403782734,경+중등도
0.12927417081131556,경+중등도
0.11062069856313823,경+중등도
0.060811057374207146,경+중등도
0.8573429303298945,치명
0.781091630465288,경+중등도
0.2068820107879588,경+중등도
0.11654855337008452,경+중등도
0.19024482447919958,경+중등도
0.467143950445748,경+중등도
0.3572487792418471,경+중등도
0.02229079852511551,경+중등도
0.10694384393126721,경+중등도
0.15823760128899944,경+중등도
0.3454697862263815,경+중등도
0.07279574382505381,경+중등도
0.2414438205771355,경+중등도
0.12675673535778378,경+중등도
0.4254784623082101,경+중등도
0.6029291499901613,경+중등도
0.4940423234083453,경+중등도
0.06428172368032072,경+중등도
0.2644702855550354,경+중등도
0.11910395206257834,경+중등도
0.41729447620713556,경+중등도
0.13568528018373846,경+중등도
0.08070456974844427,중상
0.5334314925423261,경+중등도
0.0313442514826544,중상
0.14674954810421348,경+중등도
0.1141669395547854,경+중등도
0.5692163362485965,경+중등도
0.10137878645862321,경+중등도
0.2417190539939873,경+중등도
0.13895218021172892,경+중등도
0.051188843627249826,경+중등도
0.3587569912417166,경+중등도
0.5648302592488318,중상
0.011129996180475736,중상
0.485589470848246,경+중등도
0.005328636977848417,경+중등도
0.07883371777908364,경+중등도
0.4756075457339244,치명
0.026029510748405166,경+중등도
0.1406940206662489,경+중등도
0.4035925312855173,경+중등도
0.15662560437237105,경+중등도
0.08764994687085932,경+중등도
0.10654108999049983,경+중등도
0.15319182026781483,중상
0.11057667022008899,중상
0.11630032238805044,경+중등도
0.19386153533540162,경+중등도
0.13683488777799624,중상
0.1905706416857619,경+중등도
0.0656890016815113,경+중등도
0.15066609392353694,경+중등도
0.07700442260057332,경+중등도
0.07647962193238529,경+중등도
0.16968044081300385,중상
0.08047463527778538,중상
0.37624395331378396,경+중등도
0.1727466043136706,경+중등도
0.18017667174991048,경+중등도
0.006408587500640765,경+중등도
0.11333702478806922,경+중등도
0.05168117712735306,경+중등도
0.335885478152913,경+중등도
0.18370910578896896,경+중등도
0.2954429366356824,경+중등도
0.06179882419975591,경+중등도
0.02007231895497941,경+중등도
0.24365245929361112,중상
0.2855934220473569,경+중등도
0.2963215603121289,경+중등도
0.4792814049064298,중상
0.44232052336706856,경+중등도
0.07693359718105194,경+중등도
0.277058563990705,치명
0.3273839730647638,경+중등도
0.1272223106490257,중상
0.10397390171123343,경+중등도
0.30759052771490597,경+중등도
0.1687800004817932,경+중등도
0.055455898895427264,경+중등도
0.23347334724834812,중상
0.26658615414881814,경+중등도
0.2086864854772241,경+중등도
0.12944623291095772,경+중등도
0.05750375941939154,경+중등도
0.6853219388839445,경+중등도
0.0382799257956693,경+중등도
0.029405136217764097,경+중등도
0.4475948645573335,경+중등도
0.168598205761453,중상
0.30738680873376,치명
0.06164064071322356,경+중등도
0.09717120813473135,경+중등도
0.07378155588762517,경+중등도
0.4885707745228231,경+중등도
0.11305884168304182,경+중등도
0.11293561079493142,경+중등도
0.1959278670475155,경+중등도
0.21360754463092566,경+중등도
0.05688709731241792,중상
0.20320957128997078,경+중등도
0.20979784979059524,경+중등도
0.26215937120929755,중상
0.3952646400302428,경+중등도
0.2744746289482564,경+중등도
0.45504207593592616,경+중등도
0.07579753591264225,경+중등도
0.13660334637798752,경+중등도
0.053610119392999,경+중등도
0.14200543158996756,중상
0.1268092656739621,경+중등도
0.05898938141526595,경+중등도
0.16178852455861284,경+중등도
0.014192864202005329,경+중등도
0.19125729578068537,경+중등도
0.4744038514772164,경+중등도
0.15619246567528808,경+중등도
0.39532188800049545,경+중등도
0.7538367183406119,치명
0.18690231178721908,경+중등도
0.03648222079379564,경+중등도
0.2602894161262012,경+중등도
0.5352321987355243,경+중등도
0.1609686582499836,경+중등도
0.3320679539057331,경+중등도
0.0636564942510196,경+중등도
0.27634488312829975,중상
0.4377845989366163,경+중등도
0.07151889737970353,경+중등도
0.06487207653351591,경+중등도
0.18113167405095107,경+중등도
0.6778177049787845,경+중등도
0.2822521209360489,경+중등도
0.6157688565110409,경+중등도
0.5336689245308527,경+중등도
0.21872379068193837,경+중등도
0.06456540335396006,중상
0.03815860085398726,경+중등도
0.13383241612662514,경+중등도
0.11347750387538307,경+중등도
0.22158798919467818,경+중등도
0.11535568634251976,경+중등도
0.13259784621375917,경+중등도
0.24175399489646135,경+중등도
0.07271049067201789,경+중등도
0.09055362315587527,치명
0.007012098775238649,경+중등도
0.07300718154442283,중상
0.16450450325833652,경+중등도
0.6154551833793036,경+중등도
0.04583473910552851,경+중등도
0.5414897258855599,경+중등도
0.23573629642181074,경+중등도
0.10651135957981238,경+중등도
0.5329388824988599,경+중등도
0.09571608282415989,경+중등도
0.331418147203874,경+중등도
0.21456027263482105,경+중등도
0.9451918055729337,치명
0.12894939411533268,경+중등도
0.4083950091491362,경+중등도
0.09301949844246143,중상
0.030298066955911057,중상
0.3425755629346119,경+중등도
0.25106605456369263,경+중등도
0.22463904488490713,경+중등도
0.10330048462388375,치명
0.1914464685006805,경+중등도
0.2556229900390313,경+중등도
0.1501541965414693,경+중등도
0.6952563616036874,경+중등도
0.07185720393366983,경+중등도
0.005951625986199337,중상
0.01661097777511567,경+중등도
0.46256459139728584,경+중등도
0.090441814930223,경+중등도
0.7158135430020737,경+중등도
0.1806853645875827,경+중등도
0.2672265318361684,경+중등도
0.02335560647281844,중상
0.043450631695235616,경+중등도
0.08288591839446567,경+중등도
0.5166081095320668,치명
0.16372058956510616,경+중등도
0.18291063160243362,경+중등도
0.6573446347536972,경+중등도
0.10502692098784061,경+중등도
0.284527870238389,경+중등도
0.17162881944851882,경+중등도
0.003152613965237945,중상
0.058597026120901674,경+중등도
0.18412102112067918,경+중등도
0.06627301777128092,경+중등도
0.06882957387995077,경+중등도
0.15879583103101472,경+중등도
0.09301542720146043,경+중등도
0.18902335375378332,경+중등도
0.1913159660118902,경+중등도
0.21447944315190834,경+중등도
0.14987978577097855,경+중등도
0.106220789458522,경+중등도
0.004852634768603814,경+중등도
0.47381543824906336,경+중등도
0.6132467724032199,경+중등도
0.08676456955843011,경+중등도
0.06791794645706402,경+중등도
0.11228405049535524,경+중등도
0.44793525656352345,경+중등도
0.14828286086525633,경+중등도
0.14431291028329246,경+중등도
0.19877758750634458,경+중등도
0.20423233769982682,경+중등도
0.04663324846334067,중상
0.7599317023984028,치명
0.2665072265405133,경+중등도
0.2782566868475029,경+중등도
0.22738342291777966,경+중등도
0.4008080214420531,경+중등도
0.09133590934423362,경+중등도
0.11996214971286949,경+중등도
0.1289125122405086,경+중등도
0.27321539785967963,경+중등도
0.017503070633084854,중상
0.16973853118950855,경+중등도
0.08190553025657595,경+중등도
0.10270862692011384,경+중등도
0.005644416492567126,경+중등도
0.14166289026700282,경+중등도
0.03817424549345768,경+중등도
0.2607104005289696,중상
0.06639297124482761,경+중등도
0.05668434810532952,치명
0.13802969553318611,경+중등도
0.4375769124255771,치명
0.06629808806611724,경+중등도
0.12660807132783805,경+중등도
0.04078230558786311,경+중등도
0.11128603585372021,경+중등도
0.0527623502291808,경+중등도
0.1254473061006891,경+중등도
0.6217757822766838,경+중등도
0.017979083001837894,경+중등도
0.17753672236360915,중상
0.13653441789632706,경+중등도
0.15244667675502288,경+중등도
0.5556785377675525,경+중등도
0.08089433485136889,경+중등도
0.11166348324680826,경+중등도
0.07247477377622506,경+중등도
0.13360007012673536,경+중등도
0.6167289186857988,경+중등도
0.21573154999136093,경+중등도
0.13420057710409364,경+중등도
0.03225113459314825,경+중등도
0.04609387478723482,경+중등도
0.1607330767018458,경+중등도
0.11779963130876077,경+중등도
0.17594365069471685,경+중등도
0.09438041384864619,경+중등도
0.16088344028529677,경+중등도
0.5343696983445582,경+중등도
0.03721424829686341,경+중등도
0.1911215707913184,경+중등도
0.006122986242923391,경+중등도
0.09450595468166395,경+중등도
0.11842699398441402,경+중등도
0.10001699287702505,경+중등도
0.07870596906244648,경+중등도
0.232008777709627,경+중등도
0.26055048157749167,경+중등도
0.13244530501284546,경+중등도
0.10632931039853118,경+중등도
0.5254339519954329,경+중등도
0.5673404027513164,경+중등도
0.08474994745762843,경+중등도
0.4723564859205434,경+중등도
0.09580542197302964,경+중등도
0.20226574475299375,경+중등도
0.5917663654865263,치명
0.41838797738285716,경+중등도
0.1215051865916658,경+중등도
0.2788335834408862,치명
0.30871419463671435,치명
0.29560928146268345,경+중등도
0.08221751967242928,경+중등도
0.0721285998257234,경+중등도
0.09087195025080581,경+중등도
0.31374933459388116,경+중등도
0.330348305224414,경+중등도
0.37186159018226395,경+중등도
0.4814373287029086,경+중등도
0.1775727101096575,경+중등도
0.7519534620820975,치명
0.02113020967121701,경+중등도
0.13418766986551753,경+중등도
0.6048678585454591,치명
0.1609347328379457,경+중등도
0.2792345791132926,경+중등도
0.157437584848139,경+중등도
0.39289298350149454,경+중등도
0.06339097401124107,경+중등도
0.27338829499206535,치명
0.2703414421296433,경+중등도
0.8596531042554756,경+중등도
0.13003332218011854,경+중등도
0.5592175780783321,경+중등도
0.34094940076283464,치명
0.30103485194123597,경+중등도
0.5555516533035639,경+중등도
0.014693557331247347,경+중등도
0.2868394987462372,경+중등도
0.2069158331528985,경+중등도
0.33874996724426115,경+중등도
0.6209646514061543,치명
0.08039382445864508,경+중등도
0.08183913575327788,경+중등도
0.13513562346876343,경+중등도
0.37718364156361367,경+중등도
0.08825294252459952,경+중등도
0.08192548429842171,경+중등도
0.467802853910759,경+중등도
0.018418017390496436,중상
0.39882834945027645,경+중등도
0.0449553612544906,중상
0.3846060928580653,치명
0.04372889413687964,경+중등도
0.0890240328730738,중상
0.18128825222742495,경+중등도
0.18013364455427286,경+중등도
0.2729831298373195,경+중등도
0.08005032718062143,경+중등도
0.13643237340859918,경+중등도
0.14529116058984068,경+중등도
0.0403900338910439,경+중등도
0.03893280179191005,경+중등도
0.04665829955601122,중상
0.16690256293960345,경+중등도
0.1293499633283556,경+중등도
0.10926622301247176,경+중등도
0.36556710929233166,경+중등도
0.524040966308696,경+중등도
0.7911260960868395,경+중등도
0.17015620123791106,경+중등도
0.8638296935548592,치명
0.04287028915418414,경+중등도
0.10268331901821093,경+중등도
0.3818184564259428,경+중등도
0.2554377415256057,치명
0.07440882447915562,경+중등도
0.31412825674237216,경+중등도
0.2633642940346879,중상
0.3397121585420711,치명
0.1561575448006988,경+중등도
0.31096301155196054,경+중등도
0.2919545334850267,경+중등도
0.18017497779676414,중상
0.16476892017511416,경+중등도
0.0517804290011174,경+중등도
0.9375740304184997,치명
0.5354269635147044,경+중등도
0.08182405894346638,중상
0.13184244919417862,경+중등도
0.3860490882224859,경+중등도
0.0027596578284729816,경+중등도
0.2862341928971713,치명
0.12309827104563942,경+중등도
0.13263012945631167,경+중등도
0.4231597916360213,중상
0.09372189141140135,경+중등도
0.468834170906893,경+중등도
0.07338300073972995,경+중등도
0.0758241312187069,경+중등도
0.13415324507272827,경+중등도
0.711180722812601,경+중등도
0.12184177162577513,경+중등도
0.13684660280956312,경+중등도
0.5654267761455988,경+중등도
0.1411401683294175,경+중등도
0.004810524329244566,경+중등도
0.017539357483715736,경+중등도
0.05510503826642347,경+중등도
0.49149642235836594,치명
0.19570885820035225,경+중등도
0.07532652314734993,경+중등도
0.02372593524406709,경+중등도
0.5265163871504378,경+중등도
0.07922778677121937,경+중등도
0.41617614574326894,경+중등도
0.4021021089359305,경+중등도
0.14107610803510362,경+중등도
0.12918951005753407,경+중등도
0.19517406852014116,경+중등도
0.15638867889261307,경+중등도
0.016677018444735917,중상
0.44328910912982694,경+중등도
0.4567125726656655,경+중등도
0.3856361141519558,경+중등도
0.028882387383074328,경+중등도
0.14168560853384146,경+중등도
0.19839561836725705,경+중등도
0.1445728879673339,경+중등도
0.4743725262752722,중상
0.03602029205569734,경+중등도
0.017648149505591862,중상
0.5191555850376949,경+중등도
0.06655135229031817,경+중등도
0.130757291852129,경+중등도
0.3695733231608971,경+중등도
0.19583973957379963,경+중등도
0.12125272942801218,경+중등도
0.038202541619957724,경+중등도
0.24785882329944187,경+중등도
0.2825009081402147,경+중등도
0.017515423712726474,경+중등도
0.8218320586384068,치명
0.16215950085201214,경+중등도
0.16723007803786374,경+중등도
0.11841910918242275,경+중등도
0.10422490088741126,경+중등도
0.009315901687971513,경+중등도
0.06791973151897039,경+중등도
0.003732464909606313,중상
0.5559041123237131,경+중등도
0.04734417461928797,중상
0.1577243569645804,경+중등도
0.06943162313356147,중상
0.26258608162533686,경+중등도
0.9037718348802698,치명
0.0777587991230445,경+중등도
0.13941380700136755,경+중등도
0.24269189038080383,경+중등도
0.20631561364260845,경+중등도
0.2784824224542528,치명
0.5897052461736182,경+중등도
0.04277178626377093,경+중등도
0.140403271826954,경+중등도
0.11481882534001675,경+중등도
0.257726090792631,경+중등도
0.06115195324396622,경+중등도
0.016227401979352116,경+중등도
0.20491247806646537,경+중등도
0.23084104442435205,경+중등도
0.007877072254661716,경+중등도
0.1921847747044986,중상
0.1103256036910476,경+중등도
0.09377340422926221,경+중등도
0.3574740612806755,경+중등도
0.23219064289482982,경+중등도
0.2129901276127016,중상
0.006826772439455922,경+중등도
0.20271801186081984,경+중등도
0.07257862314302642,경+중등도
0.1754768384605451,경+중등도
0.07749706289947506,경+중등도
0.42887395763354164,경+중등도
0.09141113007414604,경+중등도
0.03450781059084382,경+중등도
0.12354589363744294,경+중등도
0.22580446357144632,경+중등도
0.21357812298055837,경+중등도
0.07135341167418897,경+중등도
0.20051402196583304,경+중등도
0.48204989326388686,경+중등도
0.04263594557722767,경+중등도
0.1978784656866964,경+중등도
0.045877992453430105,경+중등도
0.13647565843434903,경+중등도
0.09053516757590722,경+중등도
0.0375667171234507,중상
0.22019783291857964,경+중등도
0.5852737540946545,경+중등도
0.2055422547838742,경+중등도
0.13614124830870314,경+중등도
0.3518058417104597,중상
0.09929735532967221,경+중등도
0.21162346991244826,경+중등도
0.039082362547670856,경+중등도
0.2205184913104048,치명
0.2446548145692832,경+중등도
0.08064439957276165,경+중등도
0.023733767820276617,경+중등도
0.0642991440270274,경+중등도
0.6422261167699036,치명
0.17600683074987722,경+중등도
0.016730906774559042,경+중등도
0.08175167861104024,중상
0.21150784410781742,경+중등도
0.09370035124782937,중상
0.11233111307695202,경+중등도
0.6559377333574051,경+중등도
0.10728761130807375,경+중등도
0.04941844287426337,경+중등도
0.27764525356157405,경+중등도
0.05794257623164225,경+중등도
0.011315207819208256,경+중등도
0.25099647977062706,경+중등도
0.10614435347124117,경+중등도
0.007035241871456298,중상
0.6548427367069417,경+중등도
0.1456443457823931,경+중등도
0.30854899260716695,경+중등도
0.4741562043543068,경+중등도
0.11121443648288631,경+중등도
0.2225548766593978,경+중등도
0.10402838553011366,경+중등도
0.8283154888869441,경+중등도
0.016432637334065595,경+중등도
0.3719675447360798,중상
0.04157365165882114,경+중등도
0.12274483847894767,경+중등도
0.16125735196256274,경+중등도
0.1486629745963606,경+중등도
0.03515740014873585,경+중등도
0.4701302621578787,경+중등도
0.05229056486523067,중상
0.22603554951424654,경+중등도
0.29437598857853464,경+중등도
0.17127713002785783,경+중등도
0.23315229137195317,경+중등도
0.35587584069318706,경+중등도
0.13409765458547104,경+중등도
0.02750956930741826,경+중등도
0.6512554122608978,경+중등도
0.1796919645622196,경+중등도
0.43070119273605006,경+중등도
0.04528108084972355,경+중등도
0.6446172964954492,경+중등도
0.4716158123200213,경+중등도
0.3304856788304109,경+중등도
0.1554768231908449,경+중등도
0.0842007681584917,경+중등도
0.2254177112601118,경+중등도
0.018459384821550025,중상
0.08804359160748565,경+중등도
0.025505114966178855,경+중등도
0.7025612205543937,경+중등도
0.06268551529622514,경+중등도
0.12042027603052446,경+중등도
0.132112461152548,치명
0.6975896949663594,치명
0.2874616146049683,중상
0.07590191004589188,경+중등도
0.0424223150776733,경+중등도
0.11249920875821888,경+중등도
0.11336893195082491,경+중등도
0.12090038758240962,경+중등도
0.2917583074762465,경+중등도
0.0551696235927703,경+중등도
0.20391823394985217,경+중등도
0.03335748213516577,중상
0.25351741898457897,경+중등도
0.06685420163854426,중상
0.03406423091286887,경+중등도
0.06736508207161335,경+중등도
0.310228454951468,경+중등도
0.09325309494015378,경+중등도
0.05034518295375819,경+중등도
0.21194586568241436,경+중등도
0.1066865396574162,경+중등도
0.1272661362909686,중상
0.07046920474507133,경+중등도
0.68561230672498,경+중등도
0.505157879341188,경+중등도
0.1412132064738576,경+중등도
0.34468051816491047,치명
0.08406644863192997,경+중등도
0.22912614330963607,경+중등도
0.23712586459517782,경+중등도
0.035912279123174164,중상
0.07969438234294084,경+중등도
0.038656772719416366,중상
0.19356052229570672,중상
0.24857987082741853,경+중등도
0.22964412044008697,경+중등도
0.0685916973068723,경+중등도
0.1347204585984375,중상
0.1771971569455376,경+중등도
0.6500241594900683,중상
0.10805263912849368,경+중등도
0.1537571004073808,경+중등도
0.24805620104677562,경+중등도
0.09691099387017237,경+중등도
0.13266262178318294,중상
0.18979441406452932,경+중등도
0.030180756994280928,경+중등도
0.10297789736013811,경+중등도
0.053683108838680826,중상
0.114124310090923,경+중등도
0.2664693298707359,경+중등도
0.22246832237063785,경+중등도
0.09373959882444001,경+중등도
0.20593263285074234,경+중등도
0.04702062361087191,경+중등도
0.007214569805158181,경+중등도
0.10879436099829837,경+중등도
0.24156078256963345,경+중등도
0.7903679563341788,중상
0.12960740650314959,경+중등도
0.03430530157365542,경+중등도
0.46826473369052773,경+중등도
0.1455333290518531,경+중등도
0.9195198379912933,치명
0.34154934910247553,경+중등도
0.35369130406229443,경+중등도
0.17193933378436943,경+중등도
0.06994413639047527,경+중등도
0.8723459004171014,치명
0.06692935058365447,경+중등도
0.0940517687906478,경+중등도
0.09397539719585911,경+중등도
0.2384061754241954,경+중등도
0.16224698882507663,경+중등도
0.05554231699242438,경+중등도
0.18455524688934388,경+중등도
0.1488897258975814,경+중등도
0.01427782066516053,경+중등도
0.25402480483577466,경+중등도
0.2161835867656059,경+중등도
0.032193295357097106,경+중등도
0.19739259413481017,치명
0.22597732332450945,경+중등도
0.09879821201650237,경+중등도
0.18063567115136206,경+중등도
0.41155434125549345,경+중등도
0.41119595292972494,경+중등도
0.012467455204555588,경+중등도
0.6755693568865002,경+중등도
0.34697123876647346,경+중등도
0.1175354695570221,경+중등도
0.22011013800433232,경+중등도
0.027694588117857872,중상
0.2780897903847746,경+중등도
0.14420897406661204,중상
0.02126910497199846,경+중등도
0.1869514011998279,경+중등도
0.08328509714561684,경+중등도
0.2736381343009801,경+중등도
0.05536239071659329,중상
0.3531335106392662,경+중등도
0.05555746970762299,경+중등도
0.24430165966194942,경+중등도
0.27885024582587653,치명
0.5747006729368891,경+중등도
0.18669899000021484,경+중등도
0.31287614495095967,경+중등도
0.10225006776973022,경+중등도
0.10820567693615864,경+중등도
0.50268987106986,경+중등도
0.055543270014933144,경+중등도
0.43621804572559864,치명
0.23467540875608975,경+중등도
0.28428604165718024,중상
0.02162517146207631,경+중등도
0.16627560336296268,경+중등도
0.07181362399990857,경+중등도
0.2181004084949055,경+중등도
0.08705346187688583,경+중등도
0.2247320467989723,경+중등도
0.05654289894664769,경+중등도
0.1986382160104734,경+중등도
0.5106849385543732,경+중등도
0.08602515764466638,경+중등도
0.1772342862259313,경+중등도
0.48459509046969346,경+중등도
0.14479192026791432,경+중등도
0.08761888851133105,경+중등도
0.1435383234095304,경+중등도
0.08129209744631771,경+중등도
0.09395526716078124,경+중등도
0.05805981254433653,경+중등도
0.11843059646938865,경+중등도
0.11567252724347077,경+중등도
0.2121759597090077,경+중등도
0.16508886620141852,경+중등도
0.9135402866540504,치명
0.011681784221391782,중상
0.22978229628193483,경+중등도
0.25311507496763236,경+중등도
0.09525814384938204,경+중등도
0.24022757914701431,경+중등도
0.2701650635223869,경+중등도
0.15578430572032181,경+중등도
0.30384358860646493,경+중등도
0.38662109174461773,경+중등도
0.27270559587201065,경+중등도
0.11734993099768126,경+중등도
0.036731548745672284,경+중등도
0.43068879870525406,경+중등도
0.11687839175431285,경+중등도
0.3576741023487551,경+중등도
0.12961627655418675,경+중등도
0.11422005135037627,경+중등도
0.44156350132380834,경+중등도
0.24899785452255543,경+중등도
0.2024763151777292,경+중등도
0.6548109355670718,경+중등도
0.18397127076146338,경+중등도
0.7239135265581105,치명
0.06927646272023018,경+중등도
0.24993986567279633,경+중등도
0.17001493952209867,경+중등도
0.36035043122172095,치명
0.45626817047516455,경+중등도
0.004672675363001763,경+중등도
0.2142242042323843,경+중등도
0.031722505008413095,경+중등도
0.14652270421902736,경+중등도
0.17173853677022113,경+중등도
0.7525608779912195,경+중등도
0.3059123949333346,중상
0.3417513939399744,치명
0.16831255531313005,경+중등도
0.3272523378483055,경+중등도
0.05833476426415474,경+중등도
0.22305916446286175,경+중등도
0.15762296915361004,경+중등도
0.03132723047805471,경+중등도
0.29898500398435274,치명
0.04382616799523256,치명
0.7844961185528185,경+중등도
0.37882435022622163,경+중등도
0.18576262506115424,경+중등도
0.04914595307631092,경+중등도
0.3238411402152325,경+중등도
0.0018195906610814902,중상
0.6795139792699033,경+중등도
0.12307428730989205,경+중등도
0.058387762728079474,경+중등도
0.0823147338335068,경+중등도
0.22579429236997525,경+중등도
0.1655805981681376,경+중등도
0.03891576088533893,경+중등도
0.4934055060712894,경+중등도
0.16831123137959916,경+중등도
0.8167465222514391,경+중등도
0.2174921434413545,경+중등도
0.2182791441336449,경+중등도
0.17918724884998968,경+중등도
0.013131165133076562,경+중등도
0.03094523009917277,경+중등도
0.1950059935618844,경+중등도
0.2874796245631258,치명
0.4953841165798343,경+중등도
0.08462205621308443,경+중등도
0.037042476201400366,경+중등도
0.2563632498652403,경+중등도
0.13517697260031303,경+중등도
0.6784137240293715,경+중등도
0.1300328057859005,경+중등도
0.22565149757906208,경+중등도
0.2139275806218076,치명
0.29962377046223204,경+중등도
0.12903446741374874,경+중등도
0.06133926533046441,경+중등도
0.10712680627479793,경+중등도
0.2047214710296287,경+중등도
0.06977929613212779,경+중등도
0.22608569072245008,중상
0.0781299418880615,경+중등도
0.08367121275545607,경+중등도
0.03226960595660204,경+중등도
0.09059221500451393,경+중등도
0.3295344009360878,경+중등도
0.014901375977656168,경+중등도
0.04897165459232384,경+중등도
0.47287437894948975,경+중등도
0.16793435976423396,경+중등도
0.18120000042848736,경+중등도
0.45303483071892797,경+중등도
0.27163070737674394,경+중등도
0.022785388491321945,중상
0.07375596776081027,경+중등도
0.25609476121019054,경+중등도
0.09861930519847771,경+중등도
0.16515230774505704,경+중등도
0.8183500433229248,경+중등도
0.6861832736831763,경+중등도
0.17319812603229803,경+중등도
0.105335256283068,경+중등도
0.19507732595722213,중상
0.07141589668641,경+중등도
0.12227851208087794,경+중등도
0.05468031138280421,경+중등도
0.53583600555147,치명
0.2560190666394399,중상
0.1536506681823933,경+중등도
0.34111951674920826,치명
0.16738558201328232,경+중등도
0.0732707101811022,경+중등도
0.11039314220524654,중상
0.05761353067112049,경+중등도
0.1738131440118018,경+중등도
0.01108722420515461,중상
0.4566117619884859,경+중등도
0.07249980269902682,경+중등도
0.1236552562297556,경+중등도
0.11981218577349285,경+중등도
0.17349450988502968,경+중등도
0.09645405405812514,경+중등도
0.17657568649985164,경+중등도
0.6106250937351766,경+중등도
0.017270829948843037,중상
0.9343359620962763,치명
0.2019970577202432,경+중등도
0.11136351792271053,경+중등도
0.3618284207840145,경+중등도
0.02688823210911399,경+중등도
0.03804565781260781,경+중등도
0.3504663621071616,경+중등도
0.18264278470839337,경+중등도
0.2960594978346881,경+중등도
0.061358118774221086,경+중등도
0.2897672248966939,경+중등도
0.1624026739679719,경+중등도
0.0459876625506209,중상
0.11518122111321401,경+중등도
0.18386674658623,경+중등도
0.6883025309937078,경+중등도
0.03301966564698291,경+중등도
0.290614324493974,경+중등도
0.17798068267904452,경+중등도
0.10987494220552903,경+중등도
0.29861319091238847,치명
0.09621786975064635,경+중등도
0.1739071747844226,경+중등도
0.0030882429095530164,중상
0.21231042458219365,중상
0.13831770483376585,중상
0.14080484590429715,경+중등도
0.01671833034835395,경+중등도
0.0650618263894498,경+중등도
0.1362518800731914,경+중등도
0.1884952283294032,경+중등도
0.08867416116941877,경+중등도
0.37719664103673084,경+중등도
0.11019541171757348,경+중등도
0.30013821489994214,경+중등도
0.03426485272974581,중상
0.4985008845302718,치명
0.06326206127995866,중상
0.014131168956303716,중상
0.1155541181673474,경+중등도
0.13784584481981998,경+중등도
0.14466480388135194,경+중등도
0.3079702462526939,경+중등도
0.5008569345622544,경+중등도
0.06442144405617854,경+중등도
0.004159406239949678,경+중등도
0.6051111347871806,경+중등도
0.29473515116422644,중상
0.003311704524796561,경+중등도
0.15122557389099114,경+중등도
0.06162451093025347,경+중등도
0.14815426162129078,경+중등도
0.08551970317388007,경+중등도
0.025109967590018944,경+중등도
0.9318202931452045,치명
0.7046378257907593,경+중등도
0.09972064580827929,경+중등도
0.26110147685651475,경+중등도
0.05108733292847618,경+중등도
0.45033234903214964,경+중등도
0.1015520459228438,경+중등도
0.4094097043766811,경+중등도
0.6007343653988785,경+중등도
0.7002514980181737,경+중등도
0.17151221406461806,경+중등도
0.06704323446129275,중상
0.12569900434395223,경+중등도
0.6211395523718688,경+중등도
0.33061370756594927,경+중등도
0.05517348652746203,경+중등도
0.8142261838744744,경+중등도
0.7199426738423286,경+중등도
0.20524808691048493,경+중등도
0.17830393823618151,경+중등도
0.4083961701900946,경+중등도
0.1274456913015541,경+중등도
0.007635953756261475,경+중등도
0.32755209817937025,경+중등도
0.3157391190917047,치명
0.2658771461854476,경+중등도
0.05170220443557066,중상
0.17037184328539356,경+중등도
0.10938652027995051,경+중등도
0.10844405101670984,경+중등도
0.08980532375253579,경+중등도
0.6910250468569079,치명
0.5087094504044241,경+중등도
0.06444132798294232,경+중등도
0.33556896549894843,경+중등도
0.03759784068112306,경+중등도
0.11767520652417947,경+중등도
0.051931543736794115,중상
0.039956597372380505,경+중등도
0.10961949813348552,경+중등도
0.9245300628810597,치명
0.22353068817780142,경+중등도
0.16195623363671005,치명
0.3127799462173104,치명
0.38447584881390506,경+중등도
0.10977862079775307,경+중등도
0.20034198698642358,경+중등도
0.18524250351567773,경+중등도
0.2789897318033668,경+중등도
0.6019444891363258,경+중등도
0.21054663323083078,경+중등도
0.09767440166530693,경+중등도
0.05935189995691951,경+중등도
0.5357384598658278,경+중등도
0.14194785506937435,치명
0.5772511080310033,경+중등도
0.023263671249680557,경+중등도
0.017832562517090488,경+중등도
0.29989119203590014,경+중등도
0.7218083889938286,경+중등도
0.10078687935094516,경+중등도
0.00874554640439871,경+중등도
0.4814750887095803,경+중등도
0.07789493495142383,경+중등도
0.1567171553448862,경+중등도
0.31760940955578815,경+중등도
0.0330165154703081,경+중등도
0.04761043446722304,경+중등도
0.036563174773555134,경+중등도
0.04381893542381112,중상
0.13167599758034643,경+중등도
0.08379017624686863,경+중등도
0.13835717772821562,경+중등도
0.119740705674514,경+중등도
0.10354976632137353,경+중등도
0.1644655515710198,경+중등도
0.34176405193089443,경+중등도
0.32023732573505853,경+중등도
0.6608646770867623,경+중등도
0.07139087027184714,경+중등도
0.9343359620962763,치명
0.008894691511592846,경+중등도
0.6863419032663253,경+중등도
0.6392302973749899,경+중등도
0.7270370343527187,경+중등도
0.21756980895767644,경+중등도
0.015266830539756105,경+중등도
0.10434550380769814,경+중등도
0.2762263023828318,경+중등도
0.025617388973194568,경+중등도
0.11408003395993349,중상
0.38506587144311627,경+중등도
0.0755290566873359,중상
0.48102241252865313,경+중등도
0.31290936288722465,경+중등도
0.07544214085805973,경+중등도
0.288212937411576,경+중등도
0.2785753874774893,경+중등도
0.09863274062909476,경+중등도
0.38724261361486284,경+중등도
0.2219635828275196,경+중등도
0.044076700383669454,경+중등도
0.13648420774567682,경+중등도
0.07608924116344025,경+중등도
0.06230947689521934,경+중등도
0.041255659579293495,경+중등도
0.4775851721000315,경+중등도
0.004643604158373268,중상
0.503481474144284,경+중등도
0.11417496728578969,경+중등도
0.19220918994909575,경+중등도
0.4317232598502157,경+중등도
0.7610163285775994,경+중등도
0.005950492930152547,경+중등도
0.172827164166257,경+중등도
0.23716054252614793,경+중등도
0.39672790415429965,경+중등도
0.3614913172544045,경+중등도
0.09062891948242142,경+중등도
0.09044866546032587,중상
0.45492195763921767,경+중등도
0.08305197498306581,경+중등도
0.30325838989759785,경+중등도
0.36586402103582977,경+중등도
0.3191242531758072,경+중등도
0.2735078580228855,경+중등도
0.6126169576476449,치명
0.0728023470196254,경+중등도
0.7411909266795521,경+중등도
0.27689635242853067,경+중등도
0.1400986834147916,경+중등도
0.20543779751242408,경+중등도
0.11134409748618364,경+중등도
0.21919748357138558,경+중등도
0.1967218844188657,경+중등도
0.042077178619060185,중상
0.4041679856752199,경+중등도
0.3219616949008525,경+중등도
0.16222993783893772,경+중등도
0.004537042856126655,중상
0.29366702555517016,경+중등도
0.12070825630371933,경+중등도
0.041100347350871584,경+중등도
0.33687122549731946,경+중등도
0.00341937047071119,중상
0.04106823930388387,경+중등도
0.016235509849719238,경+중등도
0.20343187779069635,경+중등도
0.007945852083300836,경+중등도
0.10524163984385032,경+중등도
0.1720392247801211,경+중등도
0.1303444637511847,경+중등도
0.9490164839738419,치명
0.43610724143376595,치명
0.8011461524793287,치명
0.07999825223322339,경+중등도
0.3803656888395219,경+중등도
0.11969587759600071,경+중등도
0.09923954159920649,경+중등도
0.05157240321215221,경+중등도
0.2848023548927247,경+중등도
0.04688478080691269,중상
0.17059289771656574,경+중등도
0.15492632871450007,경+중등도
0.3216704700734114,경+중등도
0.07542982730089468,경+중등도
0.34012735339398503,경+중등도
0.5963863725992783,경+중등도
0.8981344007009512,경+중등도
0.08462015613759326,경+중등도
0.06473281927063586,경+중등도
0.285673588817611,경+중등도
0.39585295491081207,경+중등도
0.11503785799749032,경+중등도
0.5404583204682765,중상
0.2906783487636557,경+중등도
0.05177217214664212,경+중등도
0.3957862383386346,경+중등도
0.3075489816340855,경+중등도
0.08763160974867766,경+중등도
0.9524891258762306,치명
0.0948416779070154,경+중등도
0.07044416177277589,중상
0.2894348175094185,경+중등도
0.12307655535703048,치명
0.16031620872676033,경+중등도
0.4952004277719882,경+중등도
0.1297672987886517,경+중등도
0.1930509895116358,경+중등도
0.3043214536206967,경+중등도
0.9246965314925945,치명
0.015935937040398324,경+중등도
0.7586779727740445,치명
0.1284986452530353,경+중등도
0.42584076393550513,경+중등도
0.17972089193230886,경+중등도
0.03889414225060686,경+중등도
0.32806182216861796,경+중등도
0.08567665000269382,경+중등도
0.4184586895013973,경+중등도
0.5009349166035179,경+중등도
0.09609786918052438,경+중등도
0.051978375009497146,경+중등도
0.10464957505551753,경+중등도
0.41792988903520795,경+중등도
0.24244923897028667,경+중등도
0.21014752395639344,경+중등도
0.31335663481302584,경+중등도
0.07882209875164246,경+중등도
0.4089726123001236,경+중등도
0.2623339441090104,경+중등도
0.23464611090698773,경+중등도
0.19445105499603185,경+중등도
0.4734129436116247,경+중등도
0.08552226999021655,경+중등도
0.1586489267848139,경+중등도
0.06801384029674805,경+중등도
0.5333710913282866,경+중등도
0.2224587187724456,경+중등도
0.006320139521656685,경+중등도
0.20383880388927897,경+중등도
0.0905228778106487,경+중등도
0.096845767980694,경+중등도
0.14910427175716626,경+중등도
0.09943333950445904,경+중등도
0.360341199488879,경+중등도
0.1911855124262416,경+중등도
0.12082669518554034,경+중등도
0.17698832539903786,경+중등도
0.0737484654625561,경+중등도
0.13657807167766525,중상
0.34205584012590357,경+중등도
0.3986753209016225,치명
0.42268408800321994,경+중등도
0.1988255076920348,경+중등도
0.09618662388440032,경+중등도
0.13185755915230768,경+중등도
0.04524601217075571,경+중등도
0.01490076497807785,경+중등도
0.3556090068165398,경+중등도
0.3196291040369058,경+중등도
0.4344978925357368,경+중등도
0.1840328788962946,경+중등도
0.10430019518628984,경+중등도
0.11568789191946083,경+중등도
0.24478204440497797,경+중등도
0.09093679347803656,경+중등도
0.07628108317282802,경+중등도
0.13246538348471928,경+중등도
0.38116777839165633,경+중등도
0.199449631428229,중상
0.15292347630014388,경+중등도
0.290335945551842,경+중등도
0.31987350416095484,경+중등도
0.10196762153754473,경+중등도
0.17898143181052673,경+중등도
0.04364104523214098,경+중등도
0.0833389531787792,경+중등도
0.7617811271978617,경+중등도
0.13424578972052797,중상
0.14664159670162932,경+중등도
0.24650669970216565,경+중등도
0.7838820083361225,치명
0.08775154992435957,중상
0.36555305489503526,경+중등도
0.025637100766187654,경+중등도
0.5207792435630975,경+중등도
0.08611924229976481,경+중등도
0.6027001261148212,경+중등도
0.3182586009209727,경+중등도
0.07519424355346382,경+중등도
0.04620192769200563,경+중등도
0.3710614758274307,중상
0.2537992047650548,경+중등도
0.03794784763289382,경+중등도
0.03385734788501686,경+중등도
0.16481313741544126,경+중등도
0.45147718039460893,경+중등도
0.21184870947779455,경+중등도
0.11740158846349129,경+중등도
0.14111779738818617,경+중등도
0.07863682761101472,경+중등도
0.22754756171275012,경+중등도
0.10007289305016799,경+중등도
0.3824628032220141,경+중등도
0.1961886748252478,경+중등도
0.04293155465451789,경+중등도
0.34225192006069055,중상
0.9570507890879033,치명
0.05887097840465182,경+중등도
0.1978166865613742,경+중등도
0.24197510944284706,경+중등도
0.0404064123825034,경+중등도
0.5642800567189513,치명
0.8718663798074705,경+중등도
0.25845378783099937,치명
0.230343103356379,치명
0.29113715415443164,중상
0.1344126975251492,경+중등도
0.05718791213367803,경+중등도
0.3559288316463864,중상
0.28871497522768014,경+중등도
0.05587122262333571,경+중등도
0.23026427192229895,경+중등도
0.0616777787528848,경+중등도
0.10368298569552281,경+중등도
0.1436966272481729,경+중등도
0.041358672841915585,경+중등도
0.13526358892043913,경+중등도
0.014405289362546272,중상
0.766664951905438,치명
0.5620730519630274,경+중등도
0.22399491021712445,경+중등도
0.18846820585581456,경+중등도
0.11224801889397971,경+중등도
0.1740320156255125,경+중등도
0.07841703919803396,경+중등도
0.11186474980171758,경+중등도
0.1365191617079866,경+중등도
0.11672568594060127,경+중등도
0.28351986065493123,경+중등도
0.10186973658984978,경+중등도
0.4546077445177361,경+중등도
0.005853301114405007,경+중등도
0.24227196421416697,경+중등도
0.28348250073321196,경+중등도
0.13928880129141527,경+중등도
0.21024723389935385,경+중등도
0.42779030129972795,경+중등도
0.672983843904476,치명
0.017598976934296677,경+중등도
0.004605717041533882,경+중등도
0.43370438899797287,경+중등도
0.09340253650937057,경+중등도
0.02138423238001888,경+중등도
0.007803786543322508,중상
0.20609858881200238,경+중등도
0.49325585450751075,중상
0.003630017863694985,중상
0.03893787391928897,경+중등도
0.25424271604683596,경+중등도
0.21075625955543495,경+중등도
0.018346294525782156,경+중등도
0.5206136696727841,경+중등도
0.09062143463981365,경+중등도
0.20834371343562208,경+중등도
0.11226655584377272,경+중등도
0.18476477062548283,경+중등도
0.031196302973701726,경+중등도
0.6020108756313538,경+중등도
0.06270817298934202,중상
0.01725488395886606,경+중등도
0.14192474209570294,경+중등도
0.2634965015388304,경+중등도
0.2451076408801406,치명
0.46608316583506,경+중등도
0.5578572363235014,경+중등도
0.20767207358080764,경+중등도
0.007329009591694612,중상
0.080354502992228,경+중등도
0.15304419260756796,경+중등도
0.08000971193869855,경+중등도
0.2599417939805611,경+중등도
0.3491041169305169,경+중등도
0.16671675392172206,경+중등도
0.21567915407715446,경+중등도
0.12399579110771593,경+중등도
0.002659790062218882,경+중등도
0.15601953752194228,경+중등도
0.06261349443292065,경+중등도
0.02787213681038611,중상
0.1419710490138726,경+중등도
0.11624492413477043,경+중등도
0.07534775791482785,경+중등도
0.6014528000874954,경+중등도
0.3054099242493939,경+중등도
0.20818920455675147,경+중등도
0.4613256714003307,경+중등도
0.44728285107894755,경+중등도
0.025803616945339378,경+중등도
0.5000977154557055,경+중등도
0.43635355074638915,경+중등도
0.06839539521718775,경+중등도
0.23014758164294835,경+중등도
0.17090645909298274,경+중등도
0.034573350141488546,경+중등도
0.23481296832174517,경+중등도
0.024171136888113804,경+중등도
0.10368024008840686,경+중등도
0.12985187950059499,경+중등도
0.15277107759706565,경+중등도
0.29866232581680796,경+중등도
0.052954188240386,경+중등도
0.22868000478551007,경+중등도
0.25044750227615187,경+중등도
0.08876928082829648,경+중등도
0.4849320004818949,경+중등도
0.5737626008134576,경+중등도
0.150475323928002,경+중등도
0.06174746229964145,경+중등도
0.11106077311010841,경+중등도
0.3558982351227851,경+중등도
0.39999703865888675,경+중등도
0.027666241890972165,경+중등도
0.22389854306669413,경+중등도
0.2260371924553517,경+중등도
0.06552678816315573,경+중등도
0.0557664893361074,경+중등도
0.19018620761250982,경+중등도
0.07097032744413037,경+중등도
0.10494007055928505,경+중등도
0.19172103891614137,경+중등도
0.9278916333588124,치명
0.015127659533829253,경+중등도
0.07777014466962186,경+중등도
0.020819859999114617,경+중등도
0.1039426500754886,경+중등도
0.10574259694514955,치명
0.15249301916353383,경+중등도
0.5572984435678564,치명
0.571459769092398,경+중등도
0.07657734361211747,중상
0.030554742203232937,경+중등도
0.28112570748917365,경+중등도
0.12091904651279743,경+중등도
0.04265582588483608,경+중등도
0.12163080615055592,경+중등도
0.45309658164531846,경+중등도
0.374746446861793,경+중등도
0.07814378724966088,경+중등도
0.3296164755564787,중상
0.2363898962241465,경+중등도
0.07176460439609532,중상
0.47821929576170885,치명
0.10473156506356385,경+중등도
0.234012615970139,경+중등도
0.42621508994603907,경+중등도
0.3127897750199126,경+중등도
0.5680297482545821,경+중등도
0.10165149551083678,경+중등도
0.2569739643159152,경+중등도
0.036446422996212875,경+중등도
0.2768819673876839,경+중등도
0.03165608141661017,경+중등도
0.0027505782944246444,중상
0.08868893594098343,경+중등도
0.32803080335311824,경+중등도
0.5491433565105419,경+중등도
0.43901826840100017,경+중등도
0.2017413566648849,경+중등도
0.09328749630741999,경+중등도
0.003256170224989776,중상
0.11733248610323743,경+중등도
0.14595854487163537,경+중등도
0.08661911215969686,경+중등도
0.18404454275701307,경+중등도
0.03417713174577398,경+중등도
0.8328248630867537,치명
0.0960947001696663,경+중등도
0.40949198206915244,경+중등도
0.6153530352514304,경+중등도
0.26282762398374093,경+중등도
0.030366337981281646,경+중등도
0.18354120284291184,경+중등도
0.43023832830090264,경+중등도
0.22020856247467302,경+중등도
0.18774521815107692,중상
0.009956763174062135,중상
0.7366114747373462,경+중등도
0.3965459118019978,치명
0.14666382223942262,경+중등도
0.37613170672021407,경+중등도
0.08012202455854676,경+중등도
0.03540770700080157,경+중등도
0.13141823410332928,경+중등도
0.18604558415221453,경+중등도
0.5489243241826784,치명
0.193741809134908,경+중등도
0.5374342824248758,경+중등도
0.22431344543950163,경+중등도
0.13436532597945872,치명
0.0287569487290633,경+중등도
0.062473872145705434,경+중등도
0.0020779344368458724,경+중등도
0.05933680543334091,경+중등도
0.04423418967496732,경+중등도
0.5368029548154521,경+중등도
0.11121159703647288,경+중등도
0.2947344009009642,중상
0.3293052906066985,경+중등도
0.13254601151635795,중상
0.041263092953387,경+중등도
0.33976552843531566,경+중등도
0.07625591560468505,경+중등도
0.4178096043867419,경+중등도
0.007800763881803778,경+중등도
0.637766533292087,경+중등도
0.017748418153313756,경+중등도
0.263798006917974,경+중등도
0.4161139714727648,경+중등도
0.2656171645983914,경+중등도
0.016656837573827136,경+중등도
0.5136286215731323,경+중등도
0.33846747816842715,경+중등도
0.15498392630838104,중상
0.2020033880233009,경+중등도
0.34187498112252324,경+중등도
0.11625901587249678,경+중등도
0.2925367531341276,경+중등도
0.12218246843522211,중상
0.3826269130455871,경+중등도
0.3788296109427038,경+중등도
0.0942655210353364,경+중등도
0.057638293609888834,경+중등도
0.006671810148073216,경+중등도
0.22216837044022755,경+중등도
0.3211028942104022,경+중등도
0.9246965314925945,치명
0.14452900540994096,경+중등도
0.04816281827681762,경+중등도
0.29988642401512416,경+중등도
0.14471821272872268,경+중등도
0.3634430643995778,경+중등도
0.04167991474379784,경+중등도
0.14563791631870993,경+중등도
0.1566971640465994,경+중등도
0.0323006872550761,경+중등도
0.041029042962719836,경+중등도
0.05265892727376542,경+중등도
0.008866832024336744,경+중등도
0.16746260204559163,중상
0.20196882094470994,경+중등도
0.6122117230307152,치명
0.21346094889510972,중상
0.09087304283437907,경+중등도
0.1692900589027577,경+중등도
0.4078379254704821,경+중등도
0.08701605285945518,경+중등도
0.12618570996305925,경+중등도
0.8147566724248714,경+중등도
0.028345108480898915,경+중등도
0.3646562137850106,경+중등도
0.37803469210299534,경+중등도
0.07690513402718212,경+중등도
0.2150388730715365,경+중등도
0.14539019868489633,경+중등도
0.04961080835348445,경+중등도
0.11960468543355207,경+중등도
0.04999903671707118,경+중등도
0.014980186197047565,경+중등도
0.6970931871374995,경+중등도
0.0598663340004556,경+중등도
0.5457611551893152,경+중등도
0.03035348612930321,경+중등도
0.0910861725444861,경+중등도
0.05499518742926932,경+중등도
0.2379698679863278,경+중등도
0.32940491841955083,경+중등도
0.5936279757915963,치명
0.007990449173003013,경+중등도
0.6724843143576732,경+중등도
0.359441769824648,경+중등도
0.07535692561922279,경+중등도
0.027396089873779977,경+중등도
0.20645727253407364,경+중등도
0.0768282278219764,경+중등도
0.17936616802347452,경+중등도
0.017001709706845603,경+중등도
0.23125956996862698,경+중등도
0.5802293315965327,경+중등도
0.57706003552821,경+중등도
0.20482532331966696,경+중등도
0.15942126510963608,경+중등도
0.5689546246113709,경+중등도
0.1918276275399872,경+중등도
0.40545598301867014,치명
0.15823966700071668,경+중등도
0.044896600259418995,경+중등도
0.16471945412325847,경+중등도
0.12529904595788868,경+중등도
0.7115433041483182,경+중등도
0.15822713517553968,경+중등도
0.07582466155281374,경+중등도
0.14334281621021344,경+중등도
0.22243025011289821,중상
0.05270820865435116,치명
0.5304631665389069,치명
0.06848058657045464,경+중등도
0.1492079963461536,경+중등도
0.19641255662642046,경+중등도
0.44498259746115165,경+중등도
0.22014432086657534,중상
0.03710393324809756,경+중등도
0.24002006532868334,경+중등도
0.07863694605615955,경+중등도
0.8007646243220172,치명
0.025128005865340457,경+중등도
0.21905860501301402,경+중등도
0.02532200205878668,경+중등도
0.054921742184805146,경+중등도
0.11565600559080504,경+중등도
0.466754343966633,경+중등도
0.2880315680554852,경+중등도
0.5669161454935585,치명
0.08850513838975442,중상
0.7092698382283884,경+중등도
0.325088425619943,경+중등도
0.2780228859361501,경+중등도
0.22156461530854385,경+중등도
0.31289437153629623,경+중등도
0.06238017523490036,경+중등도
0.029533503997802704,중상
0.49066808668399364,경+중등도
0.7788376224213583,치명
0.043546245037564296,경+중등도
0.033915405650795594,경+중등도
0.12341510296927281,경+중등도
0.20323104120113333,경+중등도
0.11446565694198246,경+중등도
0.1700758855428657,경+중등도
0.19685264966940105,경+중등도
0.21811774282211985,경+중등도
0.131940032023211,경+중등도
0.16005493719130626,중상
0.14729173364230155,경+중등도
0.16303648554591638,경+중등도
0.11341440195012846,치명
0.18190166737032462,치명
0.2975281294677768,경+중등도
0.08535786610053635,경+중등도
0.09840754220283394,경+중등도
0.26921553703573026,경+중등도
0.009239387632978312,경+중등도
0.06809729942687853,경+중등도
0.028795707890133724,경+중등도
0.1574072779969341,경+중등도
0.06634180804806318,경+중등도
0.21337951690533466,경+중등도
0.06238660537393654,중상
0.9262737020142727,치명
0.006575699143318284,경+중등도
0.03461146592547016,경+중등도
0.2175689077134273,경+중등도
0.29487604690895824,경+중등도
0.09764046499560018,경+중등도
0.10131355336695937,경+중등도
0.13212934254037859,경+중등도
0.08483932944334603,경+중등도
0.5664821147950888,경+중등도
0.2690906388830444,경+중등도
0.13261068418157518,경+중등도
0.08645257880715428,경+중등도
0.07790167079317876,경+중등도
0.2932322161462995,경+중등도
0.17239662190966934,경+중등도
0.3175864364624281,경+중등도
0.10248606740421735,경+중등도
0.06439013892076352,중상
0.6441418929155256,중상
0.36045956006711455,경+중등도
0.5777141558789401,경+중등도
0.19035483802173744,경+중등도
0.03443233221018447,경+중등도
0.10538306463454485,중상
0.23344064632338,치명
0.039103581862495455,치명
0.12969316781342335,경+중등도
0.0962908193481699,경+중등도
0.026504892121262908,경+중등도
0.28605420869216786,경+중등도
0.004464964919549162,중상
0.02750693945226256,경+중등도
0.3103080049665325,경+중등도
0.040595573623580704,경+중등도
0.04417313059055511,경+중등도
0.3642631037659891,경+중등도
0.004872513912880516,경+중등도
0.829380601029011,치명
0.0428594321019535,경+중등도
0.1486139419599398,경+중등도
0.4052223558313328,경+중등도
0.3741199209026993,경+중등도
0.01768917290127683,중상
0.2769795766424132,경+중등도
0.3565622848625047,경+중등도
0.006249728972101846,중상
0.16280075559406762,경+중등도
0.18853672546862202,경+중등도
0.40526307930203687,경+중등도
0.32961813567715886,경+중등도
0.15323901860064323,경+중등도
0.4143579688634687,경+중등도
0.0015829656535380785,중상
0.14155836871645194,경+중등도
0.7620408878283614,경+중등도
0.7153654801860257,경+중등도
0.022882608317864043,경+중등도
0.1113147582511876,경+중등도
0.16786451817706607,경+중등도
0.010100336931650486,경+중등도
0.03746987660537968,경+중등도
0.05162647906661553,중상
0.0698801748567608,경+중등도
0.08344450903046469,경+중등도
0.22119706349691026,치명
0.11583491432887298,경+중등도
0.5786968409666752,치명
0.18853023661408108,경+중등도
0.06718817291477197,경+중등도
0.5562654580983436,경+중등도
0.16758430023282236,경+중등도
0.2526381062976902,경+중등도
0.08607083149771455,경+중등도
0.7096565818614661,경+중등도
0.18135975533991347,경+중등도
0.047843535204502595,경+중등도
0.052953000337606686,경+중등도
0.583153022201568,중상
0.4546728109869685,경+중등도
0.16170049855915333,경+중등도
0.2748919840597212,경+중등도
0.35356288650011436,치명
0.5245278326303543,경+중등도
0.3121038958468451,치명
0.2387531662800204,경+중등도
0.6173568428149661,중상
0.047039133362298265,중상
0.0033348509750946837,경+중등도
0.5430098802076707,경+중등도
0.28044345175715907,경+중등도
0.00513933366713363,중상
0.03535318290347334,경+중등도
0.11564791167484811,경+중등도
0.3075750464486614,경+중등도
0.140084035024959,경+중등도
0.21510367486652973,경+중등도
0.21496974717692105,경+중등도
0.3261914894804394,경+중등도
0.154921432947998,경+중등도
0.17021023639475383,경+중등도
0.050668419185952863,경+중등도
0.18817900902247617,경+중등도
0.22899603422666995,경+중등도
0.3512971246406405,경+중등도
0.33926387611056025,경+중등도
0.06715880594122282,경+중등도
0.21919564818983486,경+중등도
0.07229839531767011,경+중등도
0.044051813868695944,경+중등도
0.19699242308151924,경+중등도
0.1075492702494814,경+중등도
0.2554123007376546,경+중등도
0.16032008976414855,경+중등도
0.258719420709492,경+중등도
0.18770539757387875,경+중등도
0.09187472801359194,경+중등도
0.1897866317867419,경+중등도
0.2654035211293705,경+중등도
0.12410821383588184,중상
0.07966018318727684,경+중등도
0.2413741056404671,경+중등도
0.009191413814614836,경+중등도
0.03639896677866045,경+중등도
0.46771350545303764,치명
0.026510850144015757,경+중등도
0.2694524965205461,경+중등도
0.3228244321409884,경+중등도
0.2843276137430076,경+중등도
0.10992261657603448,치명
0.1213952209784435,경+중등도
0.2204509991216507,경+중등도
0.14636601521496373,경+중등도
0.27643631687532416,경+중등도
0.07368307820918706,경+중등도
0.16410550125700674,경+중등도
0.13725135276272515,경+중등도
0.32828304820304083,중상
0.8760008713960418,치명
0.11392257015647385,경+중등도
0.04411493607644762,경+중등도
0.5004347439825761,경+중등도
0.5614560298012271,경+중등도
0.16026420008552342,경+중등도
0.15106872641819202,중상
0.05106641427254128,경+중등도
0.09923223712375913,경+중등도
0.2081163042540146,경+중등도
0.14123654732720745,경+중등도
0.384652226899878,경+중등도
0.03567166299513302,중상
0.4161420437040391,경+중등도
0.1818708285720596,경+중등도
0.7475182135736705,치명
0.4459731860261041,경+중등도
0.8230842830786917,경+중등도
0.15071908333020503,경+중등도
0.3708687105173188,경+중등도
0.2858972463826826,경+중등도
0.3191820660762168,경+중등도
0.004878630896581159,중상
0.5738517690716382,경+중등도
0.12211873264100138,경+중등도
0.14716604052895213,경+중등도
0.2598121983091957,경+중등도
0.6786310267666315,치명
0.10328381448958716,경+중등도
0.15476711155346246,경+중등도
0.10324813628969648,경+중등도
0.2397227923271288,경+중등도
0.41285321485091503,경+중등도
0.7685581242396117,경+중등도
0.19859332175663072,경+중등도
0.4175365588526394,경+중등도
0.49769664118051055,경+중등도
0.19108887731935717,경+중등도
0.854725469283581,치명
0.06660884393901638,경+중등도
0.03707110701614672,경+중등도
0.044879014805546215,중상
0.23699602723650706,경+중등도
0.29180896340216417,중상
0.23696820444834135,경+중등도
0.07276627641782678,중상
0.12319719340044129,경+중등도
0.07101245189918966,경+중등도
0.09387244997784346,경+중등도
0.37341899836497566,경+중등도
0.09793432615361093,경+중등도
0.03837386218523481,경+중등도
0.37229074607468093,경+중등도
0.1512304607146271,경+중등도
0.21677522914679634,경+중등도
0.06898574951178661,경+중등도
0.45063536384874414,치명
0.1371248703540067,경+중등도
0.052423405438044295,경+중등도
0.15908662908180157,경+중등도
0.2097915267088193,경+중등도
0.07652932144138208,경+중등도
0.1391172653590991,경+중등도
0.018792006231810085,중상
0.5449026345816659,경+중등도
0.06382722297557726,중상
0.06568002784144024,경+중등도
0.16337714324265212,경+중등도
0.16921275939630057,경+중등도
0.08064884886818953,중상
0.24102148932931086,경+중등도
0.07300662845263357,경+중등도
0.2133990083082511,중상
0.28253799460989054,경+중등도
0.0642622320576459,경+중등도
0.31725554639235864,경+중등도
0.4748072172584452,경+중등도
0.2859543834547412,경+중등도
0.041472023097878195,경+중등도
0.036096683219605026,경+중등도
0.19275633533838654,중상
0.19018450113063093,경+중등도
0.15060395173524108,경+중등도
0.39434131572926595,경+중등도
0.1517489029590714,경+중등도
0.7182783009994678,경+중등도
0.038356565154437534,중상
0.043580787994438965,중상
0.1035276422487228,경+중등도
0.21264766985879588,경+중등도
0.22000871267400113,경+중등도
0.50766884831819,경+중등도
0.14209226287182156,경+중등도
0.09574329387261467,경+중등도
0.14710662292954832,경+중등도
0.1339403343975506,경+중등도
0.40487157710935895,경+중등도
0.11346318002078155,경+중등도
0.05094532814627258,경+중등도
0.17168171667210264,경+중등도
0.11084811502312658,경+중등도
0.03597756705663994,경+중등도
0.2537095339607622,경+중등도
0.06316872360072094,경+중등도
0.4577627923701984,경+중등도
0.11487858583604964,경+중등도
0.15178586363156665,경+중등도
0.13661809169690428,경+중등도
0.5647038570850436,경+중등도
0.021035763087613926,경+중등도
0.017574803456362663,경+중등도
0.1683014481334727,경+중등도
0.11966873410860217,경+중등도
0.08125541289599579,경+중등도
0.6979010987695987,경+중등도
0.1486564700093539,경+중등도
0.040128363584780946,경+중등도
0.1511851201533246,경+중등도
0.14327708215208027,경+중등도
0.3927057613552865,경+중등도
0.13772827560570686,경+중등도
0.5903523961366576,경+중등도
0.04584901521119994,경+중등도
0.472184948625289,중상
0.38959387735777984,경+중등도
0.09752169902750267,경+중등도
0.31207818431778017,경+중등도
0.05619400175679554,경+중등도
0.12656194438588264,경+중등도
0.10815060124635367,경+중등도
0.4622896074172042,경+중등도
0.00931974707698414,경+중등도
0.20358514344923273,중상
0.07561021996170482,경+중등도
0.06979654634486701,경+중등도
0.487011958911802,경+중등도
0.10342837561584946,경+중등도
0.25542112043380794,경+중등도
0.18649047271448901,경+중등도
0.01805000642348123,중상
0.5939536324362485,경+중등도
0.2088709758839904,경+중등도
0.08121269588052936,경+중등도
0.6650760008770303,경+중등도
0.19774671847362887,경+중등도
0.2876754286240357,경+중등도
0.15199124364897787,경+중등도
0.054813133009929633,경+중등도
0.16599893909490623,경+중등도
0.1609653215098323,경+중등도
0.18014045143841298,경+중등도
0.3257031806804533,경+중등도
0.4136724023059717,경+중등도
0.1356275393905052,경+중등도
0.22803890405928975,경+중등도
0.3817258439020153,경+중등도
0.1333152461433431,경+중등도
0.14166218715207723,경+중등도
0.15134924470823508,경+중등도
0.08419628871444944,경+중등도
0.4679073240689154,경+중등도
0.2963770998149137,경+중등도
0.06245216607466863,경+중등도
0.30665114369277063,경+중등도
0.12851274220905867,경+중등도
0.009759257220190241,경+중등도
0.06731068934362298,경+중등도
0.32422502054891517,경+중등도
0.08309900337790802,경+중등도
0.6470386739694677,경+중등도
0.4983297627528555,치명
0.8796849898050644,치명
0.0569291726019874,경+중등도
0.3588230726901916,경+중등도
0.14629920513949693,경+중등도
0.21369150093657022,치명
0.30547414890073243,경+중등도
0.01928329805433693,경+중등도
0.01513334036456977,중상
0.2582821778788397,경+중등도
0.01733043798512797,경+중등도
0.10764687722166515,경+중등도
0.45838237839508783,경+중등도
0.11052165026005999,경+중등도
0.5058684961688574,경+중등도
0.5626927249652647,경+중등도
0.22752764152857918,경+중등도
0.08333188691797504,경+중등도
0.046063166721410705,경+중등도
0.4261453476332863,경+중등도
0.1636009050627171,경+중등도
0.20466913325988925,경+중등도
0.32279170620492886,경+중등도
0.029028912627048542,경+중등도
0.1338377243971038,경+중등도
0.3259331996131443,치명
0.3177564423641308,경+중등도
0.8826197437790947,경+중등도
0.4084406102083759,경+중등도
0.4137648431904904,경+중등도
0.07938822958796615,경+중등도
0.06584334169860598,경+중등도
0.22345952470842909,경+중등도
0.1686032920594109,경+중등도
0.20723962740947477,경+중등도
0.33148033895780293,경+중등도
0.01835211192401953,경+중등도
0.2899294280894275,경+중등도
0.2352420977446541,경+중등도
0.16058264821059517,경+중등도
0.3968123065445945,경+중등도
0.2752797378960064,중상
0.11294741451966879,경+중등도
0.45922991735091473,경+중등도
0.15525122021060608,경+중등도
0.13479798159121797,경+중등도
0.5262091400826832,치명
0.01074379446598933,중상
0.22148318334283804,경+중등도
0.2159434854568613,경+중등도
0.06711801946571073,경+중등도
0.04145167138509526,경+중등도
0.06370980776892636,경+중등도
0.6328693408646143,치명
0.5667116311985881,경+중등도
0.30417568379353727,경+중등도
0.042246982953041544,경+중등도
0.13748825747024998,경+중등도
0.2813726413109779,경+중등도
0.5203830805912874,경+중등도
0.12569578913393123,경+중등도
0.29343695356692717,경+중등도
0.16945799632112915,경+중등도
0.2543374787624928,중상
0.44724130159415715,치명
0.120951400536201,경+중등도
0.7936146114228387,경+중등도
0.05237092229811328,경+중등도
0.07752307482387434,경+중등도
0.20222032305330714,경+중등도
0.3376916198210806,경+중등도
0.21396026652364356,경+중등도
0.03450828020867416,경+중등도
0.10666595137136851,경+중등도
0.19671540851558497,경+중등도
0.027598916341011248,경+중등도
0.04652779979894708,경+중등도
0.03855240706460857,경+중등도
0.21502746471091203,경+중등도
0.14653928860111162,경+중등도
0.701231490957479,경+중등도
0.09105414151692019,경+중등도
0.2072552017631414,경+중등도
0.22503922449890498,경+중등도
0.509081061026521,경+중등도
0.16399948342267875,경+중등도
0.043861552861735126,경+중등도
0.17808048608243246,경+중등도
0.3380088261118124,경+중등도
0.13257875958163745,경+중등도
0.3599951743412766,경+중등도
0.21577044461394182,경+중등도
0.6185878050742074,경+중등도
0.0689601255106997,치명
0.007396795412958848,중상
0.2323313683502708,경+중등도
0.04328438680677416,경+중등도
0.20807719682687165,경+중등도
0.14534819037228683,경+중등도
0.06059442590322767,경+중등도
0.2294450708539709,경+중등도
0.07828827042350944,중상
0.05732834876550722,경+중등도
0.22671412190076276,경+중등도
0.5629053260139149,경+중등도
0.1961092167988574,경+중등도
0.09328412396508856,경+중등도
0.1608919952583878,경+중등도
0.2916301465773717,경+중등도
0.13249058441352188,경+중등도
0.12545125302393179,경+중등도
0.21603286818233944,경+중등도
0.15312736013352704,경+중등도
0.579581914396643,경+중등도
0.2534390932844386,중상
0.11261650070713919,경+중등도
0.0725496276489734,중상
0.24232895509163732,경+중등도
0.1063401770948313,경+중등도
0.26152515767193324,경+중등도
0.22389148742390616,경+중등도
0.8694841838731925,치명
0.15632803288645922,중상
0.49724547277919057,경+중등도
0.3521882375854477,경+중등도
0.02543362370344852,경+중등도
0.03557658568316848,경+중등도
0.16701211461823695,경+중등도
0.002762790453453305,경+중등도
0.4960296662886961,치명
0.01196202504185819,중상
0.12687438883396782,경+중등도
0.11924988884980327,중상
0.15893050662447086,경+중등도
0.05891726603135874,경+중등도
0.12152601567136918,경+중등도
0.5505307124959619,치명
0.07325808750507047,경+중등도
0.4100271765507997,경+중등도
0.4079432188555722,경+중등도
0.06625516225364379,경+중등도
0.1263659744783503,경+중등도
0.5126684436792239,경+중등도
0.06565628039565798,경+중등도
0.05233586647177831,경+중등도
0.06411165660941125,경+중등도
0.10122399788788332,경+중등도
0.19905801606787774,경+중등도
0.2806707415238941,경+중등도
0.0553592458602765,경+중등도
0.22335146435836464,치명
0.17717774564295688,경+중등도
0.1819918723334293,경+중등도
0.08174127155564055,경+중등도
0.21531998668606464,경+중등도
0.023116581130040188,경+중등도
0.3940764960663234,치명
0.1199653279344907,경+중등도
0.2080832656505968,경+중등도
0.13538625725160933,경+중등도
0.6610164252112335,경+중등도
0.40034506996212044,경+중등도
0.8316542657624547,경+중등도
0.07374566834383768,중상
0.02635400219991314,경+중등도
0.17700820534905923,경+중등도
0.2922855916487884,경+중등도
0.10732741164489863,경+중등도
0.36936708854322076,중상
0.770747955326143,치명
0.6223730581498729,경+중등도
0.03064260327646212,중상
0.37938261346046276,경+중등도
0.13157712128817575,경+중등도
0.1458657385777458,경+중등도
0.21744776600227045,경+중등도
0.15199346566799668,경+중등도
0.18895102032495692,경+중등도
0.36202955490844363,경+중등도
0.38975495653109843,경+중등도
0.17239391976669957,경+중등도
0.27295165583789227,경+중등도
0.1264574489298477,경+중등도
0.1987831232553295,경+중등도
0.05991917921704617,경+중등도
0.36326507551323645,경+중등도
0.0333335797843051,경+중등도
0.5105467427010573,경+중등도
0.12100208523108226,경+중등도
0.226913233488325,경+중등도
0.06271884774543939,경+중등도
0.33824259357302217,경+중등도
0.15954953133018093,경+중등도
0.09905754200810217,경+중등도
0.3668173367178651,경+중등도
0.16118646971972803,경+중등도
0.04232331483591046,경+중등도
0.3565458412003449,경+중등도
0.9221724412577842,치명
0.16833434867064093,경+중등도
0.2855124410375897,경+중등도
0.4331947725952266,경+중등도
0.4641799418387418,경+중등도
0.16697768257812284,경+중등도
0.2747536673926861,경+중등도
0.15590879807754332,경+중등도
0.11371201925924775,경+중등도
0.053538502206760874,경+중등도
0.1530508489343694,경+중등도
0.07051131653048694,경+중등도
0.05018868884299552,경+중등도
0.16628126362742202,경+중등도
0.1433202140918756,경+중등도
0.22838268189388697,경+중등도
0.1732940891735297,경+중등도
0.05307189768503887,경+중등도
0.1524020572097585,경+중등도
0.0353775513333289,경+중등도
0.948272573442162,중상
0.2687416931682621,치명
0.05260690985268054,중상
0.2734800314253932,경+중등도
0.15320312039947154,경+중등도
0.08975428381909568,경+중등도
0.18019386013702587,경+중등도
0.12231343879296806,경+중등도
0.26062854415540726,경+중등도
0.18939901616367905,경+중등도
0.4228538174650282,경+중등도
0.36153496175714617,경+중등도
0.007879001413728402,중상
0.12028535318354527,경+중등도
0.19837054988939182,경+중등도
0.04347696879058787,경+중등도
0.05713620641199111,치명
0.2567707972858378,경+중등도
0.31724215122677474,경+중등도
0.06065108408183075,경+중등도
0.023805074166185033,경+중등도
0.0053561774628168276,중상
0.14373388985310334,경+중등도
0.03634649136187706,경+중등도
0.18497938094051655,경+중등도
0.06812923595768812,경+중등도
0.024562289562974626,경+중등도
0.23351292464547058,경+중등도
0.04271371885168528,경+중등도
0.5495610145671117,치명
0.79921291084523,경+중등도
0.1735496617143777,경+중등도
0.11742608518739749,경+중등도
0.08502003718983568,경+중등도
0.5840682474083735,치명
0.185349494022185,경+중등도
0.362843480190364,경+중등도
0.13017600009744315,경+중등도
0.1089295853564674,경+중등도
0.10042026549062964,경+중등도
0.6972507853249575,경+중등도
0.3035710016374297,경+중등도
0.043991076991531174,경+중등도
0.2184779285917429,중상
0.26571218305325234,경+중등도
0.6947655129621397,치명
0.31909096447444313,경+중등도
0.012577991531927834,중상
0.03451789637769157,경+중등도
0.6194841028070784,경+중등도
0.5772149484691654,경+중등도
0.6488377876926322,경+중등도
0.39635975900280584,치명
0.057855235122446225,경+중등도
0.15144142833219118,경+중등도
0.005547723298367046,경+중등도
0.5420040279889338,경+중등도
0.017803037347495918,중상
0.06740130898652366,경+중등도
0.08887684353843782,경+중등도
0.2099139031132601,경+중등도
0.3747216648562017,치명
0.0697726463524286,경+중등도
0.37384220335836954,경+중등도
0.0971685019743967,경+중등도
0.16178137471575993,경+중등도
0.09978256669109732,경+중등도
0.15476233151075913,경+중등도
0.23034186344857732,경+중등도
0.540901731575344,경+중등도
0.6037391627796934,경+중등도
0.05196407846047577,경+중등도
0.3524648717532924,경+중등도
0.38051362736187544,경+중등도
0.29083202817934023,중상
0.06503039207653598,경+중등도
0.04817987590711018,경+중등도
0.10890414915194563,경+중등도
0.1540371130170977,경+중등도
0.10783165129528594,중상
0.10929423503071393,중상
0.07015867294746449,경+중등도
0.0925614027050331,경+중등도
0.191363763231814,경+중등도
0.14743570983837634,경+중등도
0.02846298075755681,경+중등도
0.2235182438743116,경+중등도
0.21588740870802922,경+중등도
0.046165307084041256,경+중등도
0.11398670786006898,경+중등도
0.1421893966234337,경+중등도
0.28361437352289204,경+중등도
0.8334716433402732,치명
0.027262482625891826,경+중등도
0.154196137079156,경+중등도
0.3075446637871904,중상
0.22035306848278094,중상
0.3877684944900322,경+중등도
0.30684362026501627,경+중등도
0.07995456800665654,경+중등도
0.6321396980290584,경+중등도
0.35923226790012136,경+중등도
0.232162966486084,경+중등도
0.7228554829650164,경+중등도
0.0326610827984676,경+중등도
0.2502442004507819,경+중등도
0.24248846724128956,경+중등도
0.2658698589189809,경+중등도
0.2913762117285063,경+중등도
0.07196687235690863,경+중등도
0.0072272740820350165,중상
0.455783174017429,경+중등도
0.08773452360342204,경+중등도
0.9524891258762306,치명
0.10451438796313915,경+중등도
0.6556714055260658,치명
0.21318212509469772,경+중등도
0.33888396226512096,경+중등도
0.035700087537383546,경+중등도
0.3920479111700898,경+중등도
0.09169955097333009,경+중등도
0.27360937011834796,경+중등도
0.15685902938755747,경+중등도
0.3484615573164947,경+중등도
0.25509675860496944,경+중등도
0.16480472791800577,경+중등도
0.12238715963225383,경+중등도
0.29956648879796705,경+중등도
0.11248861078582717,경+중등도
0.11988900612517157,경+중등도
0.5707640927145853,치명
0.07913663222040852,경+중등도
0.15522047412401274,경+중등도
0.5288250620263737,경+중등도
0.11290303357746241,경+중등도
0.020323620619424814,경+중등도
0.24181835379731362,경+중등도
0.03546727498301864,경+중등도
0.29183637257081524,경+중등도
0.14482731935492926,경+중등도
0.16227737138985426,경+중등도
0.4710040224641034,경+중등도
0.16088170786556116,경+중등도
0.06436669514789611,경+중등도
0.3552828050483492,경+중등도
0.8505919825547702,경+중등도
0.24153260210395297,경+중등도
0.6151404071186488,경+중등도
0.2161962685052815,중상
0.15466464785392958,경+중등도
0.10977313949157808,경+중등도
0.1701557745505311,경+중등도
0.16263289254313187,경+중등도
0.1361925204019545,경+중등도
0.13189329698911934,경+중등도
0.0035977814211370722,중상
0.18399749762403725,중상
0.08123023037486755,중상
0.521694671080788,경+중등도
0.13632053225449917,경+중등도
0.057104525363279056,경+중등도
0.17272695150324877,경+중등도
0.16274259874213295,경+중등도
0.11287996638131366,경+중등도
0.2158040952233714,경+중등도
0.6181815367818931,경+중등도
0.6037443029508145,치명
0.03252056023246842,경+중등도
0.8337255783181755,경+중등도
0.21607176244501305,경+중등도
0.1653772409039819,경+중등도
0.006216470910881806,중상
0.04088583642993449,중상
0.0033810677654107107,중상
0.04637830809964902,경+중등도
0.28092209619659214,경+중등도
0.16363720238856708,경+중등도
0.06339339112069145,경+중등도
0.027948178544473925,경+중등도
0.1375373528421285,경+중등도
0.5260867827110791,경+중등도
0.042419694171444845,경+중등도
0.7398779648801939,중상
0.1118051567039091,경+중등도
0.07253373109366658,경+중등도
0.3180001510670264,경+중등도
0.05663959947239555,경+중등도
0.06360655256304233,경+중등도
0.11275085250708024,경+중등도
0.16037916536333355,중상
0.19204778742640213,경+중등도
0.05839712071391869,경+중등도
0.03602337846660312,중상
0.13944643763600664,경+중등도
0.6414530615927304,치명
0.7340750491604866,치명
0.6979179329135076,치명
0.19702210853512755,경+중등도
0.005945250284099764,경+중등도
0.6828964107531723,경+중등도
0.4718216606739795,경+중등도
0.36034566875602675,경+중등도
0.23765548660224592,중상
0.28601542839196803,경+중등도
0.10168578477549899,경+중등도
0.41075121158594935,경+중등도
0.08458322783633139,경+중등도
0.12011215733857632,경+중등도
0.7055352399456019,경+중등도
0.2712113145979649,경+중등도
0.15698411960146927,경+중등도
0.11550158212660815,치명
0.5889908439684209,경+중등도
0.09534844523034915,경+중등도
0.3372090551906844,경+중등도
0.7770672414882204,경+중등도
0.36337488677350044,경+중등도
0.02895358504736378,경+중등도
0.08031351540507826,경+중등도
0.10203054607767355,경+중등도
0.0454106047398025,경+중등도
0.33759111332898756,경+중등도
0.23222866034164594,중상
0.23428775939154792,경+중등도
0.07167602686927835,경+중등도
0.26618834505896194,경+중등도
0.047206734371760595,경+중등도
0.5304031338661644,경+중등도
0.07399106632257692,경+중등도
0.14191247980851765,경+중등도
0.04453410170377878,경+중등도
0.25532909514062213,경+중등도
0.5197296568235222,경+중등도
0.5195653541221433,경+중등도
0.10924468802129617,경+중등도
0.1251713934920026,경+중등도
0.09714298515167392,경+중등도
0.14530712908333107,경+중등도
0.014615267467830836,경+중등도
0.4439604020788299,경+중등도
0.7339673321265502,치명
0.004259624190595356,경+중등도
0.5386733587125564,경+중등도
0.15474337382557038,경+중등도
0.3816125778363211,경+중등도
0.09834572431385104,경+중등도
0.14422856657462532,경+중등도
0.13959314256427982,경+중등도
0.36538609723918075,경+중등도
0.1360189525575415,경+중등도
0.11652875948746823,경+중등도
0.22021917246071357,경+중등도
0.20989528088001508,경+중등도
0.004980583162198893,경+중등도
0.6020564889793526,경+중등도
0.03631694950244682,경+중등도
0.11852785093788491,경+중등도
0.13410568401240794,경+중등도
0.08200771954841767,경+중등도
0.5685455236156239,중상
0.8678704706479331,치명
0.2311857331846723,경+중등도
0.1484124482113958,경+중등도
0.04197507013016987,경+중등도
0.022106647113589412,경+중등도
0.11858981047825358,경+중등도
0.14247075386472408,경+중등도
0.07681516739682803,경+중등도
0.1624636914508009,경+중등도
0.4603015822996334,경+중등도
0.1116872983208329,경+중등도
0.2967814516059257,경+중등도
0.5022864720726709,경+중등도
0.03483068294645109,경+중등도
0.020483823114762555,중상
0.28751244955795996,경+중등도
0.8913522396135969,치명
0.4504683648793681,경+중등도
0.18492232615126344,경+중등도
0.14818443320008137,경+중등도
0.14372352109564904,경+중등도
0.1389082808101871,경+중등도
0.26154784290328315,중상
0.3179947130307152,경+중등도
0.09200411985306739,경+중등도
0.016231330709488876,경+중등도
0.014322668203243516,경+중등도
0.06463080020388723,경+중등도
0.07374142288669884,경+중등도
0.18645371874856656,경+중등도
0.06555988481599147,경+중등도
0.39664827451661583,치명
0.6763799274563752,경+중등도
0.10466911086907772,경+중등도
0.8701380435034117,치명
0.14836872946674268,중상
0.16325829304693523,경+중등도
0.1370606969276034,경+중등도
0.003042104120103041,중상
0.14107593954779096,경+중등도
0.12120829256220578,경+중등도
0.25392826768483706,경+중등도
0.16213635277606522,경+중등도
0.13954944452324183,치명
0.07347971521100399,경+중등도
0.7723978182364569,치명
0.8926416696084081,치명
0.18203287371809854,경+중등도
0.3763206915845558,경+중등도
0.12507693000985087,경+중등도
0.23988708944839257,중상
0.09261411535579485,경+중등도
0.13038984873520756,중상
0.40674687112641733,경+중등도
0.07861713635996515,중상
0.21847147469597808,중상
0.15009706850394697,경+중등도
0.19382066797821465,경+중등도
0.18173177176472455,경+중등도
0.050701351923680166,경+중등도
0.002709633277404703,중상
0.5154061687416839,경+중등도
0.6183213765162462,경+중등도
0.07880817359356322,경+중등도
0.19731768384339032,경+중등도
0.006921080929210397,중상
0.11016109198448308,경+중등도
0.06553916107017858,경+중등도
0.043225844736482645,경+중등도
0.18936967933433416,경+중등도
0.16826852314855767,경+중등도
0.15705982225547052,경+중등도
0.32083415580859526,경+중등도
0.41882414269637575,치명
0.18172696314403192,경+중등도
0.29189331155153814,경+중등도
0.15756306802987244,경+중등도
0.7022906798644564,경+중등도
0.13382031411674375,치명
0.7293123925884938,경+중등도
0.1349221959403111,경+중등도
0.10885724486171322,경+중등도
0.48068098146682464,경+중등도
0.044192061375829476,중상
0.33285714364088986,경+중등도
0.5007118628367625,치명
0.17798865701913735,경+중등도
0.18255849143311717,경+중등도
0.14772415671122452,경+중등도
0.04676187641196914,경+중등도
0.22547524322170445,경+중등도
0.10563397549381226,경+중등도
0.5967066116115891,경+중등도
0.017805299818068564,경+중등도
0.08786597932214314,경+중등도
0.13528725597428645,경+중등도
0.6546775415522802,경+중등도
0.09105477738142216,경+중등도
0.22677377203434199,경+중등도
0.06324361852347436,경+중등도
0.13306821140862185,경+중등도
0.25394652886458297,경+중등도
0.7861573951349534,치명
0.0380088849916092,경+중등도
0.1829998944287383,경+중등도
0.20677852980472397,경+중등도
0.20862169267537353,경+중등도
0.7993412997505818,치명
0.3520651493562173,경+중등도
0.695647541310796,경+중등도
0.10348390894323727,경+중등도
0.27650892582188874,경+중등도
0.19279693288854957,경+중등도
0.11489142195696823,경+중등도
0.7566830766098369,경+중등도
0.11750803563447158,경+중등도
0.16380824091386156,경+중등도
0.15393425727253726,경+중등도
0.4275719097063899,경+중등도
0.23272557310568262,경+중등도
0.4760254061152865,치명
0.05349025649816047,경+중등도
0.23715302872644475,경+중등도
0.10211011781878088,경+중등도
0.9193556189547061,치명
0.5523178489829575,치명
0.08186501702456149,경+중등도
0.021415267118595763,경+중등도
0.051016999832168,중상
0.2020659819314561,경+중등도
0.16732156047901214,경+중등도
0.07915494599745725,경+중등도
0.1398611191871248,경+중등도
0.17772423055975703,경+중등도
0.3556937369228992,경+중등도
0.01357709497393343,경+중등도
0.025728480631320425,중상
0.32030986505892983,경+중등도
0.2635291982922407,중상
0.04099452294633815,중상
0.10944343514776876,경+중등도
0.3891489466797708,경+중등도
0.07675777397504618,경+중등도
0.37019643807515784,치명
0.09738029471958205,경+중등도
0.04087695940891911,경+중등도
0.5673980745169693,경+중등도
0.21487281746122355,경+중등도
0.04414711455804823,경+중등도
0.12868433203038632,경+중등도
0.31608619087337386,중상
0.5790749025409293,경+중등도
0.15541303719077232,경+중등도
0.4659792560364484,경+중등도
0.5890148403057854,치명
0.461330067955868,경+중등도
0.025972133333278597,경+중등도
0.13339896860744302,경+중등도
0.4256273226920193,경+중등도
0.522559371710306,치명
0.017056195103959913,경+중등도
0.14014188254787482,경+중등도
0.037012520919662346,경+중등도
0.2304904472928806,경+중등도
0.039384830248895594,중상
0.6058272979939942,중상
0.12308457862945373,경+중등도
0.5077587987620107,경+중등도
0.5685466466492596,중상
0.38165270766690046,경+중등도
0.20034628019309153,경+중등도
0.6886574236102586,치명
0.055672567481151236,경+중등도
0.1933592576328341,중상
0.6893983928931381,경+중등도
0.7645326555529284,치명
0.050553597706948596,경+중등도
0.14578876213478845,경+중등도
0.2704494233590716,경+중등도
0.2387531662800204,경+중등도
0.20073101691946227,경+중등도
0.004316605886325822,경+중등도
0.06789988298638305,경+중등도
0.16488760013426418,경+중등도
0.8353713811608481,경+중등도
0.2910175318231316,경+중등도
0.35480026933884995,경+중등도
0.28932500298898806,경+중등도
0.28782917341456726,경+중등도
0.18564834765275337,경+중등도
0.24368715233308072,경+중등도
0.05186070198132429,경+중등도
0.3441494375027827,경+중등도
0.03828587358569885,경+중등도
0.016004908465831434,중상
0.21332892340862677,경+중등도
0.36182317814015796,경+중등도
0.012475681981859483,중상
0.32002656124160234,경+중등도
0.0429737129493469,경+중등도
0.5665501022648218,경+중등도
0.3494957044919398,경+중등도
0.44018861927105596,경+중등도
0.2995949492252886,경+중등도
0.5503329758947552,경+중등도
0.02609851242911342,경+중등도
0.3325665806017986,경+중등도
0.23432952255570574,경+중등도
0.09260316548300422,경+중등도
0.42139000810349825,경+중등도
0.2844409352260975,경+중등도
0.24400311000458705,경+중등도
0.019632390158072444,경+중등도
0.12549488782705734,경+중등도
0.07697655026462774,경+중등도
0.029150411719081244,경+중등도
0.14690919702137883,경+중등도
0.5090330439532055,경+중등도
0.20046675437312564,치명
0.12579315746519645,경+중등도
0.7201650592466017,경+중등도
0.19746521086565502,경+중등도
0.11484387509049264,경+중등도
0.1396114094617197,경+중등도
0.06725488332865814,경+중등도
0.0921730655584261,경+중등도
0.24860130397962085,경+중등도
0.475955368988994,경+중등도
0.3706285359859536,경+중등도
0.3925321294760707,경+중등도
0.03794095015697067,경+중등도
0.8263867383141026,치명
0.3593293848388955,경+중등도
0.01514869451091244,경+중등도
0.1769482453549148,경+중등도
0.8790464501627726,경+중등도
0.17603159743626215,경+중등도
0.003194852799370746,중상
0.21802897552346667,경+중등도
0.2106421924461979,경+중등도
0.33126223566502383,경+중등도
0.11146473771087499,경+중등도
0.19202658559812982,경+중등도
0.1819044161523555,경+중등도
0.04974699382903416,경+중등도
0.07944973130098316,중상
0.19126699738094544,경+중등도
0.18226973840311697,경+중등도
0.42834792616722667,경+중등도
0.07131149475960945,경+중등도
0.14084897672664703,경+중등도
0.21273128619603532,경+중등도
0.20342667282456758,경+중등도
0.010203035619449937,경+중등도
0.3538091923416897,경+중등도
0.05958228609554892,치명
0.06883857148000211,경+중등도
0.13054706141822736,경+중등도
0.21062287939922505,경+중등도
0.15581967404286337,경+중등도
0.15526090487419478,경+중등도
0.5677520312521298,경+중등도
0.021274462101055627,경+중등도
0.27288390354894254,경+중등도
0.656785119587907,치명
0.17950685846352168,경+중등도
0.019335597319210876,중상
0.1448675929555314,경+중등도
0.09981234995594958,경+중등도
0.13167200176427954,경+중등도
0.3395172520025436,경+중등도
0.28826816709320485,경+중등도
0.2589356351145475,경+중등도
0.07873327466903089,경+중등도
0.18016692532128897,경+중등도
0.2721165617315298,경+중등도
0.2681642427642588,경+중등도
0.08716046430561201,경+중등도
0.3045463669499054,경+중등도
0.8601150963183931,치명
0.45848342271267967,경+중등도
0.04675459430981499,경+중등도
0.20725405541367556,경+중등도
0.2875026784970331,치명
0.35173385317853617,경+중등도
0.19190679183978573,경+중등도
0.12307445137797808,경+중등도
0.17156423017818154,경+중등도
0.5966741199752829,경+중등도
0.061845486058375566,경+중등도
0.11959955794214161,경+중등도
0.5448336958620549,경+중등도
0.2931922647005177,경+중등도
0.05984183550194535,경+중등도
0.10702549994372972,경+중등도
0.24843946864823854,경+중등도
0.4239500576324832,경+중등도
0.006296325301285853,중상
0.0019567813721028597,중상
0.032148787975183786,경+중등도
0.05523774008237059,경+중등도
0.08867601967271639,중상
0.5728534546906148,경+중등도
0.06262481480644543,경+중등도
0.16754660631661814,경+중등도
0.07566081829403447,경+중등도
0.3840271061378011,경+중등도
0.13343295863997268,경+중등도
0.13630823376783072,경+중등도
0.30236345493652483,경+중등도
0.34722349845446215,치명
0.20394247535562907,경+중등도
0.08794139124309265,경+중등도
0.06481725295711643,경+중등도
0.10001800446218463,경+중등도
0.3713828055647666,경+중등도
0.1661825861228018,경+중등도
0.38511715667093793,경+중등도
0.32950996035297403,경+중등도
0.13842699527646044,경+중등도
0.24288967070807846,경+중등도
0.7994470936147547,경+중등도
0.20043474459080468,치명
0.07886556016513707,경+중등도
0.04048140451896257,경+중등도
0.10264174188400582,경+중등도
0.6568206156775487,경+중등도
0.022057442420853012,경+중등도
0.1985390525447451,경+중등도
0.18444287431137915,경+중등도
0.2289459487231574,치명
0.32160510481375143,중상
0.059873986992058724,경+중등도
0.09895125622741209,경+중등도
0.2343850576412506,경+중등도
0.26294669104310625,경+중등도
0.01706783622064584,중상
0.08642538816010535,경+중등도
0.8078837495334897,경+중등도
0.059758764107524794,경+중등도
0.8895550140237759,경+중등도
0.8355519791221302,치명
0.044600785307533974,경+중등도
0.12059609099192203,경+중등도
0.062190001120505344,경+중등도
0.5265515062052734,경+중등도
0.2264078402866269,경+중등도
0.06826519942824054,경+중등도
0.28134124990836135,경+중등도
0.1202412023460105,경+중등도
0.6533842508241487,경+중등도
0.007312404261007569,중상
0.10132693605529959,경+중등도
0.17763584585639225,경+중등도
0.009294062949397735,경+중등도
0.23056091298762763,경+중등도
0.12675107697823706,경+중등도
0.0857092450241622,경+중등도
0.2727227146988727,경+중등도
0.2654167364685092,경+중등도
0.26082985117311225,경+중등도
0.4063410905207168,경+중등도
0.14103634613075125,경+중등도
0.2796334205591578,경+중등도
0.21095232173388268,경+중등도
0.22706569414697608,경+중등도
0.199583621429729,경+중등도
0.3590398810875917,중상
0.45596487665414437,경+중등도
0.3952729207311994,경+중등도
0.41593165049647934,경+중등도
0.1379131853960657,경+중등도
0.07719345471198528,경+중등도
0.1608240640732134,경+중등도
0.2602073756657426,경+중등도
0.002995157564361589,중상
0.5914669709398451,경+중등도
0.21981955055335134,경+중등도
0.016724141273381173,경+중등도
0.04143381112655755,중상
0.07164658135665064,경+중등도
0.12748064972778445,경+중등도
0.07960477949609597,경+중등도
0.4658142275900068,경+중등도
0.13595508471863704,경+중등도
0.03307964132496161,경+중등도
0.06769069247021763,경+중등도
0.11645492476926071,경+중등도
0.06420714684451793,경+중등도
0.046580559506421336,경+중등도
0.7277926270583883,경+중등도
0.18651598941364864,경+중등도
0.3005265113626814,경+중등도
0.21895446017536443,경+중등도
0.009949703061740069,경+중등도
0.03908522299424802,경+중등도
0.4286657523630912,경+중등도
0.2527183332080535,경+중등도
0.050596720895256124,중상
0.08257131372662806,경+중등도
0.22878175454971783,경+중등도
0.3867943698160339,경+중등도
0.031663059122416626,경+중등도
0.046655331434186154,중상
0.55023936568507,경+중등도
0.09957775886161413,경+중등도
0.4776183111142321,경+중등도
0.010097221444063753,중상
0.12656102894389196,경+중등도
0.14508901548467132,경+중등도
0.32710056625178413,경+중등도
0.2769225150756815,경+중등도
0.023067755551334657,경+중등도
0.12934447461094442,경+중등도
0.15767434797937674,경+중등도
0.1492389027628834,경+중등도
0.17153265025337772,경+중등도
0.20515482365010054,중상
0.28870146216127296,경+중등도
0.11520651690913279,경+중등도
0.027219506850451585,경+중등도
0.3823855029741918,경+중등도
0.3106744658756091,치명
0.10733852639642516,경+중등도
0.11671110710873943,경+중등도
0.2338603226572453,경+중등도
0.41243253772262056,경+중등도
0.3812004998267451,경+중등도
0.4809465939942484,경+중등도
0.538493402611208,경+중등도
0.1702742257789446,경+중등도
0.08212884450812762,경+중등도
0.9245300628810597,치명
0.02859102984107929,경+중등도
0.0644911096829641,경+중등도
0.0016557958736264534,중상
0.24587497437422087,경+중등도
0.11315843401418328,경+중등도
0.05121543176730966,경+중등도
0.6974972973793668,치명
0.16039839086757637,경+중등도
0.004140340789015161,경+중등도
0.00663746197910781,경+중등도
0.09285481964927622,경+중등도
0.24353663130756434,중상
0.09821158241010818,경+중등도
0.05856399370769483,경+중등도
0.8719924978895546,치명
0.43027377928731636,경+중등도
0.4178457440743755,중상
0.4471538878374421,치명
0.071944469706037,경+중등도
0.42871516730947423,경+중등도
0.20749722942085225,경+중등도
0.14694139136906098,경+중등도
0.3474487531058486,경+중등도
0.09956693966589242,중상
0.2208225629033808,경+중등도
0.2328900155179885,경+중등도
0.043711212061289424,경+중등도
0.19292771361933217,경+중등도
0.1264175574415971,경+중등도
0.028037564155145772,경+중등도
0.002532997470050027,경+중등도
0.004343190911489437,중상
0.23280346423189635,경+중등도
0.19195084839819465,경+중등도
0.4213553174633313,치명
0.24207946325742816,경+중등도
0.42631066739935014,경+중등도
0.06978977226805828,경+중등도
0.1703711791202187,경+중등도
0.13342637371502256,경+중등도
0.23749921920199116,경+중등도
0.25012565956982663,경+중등도
0.08530192175619022,경+중등도
0.6526412886597542,경+중등도
0.08530293502346546,경+중등도
0.2114348744069839,경+중등도
0.08640450563907898,경+중등도
0.0707253746115847,경+중등도
0.9121055970993172,치명
0.3750935297752493,경+중등도
0.22524699188150565,경+중등도
0.09524978576453196,경+중등도
0.07352935923670174,경+중등도
0.002566280324990061,중상
0.14878568495941955,경+중등도
0.41802281704130767,중상
0.05382601998595094,경+중등도
0.06930339575353035,중상
0.2798972894666536,경+중등도
0.11702401255986061,경+중등도
0.13301241960664412,경+중등도
0.40207300965928505,경+중등도
0.2932734714742598,경+중등도
0.03964067819190125,경+중등도
0.5155351437928983,경+중등도
0.17899733052140587,경+중등도
0.01676379371763237,경+중등도
0.15965113050885227,경+중등도
0.40952779356790464,경+중등도
0.27762504914588654,경+중등도
0.04553181882071877,경+중등도
0.3837863854296515,경+중등도
0.2203894153521455,경+중등도
0.13553713896904063,경+중등도
0.340859762988039,경+중등도
0.1382706365063764,경+중등도
0.0054785309735158215,중상
0.05957628914894334,경+중등도
0.27029999285282497,경+중등도
0.014693222993449842,경+중등도
0.14685111804405596,경+중등도
0.12469148741946602,경+중등도
0.18345014350584013,중상
0.09309446390931203,경+중등도
0.27532564596317943,경+중등도
0.4250184424041863,경+중등도
0.7648793337049048,경+중등도
0.16723560613107866,경+중등도
0.10028371680362487,경+중등도
0.2637611288348157,경+중등도
0.11279391103554705,경+중등도
0.018376992665765254,경+중등도
0.22875500193214648,치명
0.6241378322467104,경+중등도
0.3277433873147737,경+중등도
0.048933900129158554,경+중등도
0.11836488872920758,경+중등도
0.12134494511718107,경+중등도
0.4846727773469454,경+중등도
0.06997249235551266,경+중등도
0.3630420411330404,경+중등도
0.1008543618587075,경+중등도
0.27477581428251624,경+중등도
0.3946196674431642,경+중등도
0.4682667181471342,경+중등도
0.2970174417710709,경+중등도
0.16418947462257746,경+중등도
0.8795566910242004,치명
0.09907492648439416,중상
0.10956298010834055,경+중등도
0.003960648367592996,중상
0.29142877925579497,경+중등도
0.13728544205562263,경+중등도
0.0737770274750379,경+중등도
0.0948849723801473,경+중등도
0.12899551158854503,경+중등도
0.1123406226880464,경+중등도
0.04750583670065492,경+중등도
0.1774798957045682,경+중등도
0.10597108683468742,경+중등도
0.11545716592334587,경+중등도
0.2474381327221723,경+중등도
0.0470286969593422,중상
0.35932307425937565,경+중등도
0.08679464040390102,중상
0.1926336148534562,경+중등도
0.08331332271007998,경+중등도
0.19260218198020596,경+중등도
0.3732589812290164,중상
0.12352536795668283,중상
0.10501666675732634,치명
0.1238320840045161,경+중등도
0.09574384510315286,경+중등도
0.18234151562050419,경+중등도
0.415206356113903,경+중등도
0.07642963320620015,경+중등도
0.8199009123773657,치명
0.43521386496274955,경+중등도
0.17418478740733412,경+중등도
0.8577211554049526,치명
0.8637186227052821,치명
0.3379529644702959,경+중등도
0.638970053169681,경+중등도
0.30846546142257797,경+중등도
0.08454853211913026,중상
0.15529639244565205,경+중등도
0.07161924782515681,경+중등도
0.11685853771568415,경+중등도
0.10729633949592628,경+중등도
0.018546955500382784,경+중등도
0.5490050917149766,경+중등도
0.144063160123624,치명
0.4692420738562548,경+중등도
0.17006675692961282,경+중등도
0.5376026075073015,경+중등도
0.05739892299585921,경+중등도
0.22389158607701617,경+중등도
0.20231283995175686,경+중등도
0.3005949598521751,경+중등도
0.05791271308669421,경+중등도
0.18464131555178406,경+중등도
0.02205088354361825,중상
0.2869866269022688,경+중등도
0.6203654727525847,경+중등도
0.18914275357454488,경+중등도
0.09372142624496509,경+중등도
0.25133449155779924,경+중등도
0.1433253093088365,경+중등도
0.10647261251814921,경+중등도
0.2940799043143975,경+중등도
0.0566505017136425,중상
0.18760894161414765,경+중등도
0.10203294845726472,경+중등도
0.1543985532924961,경+중등도
0.1630978347492735,중상
0.2561638209210572,경+중등도
0.6215497902586224,경+중등도
0.6779488818976084,경+중등도
0.140705186022989,경+중등도
0.20590166925354594,경+중등도
0.1869230959346532,경+중등도
0.046452765767516224,경+중등도
0.0753917147290401,치명
0.07349675858554247,중상
0.07287074953443139,경+중등도
0.2693093967809997,경+중등도
0.0955079771096714,경+중등도
0.11945800554033437,경+중등도
0.4164131401882019,치명
0.03108236191348146,경+중등도
0.1277312699862968,경+중등도
0.3350043469204889,경+중등도
0.14033696644188912,경+중등도
0.009270289049584544,경+중등도
0.12072548762401854,경+중등도
0.14264592721204997,경+중등도
0.10568166249307127,경+중등도
0.11427634537071875,경+중등도
0.5800602626323015,경+중등도
0.0051648326094005225,경+중등도
0.35810743741234713,경+중등도
0.8717523690070953,중상
0.24517619864369208,경+중등도
0.13540999149527036,경+중등도
0.09658307754757837,경+중등도
0.022815479709637834,경+중등도
0.3463747233917674,치명
0.5630028856919608,경+중등도
0.06042246297081729,경+중등도
0.3241294064576515,경+중등도
0.04938972791391492,경+중등도
0.2681763299800695,경+중등도
0.00781970666924265,중상
0.08066816625018458,경+중등도
0.1647346768505594,경+중등도
0.09802494499308279,경+중등도
0.21406247762495256,경+중등도
0.24807618154354535,경+중등도
0.2008531828163053,중상
0.13476038945604688,중상
0.5206537517832531,중상
0.06670248698841459,경+중등도
0.2509254961077955,경+중등도
0.4965989359989793,경+중등도
0.2892728190473783,경+중등도
0.051026304610739016,중상
0.027195358016573284,중상
0.04127770628275235,경+중등도
0.2567930583545519,경+중등도
0.7088471963587754,치명
0.06492547526073812,경+중등도
0.1866411317777684,경+중등도
0.03636811677976979,경+중등도
0.2412366108088281,경+중등도
0.2241924829114842,중상
0.09042836382167084,중상
0.185260649160673,경+중등도
0.3850189327683074,경+중등도
0.07493411697224778,경+중등도
0.12023629444306694,경+중등도
0.5366816557104396,경+중등도
0.3130113719231156,경+중등도
0.04906947466342502,경+중등도
0.3727740684911516,경+중등도
0.07605801843396609,경+중등도
0.09173205082376318,경+중등도
0.09042106941232464,경+중등도
0.17507167111415933,경+중등도
0.029941006224191713,경+중등도
0.39346846304706434,경+중등도
0.041790867853249834,경+중등도
0.06684449621032174,경+중등도
0.2543985804813846,중상
0.4820503035444457,치명
0.34392977759683546,경+중등도
0.06932345428738436,경+중등도
0.2504142955458338,치명
0.14074142305937198,경+중등도
0.5786047892462889,경+중등도
0.4081435049083611,중상
0.14683942164502364,경+중등도
0.0732409696689439,경+중등도
0.20757039975660807,경+중등도
0.07604180882796369,경+중등도
0.2666964823477132,경+중등도
0.960280290462929,치명
0.425697624198015,치명
0.2807397742401803,경+중등도
0.2239191576725081,경+중등도
0.032483748730271,경+중등도
0.42450388049361193,경+중등도
0.31248389338884824,경+중등도
0.3223169245962302,경+중등도
0.10235041352302959,경+중등도
0.14353735589499017,경+중등도
0.10308133428087674,경+중등도
0.22995600879901665,치명
0.009764062306886716,경+중등도
0.09581422982992371,중상
0.5546780004250512,치명
0.49877067267275854,경+중등도
0.19429354086959075,경+중등도
0.03144765209852431,경+중등도
0.6944170853137015,경+중등도
0.258455179563673,경+중등도
0.12500391643482256,중상
0.06032345708622894,경+중등도
0.3527551994786671,경+중등도
0.5799879830094083,치명
0.1525695658984858,경+중등도
0.06709094663869469,중상
0.32875021271917343,경+중등도
0.1382686799162295,경+중등도
0.71452922819874,경+중등도
0.3181575065087778,경+중등도
0.12155046978368356,경+중등도
0.2777019853794026,경+중등도
0.31581538870710246,중상
0.18049013164862227,경+중등도
0.19745657941191133,경+중등도
0.06411661833523062,경+중등도
0.22075110451518265,경+중등도
0.1801354890903206,경+중등도
0.03257698021116856,중상
0.4008190276845372,경+중등도
0.3606989511765248,경+중등도
0.03033124717019724,경+중등도
0.04154856843456371,중상
0.39079760936158175,경+중등도
0.059313687353141964,경+중등도
0.11084415145532367,경+중등도
0.029631646630459363,경+중등도
0.2697458014441832,경+중등도
0.3548910233040486,경+중등도
0.14159992107072286,경+중등도
0.20276882696215373,경+중등도
0.250792882721376,경+중등도
0.16190746980784287,경+중등도
0.04034263475259478,중상
0.040509920369602506,경+중등도
0.37930476882952097,경+중등도
0.2687932899222825,경+중등도
0.06784317948001034,경+중등도
0.2354119781796262,경+중등도
0.1420731896648303,경+중등도
0.05784066702667603,경+중등도
0.07245313617732753,경+중등도
0.3590292271349947,중상
0.09610499321445161,경+중등도
0.08272172965875296,경+중등도
0.8559170287576382,치명
0.14396663851335964,경+중등도
0.14973964266088072,경+중등도
0.11321028197690768,경+중등도
0.22662558459105633,경+중등도
0.10844755603799856,중상
0.24639341227589565,경+중등도
0.15641249700398754,경+중등도
0.6092921431882105,경+중등도
0.09038682722746404,경+중등도
0.22184995530203425,경+중등도
0.024288157574348174,경+중등도
0.19642365448588564,경+중등도
0.11511610239075758,경+중등도
0.09301476095466758,경+중등도
0.05614508048050498,중상
0.011736456852436522,경+중등도
0.017710319756211804,경+중등도
0.29334443292251594,경+중등도
0.6818106162681753,치명
0.1528718613105204,경+중등도
0.05158330725392311,경+중등도
0.12652677221492376,경+중등도
0.3703978060884481,경+중등도
0.8891948892011087,경+중등도
0.8405585227795878,치명
0.1301397709273925,경+중등도
0.4006689540838957,경+중등도
0.12229948260939598,경+중등도
0.05944873733169486,경+중등도
0.1267866931863458,경+중등도
0.12052751688415793,경+중등도
0.26422405480563316,경+중등도
0.6109737016308715,경+중등도
0.651132018730225,중상
0.03446457281125828,경+중등도
0.4118240458495486,경+중등도
0.2520368642485333,경+중등도
0.11256253450492877,경+중등도
0.049313481931744306,경+중등도
0.15908931228693837,중상
0.13354660692829945,경+중등도
0.2554938132892354,경+중등도
0.7920465864121434,경+중등도
0.8206585819073138,경+중등도
0.06915790143571933,경+중등도
0.058165619270737746,경+중등도
0.04214218935347536,경+중등도
0.4357061700517395,치명
0.01704706968738937,중상
0.12066090109391926,경+중등도
0.1522760128162793,경+중등도
0.04065849097414788,경+중등도
0.21363388236160422,경+중등도
0.35533619196619187,경+중등도
0.06413934731869343,경+중등도
0.7695162066392135,치명
0.4729639616176858,경+중등도
0.11965115005230102,경+중등도
0.10270472140286814,경+중등도
0.056846158969688615,경+중등도
0.45156195854194325,경+중등도
0.7265519625593164,치명
0.0961283831915321,경+중등도
0.011284148262552514,경+중등도
0.21898468442124597,치명
0.09729136893249006,경+중등도
0.22397219050265985,중상
0.14352343288732125,경+중등도
0.4352052304997507,치명
0.3240626020155735,경+중등도
0.4462470173893151,경+중등도
0.2821312967492709,중상
0.037004840235058685,경+중등도
0.18670863422291725,경+중등도
0.2416947477786314,경+중등도
0.019318676559774088,경+중등도
0.19260460284582692,경+중등도
0.07124639596761098,경+중등도
0.2544937192963472,경+중등도
0.5783575812766634,경+중등도
0.32583814201728084,경+중등도
0.12271683711836479,경+중등도
0.2051395208544147,경+중등도
0.2625870550075627,경+중등도
0.09599161685796094,경+중등도
0.1153521684356837,경+중등도
0.17145464618895614,경+중등도
0.5964370899679663,경+중등도
0.004044167052881337,경+중등도
0.17388425584905884,경+중등도
0.40853495394702666,경+중등도
0.18597717569117145,경+중등도
0.06223934979464398,경+중등도
0.04329904909005718,중상
0.33648946580133926,경+중등도
0.2366327372874134,경+중등도
0.30607469672331117,경+중등도
0.07983002548716676,중상
0.055037845432953265,경+중등도
0.12459665502698003,경+중등도
0.34083189598329294,경+중등도
0.4908465803595359,경+중등도
0.2843124095421707,경+중등도
0.03545179281979275,경+중등도
0.21825991077595075,치명
0.08223427158737706,경+중등도
0.19693088758620483,경+중등도
0.23968138610554268,경+중등도
0.15602267676402815,경+중등도
0.343530163675074,치명
0.4309386982263028,경+중등도
0.24973962027877983,경+중등도
0.09104461303774747,경+중등도
0.46760546239847295,경+중등도
0.1272135555243807,경+중등도
0.018107254493444375,중상
0.18150256899665848,경+중등도
0.08357184183800555,경+중등도
0.07342383010493886,경+중등도
0.07140152337583867,경+중등도
0.15697593382141448,경+중등도
0.26235022212509856,경+중등도
0.1308100343536025,경+중등도
0.05645409136339963,경+중등도
0.3323383365508939,치명
0.04240606816244525,경+중등도
0.18704883362578759,경+중등도
0.18460778542969547,경+중등도
0.21154777837708397,경+중등도
0.21943953908081373,경+중등도
0.6181916956944193,경+중등도
0.08135417881517398,경+중등도
0.2641307278210117,경+중등도
0.11046099730391555,경+중등도
0.09359041475461431,경+중등도
0.23819801399525778,경+중등도
0.3551957964726136,경+중등도
0.034992605756958624,경+중등도
0.0574023839385018,경+중등도
0.1087995676350763,경+중등도
0.06694171942404785,경+중등도
0.13999599217379205,경+중등도
0.11093140038526682,경+중등도
0.031477315472944564,경+중등도
0.13907286363130192,경+중등도
0.07933418994057768,경+중등도
0.04036149046095063,경+중등도
0.3297773244695395,경+중등도
0.06890745392451048,경+중등도
0.23658236496677934,중상
0.14365429236817015,경+중등도
0.049364457979382166,경+중등도
0.3690077740983992,경+중등도
0.6452274130461478,경+중등도
0.11936054086384666,경+중등도
0.1253530995659653,경+중등도
0.10477899082527486,경+중등도
0.5802226310857711,치명
0.02644434987585033,경+중등도
0.16028283408705424,경+중등도
0.09781366040519589,경+중등도
0.09385152564173284,경+중등도
0.011135358734040831,중상
0.07050722303677033,경+중등도
0.1940449751781355,경+중등도
0.5947367397746937,치명
0.22440013435455222,경+중등도
0.058778094203750776,중상
0.066463233566178,경+중등도
0.29735007191956303,경+중등도
0.21799618869974266,중상
0.21828430466996274,치명
0.2182075953528325,경+중등도
0.11521596317694323,경+중등도
0.057884003160382315,경+중등도
0.1262240885777666,경+중등도
0.1499344989731629,경+중등도
0.12373020976581216,경+중등도
0.6196877210485222,경+중등도
0.19858348479291155,경+중등도
0.06265867032228467,경+중등도
0.0860061396878654,경+중등도
0.008144016175801837,경+중등도
0.49211128258560405,경+중등도
0.2755731032989888,치명
0.12593226318657372,경+중등도
0.23115318837075252,치명
0.4737685107311478,경+중등도
0.6239956871449688,치명
0.2693997032884034,경+중등도
0.04890122854343382,경+중등도
0.11978184412403085,경+중등도
0.18806085480329818,경+중등도
0.11254418895448182,경+중등도
0.33232074952555407,경+중등도
0.3140703534708324,경+중등도
0.19978664449852457,경+중등도
0.05706679523662095,경+중등도
0.5505812400906498,경+중등도
0.11073217630631782,경+중등도
0.10800687398796893,중상
0.05390709717156509,경+중등도
0.6131951619640873,치명
0.2217330954480903,경+중등도
0.1500855035228053,경+중등도
0.15261524860230216,경+중등도
0.17016951453903162,경+중등도
0.5611773226618774,치명
0.07699975407939091,경+중등도
0.009300923534414291,중상
0.4282702268345884,경+중등도
0.07165942897559839,경+중등도
0.5456469423334914,경+중등도
0.25888347691721686,경+중등도
0.5114567634091833,경+중등도
0.1051162056494674,경+중등도
0.0020400841734888714,중상
0.09546481378177411,경+중등도
0.11650143795617363,경+중등도
0.5724185636402005,치명
0.04697344577516179,경+중등도
0.02365917551950551,경+중등도
0.5662372742054652,경+중등도
0.14227194246149677,경+중등도
0.227507824465111,경+중등도
0.21214914978062382,경+중등도
0.6083712155390965,경+중등도
0.02760290223613256,경+중등도
0.16414431907699886,경+중등도
0.04169452852947589,경+중등도
0.2750990509428304,경+중등도
0.014103485485147343,중상
0.13599521549056162,경+중등도
0.12861446675798252,경+중등도
0.2503549246486432,경+중등도
0.10793122147274885,중상
0.15798818776598142,경+중등도
0.34028358427691136,경+중등도
0.5202808929694068,치명
0.37069413113693317,경+중등도
0.16121094883234602,경+중등도
0.12586471194772575,경+중등도
0.1917602189994679,경+중등도
0.11768843020194603,경+중등도
0.086231969194835,경+중등도
0.1233904111082476,중상
0.16115002807720968,경+중등도
0.13290513617428812,경+중등도
0.10283137375571728,경+중등도
0.027905023712112325,경+중등도
0.0786479678640768,경+중등도
0.7438804025004085,치명
0.036860409907100815,경+중등도
0.14357416114136726,경+중등도
0.9555046473819312,치명
0.42774139947414086,경+중등도
0.06694282501616368,경+중등도
0.16176631698717558,경+중등도
0.0397801430845895,경+중등도
0.23455595335911994,경+중등도
0.18317043884642073,경+중등도
0.22520018238184958,경+중등도
0.35669922361981216,경+중등도
0.24743390161997417,경+중등도
0.13143964113960757,경+중등도
0.026133744231491386,경+중등도
0.34843949742332936,경+중등도
0.147521682765554,경+중등도
0.39135931062128954,경+중등도
0.8255680333495405,경+중등도
0.8215845947949246,치명
0.2521631131234758,경+중등도
0.16943548984362158,경+중등도
0.34091924976116417,경+중등도
0.10334266791046026,경+중등도
0.0726444340116486,경+중등도
0.2276145184797015,경+중등도
0.1769282710791585,중상
0.10356223553989252,경+중등도
0.05854702710354356,경+중등도
0.15775239601060304,경+중등도
0.013906789123991578,중상
0.34242843371015486,경+중등도
0.21508028316374483,경+중등도
0.21211871541833668,경+중등도
0.033165265031055366,경+중등도
0.4783934109150933,경+중등도
0.2182774511317859,경+중등도
0.6227377565805926,경+중등도
0.5377777334515083,경+중등도
0.0766295669187681,경+중등도
0.4607515423946036,경+중등도
0.17911972121634237,경+중등도
0.03258685406664629,경+중등도
0.07521554981954799,경+중등도
0.7025652151365769,중상
0.2960696291382387,경+중등도
0.2962762819049311,경+중등도
0.005568935447557187,중상
0.1761783375288474,경+중등도
0.13294777098464872,경+중등도
0.5206521656709294,치명
0.5571187281016611,경+중등도
0.24796894074438755,경+중등도
0.13643009998344544,경+중등도
0.12895878506690087,경+중등도
0.2510519102097007,경+중등도
0.033858030445334704,경+중등도
0.04498218357710985,경+중등도
0.19962635802814901,경+중등도
0.21834862690782367,경+중등도
0.15403742475831414,경+중등도
0.056124532654333155,경+중등도
0.10175146875353204,경+중등도
0.347175335146025,경+중등도
0.030804583678931952,경+중등도
0.07596619813204863,중상
0.14223018519839778,경+중등도
0.09592357490533288,경+중등도
0.47060308501847775,경+중등도
0.013836717651240749,중상
0.16395615396821542,경+중등도
0.15311328655152387,경+중등도
0.208233237088203,경+중등도
0.4173776371708879,경+중등도
0.08958217677866818,경+중등도
0.1203775756212893,경+중등도
0.1495158279695682,경+중등도
0.20292095235729493,경+중등도
0.07501429791112395,경+중등도
0.4758169518544091,경+중등도
0.3305778801031683,경+중등도
0.25812140361281716,치명
0.09893673752459205,경+중등도
0.20350755655847452,경+중등도
0.21060329159360047,중상
0.0655142826839523,경+중등도
0.9195664160767568,치명
0.03822095620086715,경+중등도
0.08899733743791023,경+중등도
0.16187352324560497,경+중등도
0.11118529195798639,경+중등도
0.4637419555313996,경+중등도
0.25842134584830084,경+중등도
0.039131772193607604,경+중등도
0.21294073021644397,경+중등도
0.2859897779985915,경+중등도
0.27352009130081867,경+중등도
0.2347060248144884,경+중등도
0.06965020710583399,경+중등도
0.21215886640878626,경+중등도
0.12349970518498654,경+중등도
0.33294904566457767,경+중등도
0.1462120901595938,경+중등도
0.22795906782770667,경+중등도
0.5453759084254076,경+중등도
0.2233043819931212,경+중등도
0.3624221475690385,경+중등도
0.23558027335482778,경+중등도
0.03667748480421131,경+중등도
0.4760195288431904,경+중등도
0.36612843763172925,중상
0.5796348656577355,치명
0.5002778600485455,경+중등도
0.06523240510560796,경+중등도
0.5024575733563809,경+중등도
0.33282684617537894,경+중등도
0.5246703182096676,경+중등도
0.10268565692776353,경+중등도
0.2788980979549411,치명
0.04620647875686327,경+중등도
0.15647043353297077,경+중등도
0.6441827681718183,경+중등도
0.06045848805523685,경+중등도
0.21996132192985862,경+중등도
0.17047278343791952,경+중등도
0.13921828253071142,경+중등도
0.020353338683665945,경+중등도
0.06892861686549434,경+중등도
0.18136143731097265,경+중등도
0.14056540158945377,경+중등도
0.5593691431160234,경+중등도
0.058450674513365296,경+중등도
0.16144224224394013,경+중등도
0.1520039638984276,경+중등도
0.07586019524680437,경+중등도
0.6796889662027742,경+중등도
0.3403319513296214,경+중등도
0.4435979138227522,경+중등도
0.490964059901092,경+중등도
0.043782812297477734,경+중등도
0.06634370277080115,중상
0.037044144256438115,경+중등도
0.05989560933335252,경+중등도
0.05259318696649595,경+중등도
0.4987600129922119,경+중등도
0.00837877376048237,경+중등도
0.16346081400184495,경+중등도
0.009279639900889576,경+중등도
0.5899783958996875,경+중등도
0.0738389370465319,경+중등도
0.37644484716571136,치명
0.055092907315703904,경+중등도
0.2499873276097692,경+중등도
0.1911196677978626,경+중등도
0.08194392272604857,경+중등도
0.015765126632047172,경+중등도
0.466441895061857,경+중등도
0.015381552908703945,경+중등도
0.013925866318480204,중상
0.14036862581488843,경+중등도
0.0073971938362128896,중상
0.1973775843365219,경+중등도
0.07363297467662842,경+중등도
0.44811577057042024,경+중등도
0.03781006019943609,중상
0.17272198378828774,경+중등도
0.3103750259252846,경+중등도
0.07092086153685827,경+중등도
0.008512614487171326,중상
0.2648213571659383,치명
0.0049637993440858905,중상
0.1890167480134143,경+중등도
0.04669781053431784,경+중등도
0.16665539532905063,경+중등도
0.627572312063127,경+중등도
0.4113048934786507,경+중등도
0.7089186822455588,중상
0.3155155744985405,경+중등도
0.21920163414453472,경+중등도
0.24342555139613684,경+중등도
0.2824483382979757,경+중등도
0.27009630144406166,경+중등도
0.0406975969947753,경+중등도
0.006742525811195458,중상
0.3720906149584527,경+중등도
0.37625848033783155,경+중등도
0.03614886853787016,경+중등도
0.017385353590993437,경+중등도
0.02979507544894536,경+중등도
0.9367871598126305,치명
0.10084840061973678,경+중등도
0.07476688729839402,경+중등도
0.4287403158339118,경+중등도
0.11143567125400418,경+중등도
0.21168351842989905,경+중등도
0.06339311571132313,경+중등도
0.33808807719200057,치명
0.12755420710568188,경+중등도
0.09091313123211288,경+중등도
0.3940833198988827,경+중등도
0.1109407235210852,경+중등도
0.17927549508922125,중상
0.1203912012245505,경+중등도
0.49491433948394586,경+중등도
0.10543800406402198,중상
0.7219481594571441,경+중등도
0.442876456700435,경+중등도
0.3192942438530198,경+중등도
0.8272212853706785,경+중등도
0.22881233361946765,경+중등도
0.42221397299490016,경+중등도
0.6738341106308071,경+중등도
0.14480284755774356,경+중등도
0.7478198495304621,치명
0.20443032754791035,경+중등도
0.18036744485506842,경+중등도
0.029484444655427346,경+중등도
0.10203140498457186,경+중등도
0.10108953331271188,경+중등도
0.18953095724205285,경+중등도
0.23686611122954462,경+중등도
0.07907851387460206,경+중등도
0.06322545747459013,경+중등도
0.16365592314667646,경+중등도
0.526265622512983,경+중등도
0.1625622963367731,경+중등도
0.1520349488341503,중상
0.11605759352098043,치명
0.34299343085953926,경+중등도
0.049133619774580396,경+중등도
0.3112373114481966,경+중등도
0.1182913136052773,경+중등도
0.04847050500154262,경+중등도
0.0818678184239181,경+중등도
0.1358698100196359,경+중등도
0.40274158983520697,경+중등도
0.12407507730583495,경+중등도
0.12228441491758137,경+중등도
0.11218040679963433,경+중등도
0.04699519869373226,중상
0.6709026318788887,치명
0.2867137109683417,중상
0.10054856365788745,경+중등도
0.10174328655464132,중상
0.4404005415656256,경+중등도
0.26353827286470066,경+중등도
0.1371637203018232,경+중등도
0.10255723623956574,중상
0.3763683289814738,경+중등도
0.08221958923221734,중상
0.5071950207209494,경+중등도
0.03378310052534775,경+중등도
0.3003140862487757,경+중등도
0.16062307779766352,경+중등도
0.15829708874071954,경+중등도
0.35885156057628276,경+중등도
0.23710864781403995,경+중등도
0.856455280092505,치명
0.17909737490015076,경+중등도
0.06569037058923584,경+중등도
0.07142350505455204,경+중등도
0.5164622879972405,경+중등도
0.22872228400106173,경+중등도
0.11794452702817233,중상
0.1566074008576215,치명
0.029182740458066448,경+중등도
0.38603456427373467,경+중등도
0.17538680590390024,경+중등도
0.30772132382391865,중상
0.41207307739904236,경+중등도
0.20232951939625346,경+중등도
0.06175411380446849,경+중등도
0.13550773319059886,경+중등도
0.15975511823302393,경+중등도
0.334858903109162,경+중등도
0.200180294293093,경+중등도
0.055144257685242316,경+중등도
0.13297620076306566,경+중등도
0.3343251819897782,경+중등도
0.07938391755470577,경+중등도
0.4627522411193314,경+중등도
0.2165327186653843,중상
0.24524135765277388,경+중등도
0.07738529253383601,경+중등도
0.3022420154695817,경+중등도
0.14077245193514473,경+중등도
0.035043430882492406,경+중등도
0.7664173099423995,치명
0.14331011872734745,경+중등도
0.1642927664135938,경+중등도
0.0402742943545972,경+중등도
0.25703280848866944,경+중등도
0.18347458472779046,경+중등도
0.2792014810397683,경+중등도
0.3428376810896732,경+중등도
0.6558507078196002,경+중등도
0.04046941804572788,경+중등도
0.30217843308973424,경+중등도
0.11560254334845883,경+중등도
0.4927325437623069,경+중등도
0.6273517979692969,경+중등도
0.8053317900971889,치명
0.44179220317952544,경+중등도
0.26119855364800565,경+중등도
0.0030846450526345603,경+중등도
0.3395174561861211,경+중등도
0.1589419581959126,경+중등도
0.2019707908367705,경+중등도
0.2164661116854979,중상
0.09294502909020748,경+중등도
0.2713717351541443,경+중등도
0.12038841694083985,경+중등도
0.5853324652835394,경+중등도
0.1220457425162632,경+중등도
0.003933647556743373,중상
0.18034761159149296,경+중등도
0.1760977920188227,경+중등도
0.27860080327780756,경+중등도
0.06221862106498124,경+중등도
0.18540627660192296,경+중등도
0.19821286971612526,중상
0.0849839303639905,경+중등도
0.07631631791708561,경+중등도
0.1897072691202053,중상
0.10676478501944492,경+중등도
0.14017818334376828,경+중등도
0.043307120074114684,경+중등도
0.09456024595097119,경+중등도
0.32776603122467823,경+중등도
0.09406268612661313,경+중등도
0.5843318363112798,경+중등도
0.08003734928462687,중상
0.3667514768824655,경+중등도
0.0792183052879517,경+중등도
0.5862073856744535,경+중등도
0.0380183027184399,경+중등도
0.7464721335283594,치명
0.05139217002519061,경+중등도
0.111955693291577,경+중등도
0.14052355501555613,경+중등도
0.5651317044642957,경+중등도
0.23106206963634188,경+중등도
0.1769183857819494,경+중등도
0.22037255592811408,경+중등도
0.11538095760205543,경+중등도
0.3922910780858488,경+중등도
0.011419501107036663,경+중등도
0.26618904915760727,중상
0.2862342988141208,경+중등도
0.13534671632264525,경+중등도
0.06423459539893046,경+중등도
0.08517474074802756,경+중등도
0.18916463061115116,경+중등도
0.11306746493518428,경+중등도
0.17597911925224505,경+중등도
0.04520241034973651,경+중등도
0.29427754302491316,경+중등도
0.2113447342996254,경+중등도
0.4578668472963529,경+중등도
0.06865795771080872,경+중등도
0.09558922676957915,경+중등도
0.021808608257046714,중상
0.43480541433019776,경+중등도
0.2856467685354834,경+중등도
0.15811803241269015,경+중등도
0.12874660683557085,경+중등도
0.09631355332586798,경+중등도
0.6711761261764443,치명
0.8536739697751559,경+중등도
0.2192328443541551,경+중등도
0.2520001418211903,경+중등도
0.16230279234881403,경+중등도
0.05288388842042933,경+중등도
0.3964075417721304,경+중등도
0.35979350148877853,경+중등도
0.3758873734332399,경+중등도
0.0871130071797741,경+중등도
0.372254594926056,경+중등도
0.2419524212043784,경+중등도
0.27873975942721624,치명
0.06831555996362294,경+중등도
0.06953083595178688,경+중등도
0.18492569494264702,중상
0.08328018793134821,경+중등도
0.20201346703593734,경+중등도
0.004074788539456021,중상
0.5197769371021794,중상
0.08667334739658727,경+중등도
0.04533332835939099,경+중등도
0.5038089883453356,경+중등도
0.18720580464140135,경+중등도
0.061286902775154806,경+중등도
0.08453259094664707,경+중등도
0.19999936778793595,경+중등도
0.5202737150328698,경+중등도
0.5848853781198359,경+중등도
0.37497540015313285,경+중등도
0.029276045531594994,경+중등도
0.014948783634130524,경+중등도
0.4106632967052968,경+중등도
0.1876877117401422,경+중등도
0.17836553342106468,경+중등도
0.005571725178398678,경+중등도
0.14221082740441335,경+중등도
0.08875164389285241,경+중등도
0.3133864543279321,경+중등도
0.08624896527454155,경+중등도
0.015627537290967806,경+중등도
0.6071908120172254,치명
0.15951647444248587,경+중등도
0.006921630109702604,중상
0.17065473288580454,경+중등도
0.178266289600314,경+중등도
0.16415757754645052,경+중등도
0.34903018342457703,경+중등도
0.40409801777498267,경+중등도
0.049411594144229264,경+중등도
0.1618062953886038,중상
0.9043820978488536,중상
0.08958113136300816,경+중등도
0.09361173387708599,경+중등도
0.2291351996547708,경+중등도
0.13273091341017765,경+중등도
0.055133284502982376,경+중등도
0.4807193099306089,경+중등도
0.18624295536411398,경+중등도
0.11088866245946472,경+중등도
0.23913938991499858,경+중등도
0.08528580976323913,경+중등도
0.0494880170459964,경+중등도
0.0813174245666835,경+중등도
0.27066418465096076,경+중등도
0.2524188100139399,경+중등도
0.04444131129569787,경+중등도
0.09587407248265571,경+중등도
0.1339114207625775,경+중등도
0.09350182143054601,경+중등도
0.058159664837010495,경+중등도
0.1525719456629925,경+중등도
0.1279239732963907,경+중등도
0.10256024516168337,경+중등도
0.016828566209988165,경+중등도
0.07544065563808645,경+중등도
0.7032325177133946,경+중등도
0.14981911357485386,경+중등도
0.1269616597455945,경+중등도
0.20456082089478791,경+중등도
0.20405215563841894,경+중등도
0.1413493485624487,중상
0.6809574045864851,치명
0.6564073266922208,치명
0.8469770139711582,치명
0.09643120605851403,경+중등도
0.06060095287210352,경+중등도
0.002489702242713758,중상
0.019328923517781208,경+중등도
0.03378818534808083,경+중등도
0.12976889635143207,경+중등도
0.648064177863662,경+중등도
0.4970335083252146,경+중등도
0.16251107742944104,경+중등도
0.21140974082435196,경+중등도
0.08163261962660903,중상
0.2999078909813296,경+중등도
0.09044800136459515,경+중등도
0.13038235759013153,경+중등도
0.31384663544543634,치명
0.17618337809852572,경+중등도
0.030070413624592462,경+중등도
0.2392597602501263,경+중등도
0.07193433968461334,경+중등도
0.06299276009423135,경+중등도
0.09893426716395388,경+중등도
0.07796113939059017,경+중등도
0.11686034351881537,경+중등도
0.20190526686850388,경+중등도
0.108492832669903,경+중등도
0.14418966614991854,경+중등도
0.7678702817973465,치명
0.06948805719696222,경+중등도
0.09660372012257686,경+중등도
0.07700449115891794,경+중등도
0.5991476940827232,경+중등도
0.24019553165178983,치명
0.38716990086280684,경+중등도
0.027556646651549443,경+중등도
0.1741203217801063,경+중등도
0.040107352101598825,경+중등도
0.011947815082668985,경+중등도
0.23172541421347034,경+중등도
0.7292863755937052,경+중등도
0.233949190070008,경+중등도
0.00599358548830367,중상
0.23316425656593953,경+중등도
0.2575972195464549,경+중등도
0.5679313503874813,경+중등도
0.08693346905807091,경+중등도
0.0467224086851804,경+중등도
0.22250141786030522,경+중등도
0.3699316342665304,경+중등도
0.41567177354905244,경+중등도
0.3436806828908509,경+중등도
0.06637364033286951,경+중등도
0.450861417495922,경+중등도
0.14302242748500735,경+중등도
0.08708919544158213,경+중등도
0.10530207111622052,경+중등도
0.06250591029233993,경+중등도
0.08705164767747413,경+중등도
0.1538859620181056,경+중등도
0.13912366960699615,경+중등도
0.15767059234234018,경+중등도
0.19690126564912983,경+중등도
0.07870602365457208,경+중등도
0.041784149078824724,중상
0.11080994605736132,경+중등도
0.2237987531357152,경+중등도
0.37733863147330454,경+중등도
0.1278504139084692,경+중등도
0.1236805152954737,경+중등도
0.11433582887178662,경+중등도
0.30840842514889183,경+중등도
0.6133642064562612,경+중등도
0.04879949085398625,경+중등도
0.014342422806957059,중상
0.2583251252045761,중상
0.3625184559360021,경+중등도
0.4107840648169849,경+중등도
0.09168942388819462,경+중등도
0.4660184298573757,경+중등도
0.18834068599044898,치명
0.13377616632948477,경+중등도
0.15256821671001194,경+중등도
0.056398550754312625,경+중등도
0.8363405858761617,경+중등도
0.03099560967350824,경+중등도
0.12596507917406494,경+중등도
0.47098505599240675,경+중등도
0.24160958545724387,경+중등도
0.05649595874255897,경+중등도
0.1709892694631154,경+중등도
0.3423000914206154,경+중등도
0.21136877657564712,경+중등도
0.06453606708533151,경+중등도
0.06216640921109112,경+중등도
0.17786731602536088,중상
0.09124022562863414,경+중등도
0.2372074907828623,경+중등도
0.06752065210281573,경+중등도
0.33264836831699446,경+중등도
0.5458060610800411,치명
0.31852559873509523,경+중등도
0.1694637090154915,경+중등도
0.1941673660409241,경+중등도
0.2877317138554321,치명
0.1700478230229107,경+중등도
0.1594537911885944,경+중등도
0.30348338408656145,치명
0.3052100434435085,경+중등도
0.18272087465056996,경+중등도
0.8056950606409515,치명
0.0929238488842804,경+중등도
0.8894343878380441,치명
0.1385491346590058,경+중등도
0.6388394081055208,경+중등도
0.15317703143105244,경+중등도
0.6218273768101965,경+중등도
0.2197616162825897,경+중등도
0.16171695546475018,경+중등도
0.2004980226140921,경+중등도
0.5273028528757719,경+중등도
0.2719038345274853,경+중등도
0.11521756100041863,경+중등도
0.08685488160127397,경+중등도
0.6813578563625069,경+중등도
0.7736302786509727,경+중등도
0.9556912140977145,치명
0.152010310600787,경+중등도
0.0036079397327086586,경+중등도
0.2903132058396439,치명
0.5186987317371361,경+중등도
0.18918627372665275,경+중등도
0.12233527670218451,경+중등도
0.019140313187510485,중상
0.07172454035468867,경+중등도
0.31309809842327735,경+중등도
0.39113703501995106,경+중등도
0.17103495693979562,경+중등도
0.45680493940871286,경+중등도
0.39768053439855033,경+중등도
0.14036752153770105,경+중등도
0.3193785036368717,경+중등도
0.29353118497241876,중상
0.006233575208310977,중상
0.2132655303409867,경+중등도
0.7130831445718274,경+중등도
0.11845219742281403,경+중등도
0.13370449359676453,경+중등도
0.05611838136325195,중상
0.6572780357005863,치명
0.12593634646932525,중상
0.005379681962620122,중상
0.153180240964869,경+중등도
0.9501711431567554,치명
0.520739554779993,경+중등도
0.13755267864769205,경+중등도
0.15069166127166772,경+중등도
0.3210901380740476,경+중등도
0.052294865696549876,경+중등도
0.08187454067147433,경+중등도
0.2563595312710543,경+중등도
0.01382151276930889,경+중등도
0.10336400815383856,경+중등도
0.15664852549167776,경+중등도
0.22294527818167864,경+중등도
0.12727191641968758,경+중등도
0.11085074630763875,경+중등도
0.5167715928689037,경+중등도
0.2715751758759774,경+중등도
0.11032904767981234,경+중등도
0.20961022847302835,경+중등도
0.21362949659921848,경+중등도
0.16493865070879554,경+중등도
0.2696579054217862,경+중등도
0.024084795513020164,경+중등도
0.06380305223899425,경+중등도
0.42542021007413355,경+중등도
0.07146468255501788,중상
0.4312007894529575,경+중등도
0.1856912937817122,경+중등도
0.07152979611915135,경+중등도
0.4052109828597879,경+중등도
0.3483436512720111,경+중등도
0.1288982500762693,중상
0.08654727622101643,경+중등도
0.08076445261240882,경+중등도
0.5231267116454462,경+중등도
0.23109071638331313,경+중등도
0.158025682956641,경+중등도
0.7923645094547354,치명
0.2740269393997539,경+중등도
0.054156156891244873,경+중등도
0.12292741422284846,경+중등도
0.27026586681462045,경+중등도
0.041388702261026436,경+중등도
0.007473983849497208,경+중등도
0.07535154743152844,경+중등도
0.05924685802101642,경+중등도
0.1461103972004887,경+중등도
0.08934368428085467,경+중등도
0.0860664819944913,경+중등도
0.040915282855611135,경+중등도
0.07024208589371773,경+중등도
0.10203539939695515,경+중등도
0.24482662622558746,경+중등도
0.04660094374583803,경+중등도
0.28114462370468346,경+중등도
0.07095218202392715,경+중등도
0.526279605869703,경+중등도
0.33212439323739235,경+중등도
0.09525521501708757,경+중등도
0.009071463930910021,중상
0.5114412506620369,중상
0.384446087918297,경+중등도
0.10807621818082307,경+중등도
0.17419777875242334,경+중등도
0.8466333110202676,치명
0.637957941691479,경+중등도
0.035689485788172576,경+중등도
0.18340221446386487,치명
0.09807132634557035,경+중등도
0.022867345125620938,경+중등도
0.10667503226586332,경+중등도
0.453164630859271,경+중등도
0.0036537097198960544,경+중등도
0.5036543766715118,치명
0.09359628906333427,경+중등도
0.4265346052452735,경+중등도
0.03668576432121746,경+중등도
0.6328735404076045,경+중등도
0.8482401288097238,경+중등도
0.04088151544710585,중상
0.22356708528960087,경+중등도
0.08308199191739533,경+중등도
0.33790236842651744,중상
0.41817248906011306,경+중등도
0.012771357079584678,경+중등도
0.14355615334900607,경+중등도
0.3119400509807784,경+중등도
0.7728257217483049,경+중등도
0.6496965687741013,경+중등도
0.7977136433353585,치명
0.6955655761904428,경+중등도
0.21964629993259066,경+중등도
0.27786833298562763,경+중등도
0.12143776618544648,경+중등도
0.019302950690957,중상
0.06040078782919952,경+중등도
0.03292609521308874,경+중등도
0.0701151209567167,경+중등도
0.030240205145568883,경+중등도
0.1533881911008852,경+중등도
0.10298731544996022,경+중등도
0.5554536078391811,중상
0.6249591682007346,경+중등도
0.1344638541826703,경+중등도
0.07792692936184271,경+중등도
0.09799499760160824,경+중등도
0.13284038854503272,경+중등도
0.2746703380618469,경+중등도
0.04031304145467785,경+중등도
0.06043837409212041,경+중등도
0.152895637430701,경+중등도
0.08753665483549918,경+중등도
0.0557412241769043,경+중등도
0.0964375419669465,경+중등도
0.055281404153983214,경+중등도
0.09489223300561463,경+중등도
0.1835601198668039,경+중등도
0.258504491961508,경+중등도
0.09579501544590707,경+중등도
0.521073774025719,경+중등도
0.5043998094444238,경+중등도
0.3000562600378773,경+중등도
0.135110697660868,경+중등도
0.15075697996938128,경+중등도
0.16023952694955937,경+중등도
0.06416747445675525,경+중등도
0.04714706731996291,경+중등도
0.8073807305928112,경+중등도
0.11466518478546023,경+중등도
0.003438152445012169,중상
0.22126336343547037,경+중등도
0.18752098092381306,경+중등도
0.039469169809632554,중상
0.05373362359287961,경+중등도
0.27572563825816077,경+중등도
0.12182732667353584,경+중등도
0.2575282275186604,경+중등도
0.10643992317179661,경+중등도
0.12453463520947494,경+중등도
0.1529198553463775,경+중등도
0.25529259441145397,경+중등도
0.27331095938479033,경+중등도
0.01689363200815943,경+중등도
0.589847214087548,치명
0.03093483275037921,중상
0.22222339050813433,경+중등도
0.1376766762679901,경+중등도
0.21046336789136713,경+중등도
0.13819511204224813,경+중등도
0.13565088393275085,경+중등도
0.36359292496128265,경+중등도
0.37323547002196045,경+중등도
0.04059369339643259,경+중등도
0.046654359833104675,경+중등도
0.12092936720494248,경+중등도
0.2600104109548563,경+중등도
0.3151086368852161,경+중등도
0.1988523579325808,경+중등도
0.3472635357753519,경+중등도
0.05922967965542738,경+중등도
0.1241648648371042,경+중등도
0.08438176826170536,경+중등도
0.0298041532344975,중상
0.04655990040101917,중상
0.21790349748400017,경+중등도
0.33082823457126936,경+중등도
0.6400112912128311,경+중등도
0.0670657756110402,경+중등도
0.07524983478274501,경+중등도
0.15769786934033692,경+중등도
0.15649496776987395,경+중등도
0.26318997283565954,경+중등도
0.4500978786674192,경+중등도
0.2992343916711975,경+중등도
0.07869102086287694,경+중등도
0.19335044844570212,중상
0.10666047186562598,경+중등도
0.10297919030522625,경+중등도
0.3138627740178929,중상
0.055839150278630824,경+중등도
0.4185733506412652,경+중등도
0.7148105004361618,경+중등도
0.14708016007079375,경+중등도
0.14994340507864498,중상
0.11327809367889048,경+중등도
0.24921650481253432,경+중등도
0.37222592317868347,경+중등도
0.23908137216307312,중상
0.37538674305223624,경+중등도
0.06160867593420998,경+중등도
0.10158535491011271,경+중등도
0.2623978112635303,경+중등도
0.48206916003317685,경+중등도
0.005711407410904872,중상
0.11649165090162489,경+중등도
0.10775147680220974,경+중등도
0.2769800170863234,경+중등도
0.014065010937554795,중상
0.11160120478096151,경+중등도
0.04414091638212744,치명
0.48677289259223055,치명
0.6533187882309716,경+중등도
0.2975230488806901,경+중등도
0.1583670188019615,경+중등도
0.2414933082228162,경+중등도
0.1059815202234744,경+중등도
0.2640127774469696,경+중등도
0.2042279538136497,경+중등도
0.4313923371318172,경+중등도
0.03425922311119245,경+중등도
0.14962227929128372,경+중등도
0.7093519221331303,경+중등도
0.19869360455824928,경+중등도
0.13562304874309425,경+중등도
0.13241752723350644,경+중등도
0.04789798948208381,경+중등도
0.02974177813954547,경+중등도
0.6850194417390684,치명
0.0895285074959421,중상
0.4850993651716438,치명
0.03992786813702147,경+중등도
0.19444645610320213,경+중등도
0.1823814461423807,경+중등도
0.05472502969431852,경+중등도
0.22557612893310655,경+중등도
0.09961280656444403,경+중등도
0.02005141052817686,중상
0.24865252213826103,경+중등도
0.013184894978847122,중상
0.03394342427636376,경+중등도
0.6235023512366553,치명
0.31274477111229515,경+중등도
0.33051343701590324,경+중등도
0.09468819334577061,치명
0.22844523883149112,경+중등도
0.016386339117672507,경+중등도
0.3672919524973411,경+중등도
0.01651027735984129,경+중등도
0.1692873753090558,경+중등도
0.27142339914476943,경+중등도
0.3020927608264716,경+중등도
0.43813964555233725,경+중등도
0.034603225749672124,경+중등도
0.07479594596397442,경+중등도
0.045805230038542914,경+중등도
0.17051165480835317,경+중등도
0.270730133851333,경+중등도
0.09622122848925556,경+중등도
0.7689347033035551,경+중등도
0.19879627387251872,경+중등도
0.03227775990678575,경+중등도
0.1334417135612734,경+중등도
0.350132659147197,경+중등도
0.013968960549571032,경+중등도
0.36882555106348375,경+중등도
0.18979619028112146,경+중등도
0.268204868537095,경+중등도
0.3677906614187983,경+중등도
0.17748886693258262,경+중등도
0.13545575276726518,경+중등도
0.12130453406548526,경+중등도
0.06830623877330744,치명
0.8116742640073027,경+중등도
0.4318160578362235,경+중등도
0.618023712522107,경+중등도
0.265288675663313,경+중등도
0.753876441494494,치명
0.2345512272413314,경+중등도
0.08217664344977017,경+중등도
0.15984395663207157,경+중등도
0.18208830805409507,경+중등도
0.21064025339088077,치명
0.12828279340730966,경+중등도
0.00646229111938301,중상
0.012679920968698707,경+중등도
0.07437923122620642,경+중등도
0.13607058963557164,경+중등도
0.0500229719539425,경+중등도
0.15857377367919592,경+중등도
0.36720465726157353,경+중등도
0.09740814905376712,치명
0.043926218640730506,경+중등도
0.24865252213826103,경+중등도
0.17302276009893977,경+중등도
0.3165880041609307,경+중등도
0.14060777137140643,경+중등도
0.3070839395693297,경+중등도
0.4518732608010653,경+중등도
0.37623615977289654,경+중등도
0.8769504971230134,치명
0.09235934215723872,경+중등도
0.17882277169846442,경+중등도
0.08992348270222376,경+중등도
0.08069127352623176,경+중등도
0.002794016511585291,경+중등도
0.12193330850484825,경+중등도
0.09346870038942152,경+중등도
0.13912041804755645,경+중등도
0.21476753414817903,경+중등도
0.07612182583598569,경+중등도
0.2736200591033591,경+중등도
0.1776083422767065,경+중등도
0.1927753402746104,경+중등도
0.05107678077054852,경+중등도
0.20742476301859628,경+중등도
0.4770260745505468,중상
0.6603395196181984,경+중등도
0.09835737221802265,경+중등도
0.4082817317187895,치명
0.1767344325182049,중상
0.31063852097979133,경+중등도
0.08238134172585233,경+중등도
0.10487717289590559,경+중등도
0.1682111705159909,경+중등도
0.19974533362760072,경+중등도
0.003966168484954359,경+중등도
0.12545671648409004,경+중등도
0.043916357190256446,중상
0.12180709075400394,경+중등도
0.09782920752643672,경+중등도
0.40848542906238966,경+중등도
0.1602565706370547,경+중등도
0.04770334254461267,경+중등도
0.42356084170439573,경+중등도
0.06642505993198328,경+중등도
0.12733649008550002,경+중등도
0.7433743919765452,경+중등도
0.13206096258672076,경+중등도
0.48284720338581355,경+중등도
0.13997903551164137,중상
0.26165507473970845,경+중등도
0.1244994125959127,경+중등도
0.23949530407516564,경+중등도
0.05790654689087748,경+중등도
0.05677825874447847,경+중등도
0.5133695715210386,경+중등도
0.03905818586592726,경+중등도
0.2458871832086084,경+중등도
0.5850513218937161,경+중등도
0.49692399882578964,경+중등도
0.6291153597886786,경+중등도
0.26274442052011104,치명
0.4217214754942185,경+중등도
0.131327274988687,경+중등도
0.27779849592349143,중상
0.07369061449707731,경+중등도
0.17196264787477422,경+중등도
0.028390177409906858,중상
0.35338964970371495,치명
0.18108849304346938,경+중등도
0.13278099305831836,경+중등도
0.036640373354160795,경+중등도
0.06747659849557558,중상
0.15135190851185554,경+중등도
0.14710391735913933,경+중등도
0.22267540826550958,중상
0.20802153461417738,경+중등도
0.34158103196376616,경+중등도
0.1503146529056454,경+중등도
0.05661303122351419,경+중등도
0.03085663923580287,경+중등도
0.08205005769146362,경+중등도
0.0038383113767851257,경+중등도
0.03711232098956317,경+중등도
0.34947164990655577,경+중등도
0.31395916831106696,경+중등도
0.21495215700580284,경+중등도
0.003452934569807434,중상
0.20265223501775909,경+중등도
0.21635592769770232,경+중등도
0.6156455396707882,경+중등도
0.26229303821083033,경+중등도
0.6563015806620058,치명
0.19004609254277308,경+중등도
0.320415454992436,경+중등도
0.04127288524398404,경+중등도
0.4425398044179986,치명
0.4713893538595289,경+중등도
0.0835103376079875,경+중등도
0.07501928959479935,치명
0.2860166632445432,치명
0.0119164010138648,경+중등도
0.30429429554503057,경+중등도
0.05057471269665239,경+중등도
0.7624207791049598,경+중등도
0.08406447988978777,경+중등도
0.05118763195187967,중상
0.2249589080726713,경+중등도
0.07123295960094503,중상
0.4918034521332089,치명
0.07207106103956827,경+중등도
0.18946600054660975,경+중등도
0.2609201157745031,중상
0.11041141664416443,경+중등도
0.16885288837129828,경+중등도
0.19815968730612502,경+중등도
0.36437605515386146,중상
0.40677465282078623,경+중등도
0.3596030321630061,경+중등도
0.06308640257073735,경+중등도
0.1512168099167281,경+중등도
0.008270766525409675,중상
0.1735295060268767,경+중등도
0.33315929977893155,경+중등도
0.7082535731866219,경+중등도
0.5818518817991156,경+중등도
0.025335685808974138,경+중등도
0.23686198165562034,경+중등도
0.11104510163632503,경+중등도
0.04928299398850444,경+중등도
0.019395054642836616,경+중등도
0.19540792728907763,경+중등도
0.1596703516879475,경+중등도
0.3720442654903206,경+중등도
0.14081506750610406,경+중등도
0.047625896757055974,경+중등도
0.1109783790237358,경+중등도
0.0460785587531998,경+중등도
0.22068423172729768,경+중등도
0.13692278361015017,경+중등도
0.07108391118622122,경+중등도
0.03918279706406766,경+중등도
0.010861037218597854,경+중등도
0.3138142307180108,경+중등도
0.14459883639091267,경+중등도
0.17203662184905386,경+중등도
0.2527119943276015,경+중등도
0.5476956888016707,경+중등도
0.21762410528011908,경+중등도
0.006995538532507645,경+중등도
0.37986131907311904,경+중등도
0.11618834208499544,경+중등도
0.05981990997482763,중상
0.07577216389622797,경+중등도
0.18713771980676785,경+중등도
0.4974996775213938,경+중등도
0.2002174542920924,중상
0.033437239395296255,경+중등도
0.15578286804446193,경+중등도
0.054362849811601,경+중등도
0.5407246119159242,경+중등도
0.1356894974597718,경+중등도
0.1340148254969341,경+중등도
0.14874752583826167,중상
0.46437741916412917,경+중등도
0.35020759704688337,경+중등도
0.17280700120041437,경+중등도
0.14834657870340315,경+중등도
0.16863797845026016,중상
0.046717060233145646,중상
0.14899110847548577,경+중등도
0.09697102127756196,경+중등도
0.06342697671808038,중상
0.8425495064443882,치명
0.7509734814235163,치명
0.02683296091589185,경+중등도
0.6848597261643307,경+중등도
0.3181585038603845,경+중등도
0.19272905132894214,경+중등도
0.7218139500587628,경+중등도
0.30795033982352965,경+중등도
0.004265265932621232,중상
0.04159056383028418,경+중등도
0.04930333516885629,경+중등도
0.6303985867780744,경+중등도
0.625614487298467,경+중등도
0.25298730706696654,경+중등도
0.060485515530636434,경+중등도
0.07883849606252105,경+중등도
0.09810734639863404,경+중등도
0.16548072608244258,경+중등도
0.21333545404222864,경+중등도
0.14850747651332252,경+중등도
0.2772109081167235,경+중등도
0.00558859788330502,중상
0.23551360829733858,경+중등도
0.08213911785911364,경+중등도
0.0909862116682409,경+중등도
0.0030204675671732274,중상
0.7761649890358674,경+중등도
0.04176067572627093,경+중등도
0.4263082454374883,경+중등도
0.16703078791846107,경+중등도
0.012964909915916728,경+중등도
0.1495284132578475,경+중등도
0.14900622655492476,경+중등도
0.8183894288370929,치명
0.17275604881715712,경+중등도
0.5519412770925282,경+중등도
0.4205139477559638,경+중등도
0.07092783049686027,경+중등도
0.04254186012506563,경+중등도
0.31253048712763626,경+중등도
0.11101298068920433,경+중등도
0.2648038303934191,경+중등도
0.21193052998709105,경+중등도
0.5761770047771072,경+중등도
0.35135331134667364,경+중등도
0.01812255842293717,경+중등도
0.10686747657736358,경+중등도
0.5333488844767696,경+중등도
0.05594661125877265,경+중등도
0.04565525642171101,중상
0.11289760049742388,경+중등도
0.39668305614938754,경+중등도
0.10613186004060175,경+중등도
0.3379856392460738,경+중등도
0.28607913445621086,경+중등도
0.09951155100776012,경+중등도
0.1062208927407476,경+중등도
0.15917009660461282,경+중등도
0.1824869767381033,경+중등도
0.04740583184340908,경+중등도
0.2594998038586654,치명
0.2195505166982736,경+중등도
0.09919843476462346,경+중등도
0.9314238955531784,경+중등도
0.12442286091278658,경+중등도
0.08454495041521037,경+중등도
0.15283948586778218,경+중등도
0.1464359614499494,치명
0.2376993807840081,경+중등도
0.30897461210283655,경+중등도
0.27955308643430066,경+중등도
0.09658742177022323,경+중등도
0.5739773688031974,경+중등도
0.08855490536677572,경+중등도
0.11091872274526231,경+중등도
0.4428542210404925,경+중등도
0.0669182591575855,중상
0.1814218047315632,경+중등도
0.012910295841149848,중상
0.28337443778308474,경+중등도
0.060558434928693866,경+중등도
0.045846541217141705,경+중등도
0.45184505211672416,경+중등도
0.20679841901022322,경+중등도
0.10414307022197049,경+중등도
0.08851517585169373,경+중등도
0.10590741592712992,중상
0.004227791733512545,중상
0.2956617315530939,경+중등도
0.32379645006238394,경+중등도
0.08769098091129303,경+중등도
0.12274610753592403,경+중등도
0.1384594818710144,경+중등도
0.12784487957152293,경+중등도
0.1991524760385038,경+중등도
0.4107653912456905,경+중등도
0.23059783176078588,경+중등도
0.18898150720731324,경+중등도
0.4206310046796038,치명
0.4459133922607332,경+중등도
0.05286254793620477,경+중등도
0.1697280118043976,경+중등도
0.42765782754429243,경+중등도
0.2741106001584503,경+중등도
0.4106141963955416,경+중등도
0.07540722228598017,경+중등도
0.08443865901328769,경+중등도
0.04082678455734745,경+중등도
0.2039630142408393,경+중등도
0.606570958589673,경+중등도
0.1246847706383059,경+중등도
0.6969769869650989,경+중등도
0.16370140964095528,경+중등도
0.12645783866794066,경+중등도
0.11500288157503868,중상
0.11821726882413701,경+중등도
0.5027569160802267,경+중등도
0.5006303520992803,경+중등도
0.006086452695404375,중상
0.39252675647098395,치명
0.44248730904792444,경+중등도
0.9660427285116846,치명
0.42902747453336937,경+중등도
0.015454967673387198,경+중등도
0.22743538952924433,경+중등도
0.11800384780029265,경+중등도
0.16468569255760443,경+중등도
0.37502159414024994,경+중등도
0.16263289254313187,경+중등도
0.23849029118509565,경+중등도
0.044949993715810134,경+중등도
0.22741928408378953,경+중등도
0.27749769774403893,경+중등도
0.011282429341575764,경+중등도
0.21864951708883287,경+중등도
0.17288003388908726,경+중등도
0.019828195373623746,경+중등도
0.18305372717274385,경+중등도
0.3078870751487249,경+중등도
0.22306188301462004,경+중등도
0.5958487588457867,경+중등도
0.4813646263729005,경+중등도
0.10734113464868912,경+중등도
0.0017113858059361606,중상
0.13694648338902435,경+중등도
0.22923672607956577,경+중등도
0.06733253422511144,경+중등도
0.1703715410100397,경+중등도
0.03303293452539192,경+중등도
0.10161108887933797,경+중등도
0.04599443702883366,경+중등도
0.05016546892042428,경+중등도
0.2565429509544523,경+중등도
0.3772120392611251,경+중등도
0.03182794802705912,경+중등도
0.26296075361304794,경+중등도
0.011286225370845384,경+중등도
0.14808674100739927,경+중등도
0.16627379687638968,경+중등도
0.23576754004535416,경+중등도
0.054313212353174496,경+중등도
0.025673656512139847,경+중등도
0.152007734619167,경+중등도
0.034072934579657745,경+중등도
0.6729972575776313,경+중등도
0.12062672994570228,경+중등도
0.11215794577922655,경+중등도
0.5218290103610543,경+중등도
0.5370027591277274,경+중등도
0.07533210779609834,경+중등도
0.026934546501442485,경+중등도
0.16019292950886163,경+중등도
0.8513920737635995,경+중등도
0.3011767531554809,경+중등도
0.3408993098901378,경+중등도
0.02194530000727271,경+중등도
0.1338593256792306,경+중등도
0.16810524634554214,경+중등도
0.040164926573153355,중상
0.139529844698789,중상
0.3175411057792185,경+중등도
0.07883676148367129,경+중등도
0.13013898226232082,경+중등도
0.16536378546915395,경+중등도
0.19291357958387992,치명
0.15209826386278225,경+중등도
0.5567811841685363,경+중등도
0.08108688317673307,경+중등도
0.38100750421304913,경+중등도
0.10708831195997902,경+중등도
0.09847281378304151,경+중등도
0.22541971143875536,경+중등도
0.05606578048651598,경+중등도
0.0400214836960816,경+중등도
0.3905127881876019,경+중등도
0.16265111828192602,경+중등도
0.2587034966410233,경+중등도
0.18991423109200323,경+중등도
0.3746784435976181,치명
0.44992402689901007,경+중등도
0.06839755671036264,경+중등도
0.5019932388936739,경+중등도
0.5009366562259637,중상
0.061365475495994394,경+중등도
0.027446567447734382,경+중등도
0.26838330845082675,경+중등도
0.17782297752120305,경+중등도
0.09616418135601586,경+중등도
0.2739425783763876,경+중등도
0.11295437219790366,경+중등도
0.47027834894177917,경+중등도
0.05756250076731431,경+중등도
0.12052141029893136,경+중등도
0.1966421975193041,경+중등도
0.11580430687889272,경+중등도
0.18510266454272736,경+중등도
0.20302668895429518,경+중등도
0.09354156723171514,경+중등도
0.06710545333177474,경+중등도
0.2060104801312803,경+중등도
0.08808710505238819,경+중등도
0.13802906017430278,경+중등도
0.7254421609345858,치명
0.01422284987471896,중상
0.20689380709889615,경+중등도
0.2573087411311051,경+중등도
0.5439250905797014,경+중등도
0.16243622176426104,경+중등도
0.1357117625302751,경+중등도
0.026975858416711906,중상
0.2734578266762147,경+중등도
0.1565902101519435,경+중등도
0.6327305586867379,경+중등도
0.18541582173224713,경+중등도
0.22130284838838796,중상
0.2605817462649362,경+중등도
0.48354530199854917,경+중등도
0.3139220689073874,치명
0.4739318639310799,경+중등도
0.13371982647444175,경+중등도
0.16980173665309375,경+중등도
0.19394129500818225,경+중등도
0.07437157492613078,경+중등도
0.6692216796480307,경+중등도
0.1576820924332863,경+중등도
0.352545788598939,경+중등도
0.0538277818468684,경+중등도
0.2903991968802297,경+중등도
0.2235778340331502,경+중등도
0.09078316134892146,경+중등도
0.4476566058846419,경+중등도
0.04935554692316709,경+중등도
0.15511084513854737,경+중등도
0.309225531249311,경+중등도
0.39423463794267044,치명
0.32532491745480985,중상
0.16020925573215447,경+중등도
0.12560359243813876,경+중등도
0.5255043306081105,경+중등도
0.13513741302375082,경+중등도
0.27286078891343385,경+중등도
0.28153685760887426,경+중등도
0.024305873777091248,경+중등도
0.10169369394667493,경+중등도
0.3158268539468149,경+중등도
0.3140664865991581,경+중등도
0.49912329874087186,경+중등도
0.10931864660583485,경+중등도
0.11810911520861557,경+중등도
0.13982961904318467,경+중등도
0.10033700293658737,경+중등도
0.1532413615533091,경+중등도
0.3261827539241571,경+중등도
0.4352719131113309,치명
0.05657376303931797,경+중등도
0.42466976174609833,경+중등도
0.02372260352002903,중상
0.1652719735138698,경+중등도
0.08741373455840962,경+중등도
0.9245426664183597,경+중등도
0.34272885059131714,경+중등도
0.27958840685187286,경+중등도
0.10029526732758524,경+중등도
0.09581559643521383,경+중등도
0.4875164884949714,경+중등도
0.663333359743823,치명
0.3523453536566972,경+중등도
0.9121055970993172,치명
0.1591722166513816,경+중등도
0.3412988623028664,경+중등도
0.41755641017267703,경+중등도
0.3018747386107037,치명
0.060592580585501966,경+중등도
0.0058734411569434765,중상
0.508379880958561,경+중등도
0.11848823665495367,경+중등도
0.471049904852986,경+중등도
0.022628518937251513,경+중등도
0.3864914433152094,경+중등도
0.33462465271425373,경+중등도
0.11469157540827139,경+중등도
0.34808520828389583,경+중등도
0.5633301319055621,경+중등도
0.08093695037494679,경+중등도
0.44970208553711005,치명
0.3267213543931668,경+중등도
0.08128810540706045,경+중등도
0.13004150418047045,경+중등도
0.09061479118510767,경+중등도
0.23698112173180594,중상
0.49278540536028936,경+중등도
0.04855148936598828,중상
0.11744288806421521,경+중등도
0.266777414333265,경+중등도
0.03429739566609354,경+중등도
0.07130912869690968,경+중등도
0.22848543509071237,치명
0.8170195075361933,경+중등도
0.05614872422725995,경+중등도
0.06246128082855363,경+중등도
0.07988815447544594,경+중등도
0.08219964388627035,경+중등도
0.41344888747412506,경+중등도
0.046200075477019154,경+중등도
0.22436559251967436,경+중등도
0.12191667440105748,경+중등도
0.25582585995575463,경+중등도
0.40444018133179993,치명
0.24531764559954583,경+중등도
0.06691350916028715,경+중등도
0.09784396167212124,경+중등도
0.05863725483808563,중상
0.02064457071772333,경+중등도
0.3195804667279161,경+중등도
0.16680424497857727,경+중등도
0.13645891711445843,경+중등도
0.18037629887500647,경+중등도
0.05535318531410194,경+중등도
0.689755971649857,중상
0.18738019737266542,치명
0.9140047653519972,치명
0.08299317805658407,경+중등도
0.005391925692092992,경+중등도
0.7803236136878184,경+중등도
0.14331465110916328,경+중등도
0.3334710179699174,경+중등도
0.23006266846989734,경+중등도
0.24964521848532262,경+중등도
0.17606774102972902,경+중등도
0.3033783490573163,치명
0.206955711190446,중상
0.05884511353707453,경+중등도
0.4238665006817439,경+중등도
0.27286168873637434,경+중등도
0.12977000255105683,경+중등도
0.06139867334497597,경+중등도
0.007877952502122072,중상
0.11152941158731255,경+중등도
0.14258177235218847,경+중등도
0.5812632685699048,경+중등도
0.22274004487851032,중상
0.4180423293861333,경+중등도
0.12100410295474588,경+중등도
0.23974364534395695,경+중등도
0.055359508143867635,경+중등도
0.1609532167467288,경+중등도
0.041393333508616674,경+중등도
0.09961690318170856,경+중등도
0.3803046341141334,경+중등도
0.16716913407630093,경+중등도
0.034662931028386364,경+중등도
0.22022829393458535,경+중등도
0.11376345661857651,경+중등도
0.25326610223180407,경+중등도
0.07741307029223093,경+중등도
0.03198129132133167,중상
0.13330052288095515,경+중등도
0.06497675853415207,경+중등도
0.40950780862996333,경+중등도
0.06639738163306633,경+중등도
0.20111732669661223,경+중등도
0.3908411213005023,경+중등도
0.04705741144130859,경+중등도
0.47778506389155817,치명
0.17659403192930265,경+중등도
0.03786243914811829,경+중등도
0.41937225208077883,경+중등도
0.45954346336873203,경+중등도
0.08399189292866514,경+중등도
0.1200763139033697,경+중등도
0.15101593476266403,경+중등도
0.1157911743295012,경+중등도
0.12418046768762563,경+중등도
0.28590750499470236,경+중등도
0.07332584677046282,경+중등도
0.1355556995098677,경+중등도
0.20185977155243054,경+중등도
0.20044758268830373,경+중등도
0.09299573072233956,경+중등도
0.35971635160066145,치명
0.3768402173289476,경+중등도
0.09943472448518868,경+중등도
0.29854190885386495,경+중등도
0.01518667665072635,경+중등도
0.19675128883078274,경+중등도
0.15687598640086983,경+중등도
0.7743249445210493,경+중등도
0.035295061104041035,경+중등도
0.10978982697006474,경+중등도
0.12948108456759924,경+중등도
0.10456340830606688,경+중등도
0.003369100182743981,경+중등도
0.11113274843612446,경+중등도
0.08358633433190715,경+중등도
0.4224763879780266,경+중등도
0.29450637916748723,경+중등도
0.34372882279351175,경+중등도
0.08177062187891364,경+중등도
0.475002116511754,경+중등도
0.18379787838726447,경+중등도
0.12984211032725146,경+중등도
0.21982539638966392,경+중등도
0.013245062161331542,경+중등도
0.14520368049126087,경+중등도
0.32778017353187755,경+중등도
0.2478498255030059,경+중등도
0.10215071853789438,경+중등도
0.04318598378716271,경+중등도
0.15345760132156505,경+중등도
0.05009761559740746,경+중등도
0.2234061663397321,경+중등도
0.07062358671200963,경+중등도
0.4988421695278625,경+중등도
0.33316398072079795,경+중등도
0.19006300742988694,경+중등도
0.25540549637916493,경+중등도
0.17790660795448396,경+중등도
0.3963798473676791,경+중등도
0.08320046735485083,경+중등도
0.17727073868878143,치명
0.38005720394988357,경+중등도
0.32544346465594187,중상
0.014176687607592988,중상
0.5350032299636475,중상
0.12755225753549915,경+중등도
0.028149320594294855,경+중등도
0.2043350380014608,경+중등도
0.04409267770614241,경+중등도
0.018182378719455394,경+중등도
0.12532865405772664,경+중등도
0.10432679508193997,경+중등도
0.43766333381504197,경+중등도
0.0653381298302973,경+중등도
0.10181733223193741,경+중등도
0.06953409835876902,경+중등도
0.9057641450260042,치명
0.27821191634319486,경+중등도
0.29996622698448844,경+중등도
0.513434507242173,경+중등도
0.2970910115275159,경+중등도
0.48389075283019967,치명
0.11258508923448222,경+중등도
0.07478121782972719,중상
0.14904236438031027,경+중등도
0.03335238183078309,경+중등도
0.3186440028073269,경+중등도
0.257754130496294,경+중등도
0.15446128513649857,경+중등도
0.8278390040184073,경+중등도
0.2247336932380403,경+중등도
0.04145177738258606,중상
0.13793587817525924,경+중등도
0.07451618861206577,경+중등도
0.10817537268774761,경+중등도
0.2031632900232164,경+중등도
0.3812842566506169,경+중등도
0.11883009809668521,경+중등도
0.806724030544362,경+중등도
0.1551229363760028,경+중등도
0.15187468665524914,경+중등도
0.19857663648852916,경+중등도
0.365522370182427,경+중등도
0.3441260449849047,경+중등도
0.15792167163473292,경+중등도
0.821275184931156,경+중등도
0.12658342419023647,경+중등도
0.03816157027529363,경+중등도
0.0949692029623022,경+중등도
0.2521860088542609,경+중등도
0.11982919505647156,경+중등도
0.3291938959364428,경+중등도
0.40928655385961016,경+중등도
0.10649624934523462,경+중등도
0.19872103156662094,중상
0.8273337719104816,치명
0.45427669504716445,경+중등도
0.19661041392638637,경+중등도
0.09597121131768009,경+중등도
0.14290790330474082,경+중등도
0.171054405059442,경+중등도
0.618845449127649,경+중등도
0.11760720329542707,경+중등도
0.23898416248339824,경+중등도
0.04938325937051676,경+중등도
0.12653962731386748,경+중등도
0.2751075892277875,경+중등도
0.023168189488376078,경+중등도
0.14478492912502508,경+중등도
0.5728244537068429,치명
0.3202940491943134,경+중등도
0.25966016374140705,경+중등도
0.2449388799540828,경+중등도
0.9025338923072184,경+중등도
0.722316243288765,경+중등도
0.1408867164937023,경+중등도
0.40506049947251227,경+중등도
0.25040818615132815,경+중등도
0.1873593394525602,경+중등도
0.13695016372889204,경+중등도
0.5216206155547142,경+중등도
0.08704384061185015,중상
0.003807072283080668,경+중등도
0.14737525132196247,경+중등도
0.05168222556452562,경+중등도
0.10120478487649236,중상
0.009729145493405067,경+중등도
0.15767768672237467,경+중등도
0.29061990495831447,경+중등도
0.11464225625456874,경+중등도
0.40921745673304205,경+중등도
0.6044479857138597,경+중등도
0.10949640258206665,경+중등도
0.2767740525439702,경+중등도
0.0032445594672330922,중상
0.008723937472282907,중상
0.12874202047172525,경+중등도
0.12937150325477823,중상
0.050405835765240485,중상
0.02922716789264701,경+중등도
0.04152956101399479,경+중등도
0.32009007280027935,경+중등도
0.17400955622692393,경+중등도
0.17724791658356306,경+중등도
0.20789704815235818,경+중등도
0.30296069259840364,치명
0.4359147720250222,경+중등도
0.06744248587266526,경+중등도
0.023074149087876642,경+중등도
0.22715720641986822,경+중등도
0.062212314665394446,중상
0.7073152609545555,치명
0.28455263544526804,경+중등도
0.4376889085430382,치명
0.15693770750605857,경+중등도
0.07683711832857952,경+중등도
0.07733990914096005,중상
0.17310547879582908,경+중등도
0.7787241708211735,경+중등도
0.3564585063305077,중상
0.16990604408354268,경+중등도
0.10286779844659322,경+중등도
0.04188589278849259,경+중등도
0.3033374930442144,경+중등도
0.0947694908310543,경+중등도
0.053705437288664615,중상
0.3508716678497767,경+중등도
0.6614068283520737,경+중등도
0.024049698340522382,중상
0.030375634695237904,경+중등도
0.11849723310106415,경+중등도
0.0649936792719583,경+중등도
0.1602403917709171,경+중등도
0.34221323942692067,치명
0.015223954614611226,중상
0.06133355158334473,경+중등도
0.13435907394252153,경+중등도
0.039802338103646175,중상
0.37484233141987094,경+중등도
0.2996437593407873,경+중등도
0.08500504777005607,경+중등도
0.06793440330496847,경+중등도
0.19087043060211442,중상
0.2278710165336706,경+중등도
0.4859187877058296,경+중등도
0.17264383422909846,경+중등도
0.09985715995162574,경+중등도
0.10696499629391627,경+중등도
0.0549148347065735,경+중등도
0.6900091162116776,경+중등도
0.4613356894379051,경+중등도
0.05787464940302297,경+중등도
0.341582347237307,경+중등도
0.16521957690046937,경+중등도
0.2893183126322612,경+중등도
0.5443736739348851,경+중등도
0.7680367069879009,중상
0.34628498148981485,경+중등도
0.1542889502432568,경+중등도
0.2028713290477743,경+중등도
0.11662054905109258,경+중등도
0.6158889247258266,경+중등도
0.6707324696957563,경+중등도
0.6557510122945446,경+중등도
0.22279310955079756,경+중등도
0.34780473940681683,경+중등도
0.25136991404540404,경+중등도
0.2784429370319052,경+중등도
0.41234883332954064,경+중등도
0.12363830610465716,경+중등도
0.20678725116854482,경+중등도
0.17546338875438583,경+중등도
0.5817791195178525,경+중등도
0.20542709740114928,중상
0.010817216278025149,중상
0.3551047826856113,경+중등도
0.10171461662843352,경+중등도
0.6300781863871568,경+중등도
0.5226540266591632,경+중등도
0.08687822251526507,경+중등도
0.7751153234500238,치명
0.5115988177395141,경+중등도
0.13139879833268456,경+중등도
0.06746916341583874,경+중등도
0.3373883684324804,경+중등도
0.30377000483315114,경+중등도
0.13963686846413823,경+중등도
0.40310860747140725,경+중등도
0.10753619472381983,경+중등도
0.2674096493337301,경+중등도
0.2728504201294973,경+중등도
0.18699074454891687,경+중등도
0.4767973858841108,경+중등도
0.33656181590968365,경+중등도
0.12178811062561762,경+중등도
0.222272022700722,경+중등도
0.42281886421993803,경+중등도
0.22693795559547392,경+중등도
0.5697733739481808,경+중등도
0.054858973416827606,경+중등도
0.051720026709190826,경+중등도
0.003995067418874693,경+중등도
0.0848800272290652,경+중등도
0.14110653227805633,경+중등도
0.3312854726487917,경+중등도
0.2648600014064728,중상
0.04679387777339142,중상
0.2020306040332224,경+중등도
0.02437077040271841,경+중등도
0.04170039912848037,경+중등도
0.039376976660652326,경+중등도
0.25079738048985517,경+중등도
0.14027871134457356,경+중등도
0.3112117605765131,경+중등도
0.3909340898786054,경+중등도
0.36626215055807876,중상
0.1607109664077793,치명
0.3440552393616933,경+중등도
0.12068351038689433,경+중등도
0.160016376343568,경+중등도
0.34743917218163484,경+중등도
0.0225415045502053,경+중등도
0.6887117641939692,경+중등도
0.18479349607708528,경+중등도
0.3310248946839951,경+중등도
0.40155412327539713,경+중등도
0.08351789141974907,경+중등도
0.08321993729655092,경+중등도
0.13276576897987105,경+중등도
0.16028140335826022,경+중등도
0.00541017906285803,중상
0.3782076060037414,경+중등도
0.0577465149290568,경+중등도
0.1584894605560072,경+중등도
0.31560004683375825,경+중등도
0.08952035932342352,경+중등도
0.3690945802606988,경+중등도
0.3370100805027206,중상
0.707148322582967,경+중등도
0.6005126166094522,경+중등도
0.457421303661447,경+중등도
0.04321246074507023,경+중등도
0.05069097988830199,경+중등도
0.41974744760805405,경+중등도
0.004580086505875065,중상
0.34213366282136387,경+중등도
0.023503650385709198,경+중등도
0.09918146939599808,경+중등도
0.45555621320449635,경+중등도
0.21825476552773013,경+중등도
0.003420293074104509,중상
0.01563679313042012,경+중등도
0.12876092416391494,경+중등도
0.9077591541874536,치명
0.09761533867330345,경+중등도
0.2527256318210532,경+중등도
0.5832277070233723,경+중등도
0.09824951533390341,경+중등도
0.006627705058042016,경+중등도
0.34273138803979447,경+중등도
0.06632788181964137,경+중등도
0.32752084322634856,경+중등도
0.08114832664421172,경+중등도
0.13002100718952267,경+중등도
0.17369151184859377,경+중등도
0.3743397458843325,경+중등도
0.03750116637508777,경+중등도
0.3547277048424224,경+중등도
0.791782136829697,경+중등도
0.13144311811337267,경+중등도
0.09064519786025373,경+중등도
0.36194898599332176,중상
0.2814424787111687,경+중등도
0.7494221218272813,경+중등도
0.04239593102200991,경+중등도
0.36655622820408335,경+중등도
0.4692084565170002,경+중등도
0.11184261104879223,경+중등도
0.14164454665182727,경+중등도
0.34527021703517075,중상
0.09296249733227684,경+중등도
0.27530598867737816,경+중등도
0.024377263015745484,경+중등도
0.14333730326914224,경+중등도
0.7076250089719128,경+중등도
0.16072713981126543,경+중등도
0.1734857422485955,경+중등도
0.18180025245817907,경+중등도
0.5996339827592511,경+중등도
0.4883523016568881,경+중등도
0.17315150336815913,경+중등도
0.22990592316859235,경+중등도
0.1388256379543242,경+중등도
0.3050605997365074,경+중등도
0.20611116404481292,경+중등도
0.7306926285722081,경+중등도
0.18054898743119543,경+중등도
0.10454297672111951,경+중등도
0.585568867402139,치명
0.06619141389735501,경+중등도
0.16509437716647143,경+중등도
0.14296870194658026,경+중등도
0.45843555222575016,경+중등도
0.1108879443190383,경+중등도
0.15416896329716948,경+중등도
0.5263697312288934,경+중등도
0.05776873770794233,경+중등도
0.0440591601866421,경+중등도
0.39242472651027066,경+중등도
0.2663649199658055,경+중등도
0.3976326621346136,경+중등도
0.2625696624666727,경+중등도
0.3348689733361436,치명
0.20717920287242353,경+중등도
0.1876663446966403,경+중등도
0.2040047679359013,경+중등도
0.13702045503198612,경+중등도
0.0902066514540333,경+중등도
0.11500987549552762,경+중등도
0.6076985689537902,경+중등도
0.0915503014019164,경+중등도
0.11920219941335723,경+중등도
0.11958048342061871,경+중등도
0.3358800717585537,경+중등도
0.21527462852304857,치명
0.34764108462496285,경+중등도
0.741205636081013,치명
0.22264897231508293,경+중등도
0.3759924983407432,경+중등도
0.38454821421983804,경+중등도
0.10034677652764039,경+중등도
0.09038532317953551,경+중등도
0.025213579922378705,경+중등도
0.42537443944900805,경+중등도
0.047552460560955266,경+중등도
0.07850813162963532,경+중등도
0.45741099360836834,치명
0.16803113424914087,경+중등도
0.2560303749688957,경+중등도
0.037067727382430915,경+중등도
0.2869787467955031,경+중등도
0.13647277599974472,경+중등도
0.039386107853340326,경+중등도
0.7454377695460536,치명
0.0417475526303818,경+중등도
0.18425374913908044,경+중등도
0.322890922396797,경+중등도
0.07283651279535973,경+중등도
0.028376323874151805,경+중등도
0.004672034664519503,경+중등도
0.030132514849884263,중상
0.14868341168899654,중상
0.6484983821653479,경+중등도
0.016087669357483816,경+중등도
0.055761684533724265,경+중등도
0.30046322126497854,경+중등도
0.15759772823742713,경+중등도
0.13249935046872904,경+중등도
0.7449571937855323,경+중등도
0.44697736635420676,경+중등도
0.047220149296524516,경+중등도
0.04170803368652339,경+중등도
0.1551028225972049,경+중등도
0.1101152565910161,경+중등도
0.028609382085884694,경+중등도
0.02253662008871445,중상
0.07823737519054723,경+중등도
0.33446160352965193,경+중등도
0.1683825232869206,경+중등도
0.42493535552672773,경+중등도
0.07342729344094596,경+중등도
0.3944557595954641,경+중등도
0.18639455136774372,경+중등도
0.2933902882897101,경+중등도
0.04795839579792962,경+중등도
0.025215638038176603,경+중등도
0.054294575058661775,경+중등도
0.2313822075226958,경+중등도
0.25792424839752176,경+중등도
0.19513428504395014,경+중등도
0.034489440082535905,중상
0.15825604229238244,경+중등도
0.26915982533862404,경+중등도
0.17309016422629786,경+중등도
0.4548260070647125,경+중등도
0.03697913096546061,중상
0.37354200047286107,경+중등도
0.11765758002064419,경+중등도
0.21872202840268054,경+중등도
0.36254649873976397,경+중등도
0.7584772025265414,치명
0.0794664394763236,경+중등도
0.02419757041765021,경+중등도
0.07726549031054514,경+중등도
0.08387532790900848,경+중등도
0.14507059591999819,경+중등도
0.9217888905614194,치명
0.5136218750005771,경+중등도
0.1056848260668079,경+중등도
0.027960624548275078,경+중등도
0.0369030263373355,경+중등도
0.20800455846903468,경+중등도
0.6782880431132283,경+중등도
0.14249555822396875,치명
0.26766693212560716,중상
0.3590395703203197,경+중등도
0.6711237917124772,경+중등도
0.049206143110701976,경+중등도
0.1644558087963108,중상
0.13913390033810283,경+중등도
0.5311654998696069,중상
0.12205467650157314,경+중등도
0.22260918428049292,경+중등도
0.06355888400893026,경+중등도
0.2011530082609098,경+중등도
0.410179144993062,경+중등도
0.31849669320927537,경+중등도
0.16727869076048407,경+중등도
0.14344590776515612,경+중등도
0.5521393350989628,경+중등도
0.09267311251650479,경+중등도
0.07092101360481969,경+중등도
0.06804450909330288,중상
0.2614389131726185,경+중등도
0.22583054826239243,경+중등도
0.19008322018639026,경+중등도
0.24382949204535734,경+중등도
0.12006680835391714,경+중등도
0.3556254309351668,경+중등도
0.09870972942769347,경+중등도
0.18778883030198215,경+중등도
0.010641214802225315,경+중등도
0.03243055196985729,경+중등도
0.14617271538898938,경+중등도
0.14189192854848884,경+중등도
0.2882137788733677,경+중등도
0.09028372889597236,중상
0.36013776779787715,치명
0.5646660816616272,경+중등도
0.4857838189456995,경+중등도
0.1513157556298883,경+중등도
0.22907619022920475,경+중등도
0.14414544299506551,경+중등도
0.7105324833295633,치명
0.2600388790294776,중상
0.2534566036011298,경+중등도
0.24433419289604694,경+중등도
0.5110611173168117,경+중등도
0.8828439290829245,치명
0.0417616865559168,경+중등도
0.043344065060606896,경+중등도
0.1147412131217523,경+중등도
0.09063657718191287,경+중등도
0.1710847227054393,경+중등도
0.7147043301236371,치명
0.48821848508246557,경+중등도
0.29777439293840097,경+중등도
0.06437626502535988,경+중등도
0.0038482459795676654,경+중등도
0.1812109465807242,경+중등도
0.39839069598744653,경+중등도
0.4963442901800541,경+중등도
0.24604219781649528,경+중등도
0.20918180103466613,경+중등도
0.38230806277768536,경+중등도
0.636344883266908,경+중등도
0.2781916140667348,경+중등도
0.05208465856777284,경+중등도
0.4849185144603818,경+중등도
0.509491247237254,경+중등도
0.2170300965983413,경+중등도
0.10484178525209488,경+중등도
0.13840767117206212,중상
0.18198563450872238,경+중등도
0.411041528188989,경+중등도
0.07058079605470717,중상
0.538234898459236,치명
0.6032296422218338,치명
0.047335005994024036,경+중등도
0.04287626976781023,경+중등도
0.5526910926008188,경+중등도
0.7476515956095563,경+중등도
0.4626737407331398,경+중등도
0.1515146043684193,경+중등도
0.04359533331237527,경+중등도
0.1771705553653176,경+중등도
0.15273371024721916,경+중등도
0.20778005288487766,경+중등도
0.1085057153451362,경+중등도
0.03736328160125085,경+중등도
0.09720493156744814,경+중등도
0.6956707543784125,치명
0.7256591365070083,경+중등도
0.14320442915913145,경+중등도
0.32038568611459556,경+중등도
0.28364922892245215,경+중등도
0.3620958806898001,경+중등도
0.19829402718489222,경+중등도
0.21737984805943814,경+중등도
0.1090165390342719,경+중등도
0.08642937234874827,경+중등도
0.20178536622925933,경+중등도
0.7414047121253279,경+중등도
0.4188389895569559,경+중등도
0.20417012680471514,경+중등도
0.7399430051191046,경+중등도
0.21880246896079755,중상
0.25084646880050826,경+중등도
0.0023866508137397545,중상
0.10394411499687038,경+중등도
0.19923152161610846,경+중등도
0.46661375491011237,경+중등도
0.07832142769525378,경+중등도
0.10860203234271748,경+중등도
0.15537802625503574,경+중등도
0.05521254926458783,경+중등도
0.21712951184025417,경+중등도
0.11788662766283853,경+중등도
0.2696252508313497,경+중등도
0.034068124805844334,경+중등도
0.049005900460689984,경+중등도
0.09938566185451768,경+중등도
0.2143216266147261,경+중등도
0.4909741629064019,경+중등도
0.5408723819440574,경+중등도
0.17031994004068726,중상
0.08901289758939729,경+중등도
0.27884682278156,경+중등도
0.8284292299625955,경+중등도
0.0830168654266269,경+중등도
0.26213710890093567,경+중등도
0.4728905116977158,경+중등도
0.14381455154693681,중상
0.04943977613295114,경+중등도
0.08678368850079558,경+중등도
0.4518616293832072,경+중등도
0.1386308065551948,경+중등도
0.010169009510274793,중상
0.15298102766569505,경+중등도
0.15721716670812702,중상
0.2531643803867734,경+중등도
0.00461394768609535,중상
0.32303217864306494,경+중등도
0.401718101393678,경+중등도
0.5322170197061455,치명
0.3103116702566355,경+중등도
0.2593327415643656,경+중등도
0.47840745951195723,경+중등도
0.23540897766288685,경+중등도
0.12507127857756573,경+중등도
0.45410729410798406,경+중등도
